point_id,region_id,region,latitude,longitude,DW_LABEL_2018,DW_LABEL_2024,class_2018,class_2024,prediction_2018,confidence_2018,prediction_2024,confidence_2024,class_2018_name,class_2024_name,prediction_2018_name,prediction_2024_name,change_type
0.0,1,Nashik,19.9352780378878,73.65758630020119,5,5,1,1,2,0.59606,2,0.521596,Vegetation,Vegetation,Agriculture,Agriculture,No Change
1.0,1,Nashik,20.034002887612537,73.83230862296244,5,6,1,3,1,0.695687,3,0.769081,Vegetation,Built-up,Vegetation,Built-up,Vegetation Loss
2.0,1,Nashik,19.9382424783254,73.74714833402791,5,1,1,1,1,0.514113,1,0.652984,Vegetation,Vegetation,Vegetation,Vegetation,No Change
3.0,1,Nashik,19.97803784541189,73.677169573395,4,4,2,2,2,0.830696,2,0.810629,Agriculture,Agriculture,Agriculture,Agriculture,No Change
4.0,1,Nashik,20.01980950612345,73.74660934485743,4,4,2,2,2,0.888244,2,0.667302,Agriculture,Agriculture,Agriculture,Agriculture,No Change
5.0,1,Nashik,19.87491125079497,73.8229661440076,1,4,1,2,1,0.788343,1,0.84701,Vegetation,Agriculture,Vegetation,Vegetation,No Change
6.0,1,Nashik,20.055382791374583,73.84470537388329,5,5,1,1,1,0.483509,1,0.489442,Vegetation,Vegetation,Vegetation,Vegetation,No Change
7.0,1,Nashik,20.0322062570443,73.81856439911542,4,6,2,3,2,0.730463,3,0.651737,Agriculture,Built-up,Agriculture,Built-up,Urban Expansion
8.0,1,Nashik,20.04613014394815,73.93013515740306,4,4,2,2,2,0.572541,2,0.913732,Agriculture,Agriculture,Agriculture,Agriculture,No Change
9.0,1,Nashik,20.03696732805013,73.83365609588861,4,4,2,2,2,0.721747,2,0.878339,Agriculture,Agriculture,Agriculture,Agriculture,No Change
10.0,1,Nashik,20.02933164813512,73.78299111386428,6,6,3,3,3,0.906592,3,0.800273,Built-up,Built-up,Built-up,Built-up,No Change
11.0,1,Nashik,20.021785799748518,73.85431734742338,4,4,2,2,2,0.867183,2,0.817786,Agriculture,Agriculture,Agriculture,Agriculture,No Change
12.0,1,Nashik,19.979115823752835,73.71094622807789,4,4,2,2,2,0.861888,2,0.837855,Agriculture,Agriculture,Agriculture,Agriculture,No Change
13.0,1,Nashik,19.874731587738147,73.90049075302711,4,5,2,1,2,0.846895,1,0.763251,Agriculture,Vegetation,Agriculture,Vegetation,Vegetation Gain
14.0,1,Nashik,19.967527556587694,73.707263135413,4,5,2,1,2,0.770829,1,0.840091,Agriculture,Vegetation,Agriculture,Vegetation,Vegetation Gain
15.0,1,Nashik,20.025019734771345,73.76403666136936,4,6,2,3,2,0.643093,3,0.616947,Agriculture,Built-up,Agriculture,Built-up,Urban Expansion
16.0,1,Nashik,19.931505113694502,73.93372841853953,4,4,2,2,2,0.925126,2,0.869183,Agriculture,Agriculture,Agriculture,Agriculture,No Change
17.0,1,Nashik,20.068767689107965,73.73340411018089,4,4,2,2,2,0.684641,2,0.795292,Agriculture,Agriculture,Agriculture,Agriculture,No Change
18.0,1,Nashik,20.07065415120461,73.93444707076684,4,4,2,2,2,0.782592,2,0.545274,Agriculture,Agriculture,Agriculture,Agriculture,No Change
19.0,1,Nashik,19.924677917535192,73.77715206451751,4,4,2,2,2,0.777441,2,0.853184,Agriculture,Agriculture,Agriculture,Agriculture,No Change
20.0,1,Nashik,19.891260588965945,73.85692246174732,4,4,2,2,2,0.597769,2,0.880495,Agriculture,Agriculture,Agriculture,Agriculture,No Change
21.0,1,Nashik,20.103981648245448,73.91926554246521,6,6,3,3,1,0.525415,3,0.663127,Built-up,Built-up,Vegetation,Built-up,Vegetation Loss
22.0,1,Nashik,19.85460932537387,73.90067041608394,1,1,1,1,1,0.584322,2,0.484591,Vegetation,Vegetation,Vegetation,Agriculture,Agriculture Gain
23.0,1,Nashik,20.06670156395449,73.94504719111944,4,4,2,2,2,0.895156,2,0.882967,Agriculture,Agriculture,Agriculture,Agriculture,No Change
24.0,1,Nashik,20.137758302928344,73.68561373706572,6,6,3,3,3,0.644531,3,0.645681,Built-up,Built-up,Built-up,Built-up,No Change
25.0,1,Nashik,20.007053429088952,73.92420627652787,4,6,2,3,2,0.517436,3,0.67826,Agriculture,Built-up,Agriculture,Built-up,Urban Expansion
26.0,1,Nashik,19.996004151094283,73.87381078908876,6,6,3,3,3,0.737414,3,0.621755,Built-up,Built-up,Built-up,Built-up,No Change
27.0,1,Nashik,20.01702472874268,73.66621012692875,0,4,0,2,0,0.95625,2,0.680578,Water,Agriculture,Water,Agriculture,Water Loss
28.0,1,Nashik,20.040919915300258,73.93516572299413,4,4,2,2,2,0.683268,2,0.804604,Agriculture,Agriculture,Agriculture,Agriculture,No Change
29.0,1,Nashik,20.073438928585382,73.94432853889215,4,4,2,2,2,0.521453,3,0.356316,Agriculture,Agriculture,Agriculture,Built-up,Urban Expansion
30.0,1,Nashik,19.9375238260981,73.79763365299543,4,4,2,2,2,0.689484,2,0.688006,Agriculture,Agriculture,Agriculture,Agriculture,No Change
31.0,1,Nashik,19.99510583581016,73.88512956166866,4,4,2,2,1,0.636601,2,0.629683,Agriculture,Agriculture,Vegetation,Agriculture,Agriculture Gain
32.0,1,Nashik,19.943183212388053,73.69235110169662,5,5,1,1,1,0.561055,1,0.675348,Vegetation,Vegetation,Vegetation,Vegetation,No Change
33.0,1,Nashik,20.06131167224977,73.91118070490813,4,4,2,2,2,0.809915,2,0.652225,Agriculture,Agriculture,Agriculture,Agriculture,No Change
34.0,1,Nashik,20.0156772558165,73.91423497687414,4,4,2,2,2,0.493651,1,0.479556,Agriculture,Agriculture,Agriculture,Vegetation,Vegetation Gain
35.0,1,Nashik,20.066162574784016,73.69962745549799,4,1,2,1,2,0.813093,1,0.663803,Agriculture,Vegetation,Agriculture,Vegetation,Vegetation Gain
36.0,1,Nashik,20.05448447609046,73.6945070583785,6,6,3,3,3,0.834995,3,0.581323,Built-up,Built-up,Built-up,Built-up,No Change
37.0,1,Nashik,19.92225246626807,73.92663172779498,4,4,2,2,2,0.925189,2,0.884891,Agriculture,Agriculture,Agriculture,Agriculture,No Change
38.0,1,Nashik,20.11970216571754,73.88512956166866,4,4,2,2,2,0.741073,2,0.795233,Agriculture,Agriculture,Agriculture,Agriculture,No Change
39.0,1,Nashik,20.116558062223124,73.86931921266816,4,4,2,2,2,0.761543,2,0.762866,Agriculture,Agriculture,Agriculture,Agriculture,No Change
40.0,1,Nashik,20.06643206936925,73.90462300333407,4,6,2,3,2,0.856156,3,0.674581,Agriculture,Built-up,Agriculture,Built-up,Urban Expansion
41.0,1,Nashik,19.851555053407864,73.8537783582529,6,6,3,3,3,0.822483,3,0.856845,Built-up,Built-up,Built-up,Built-up,No Change
42.0,1,Nashik,19.89925559499461,73.66576096928668,0,0,0,0,0,1.0,0,0.999855,Water,Water,Water,Water,No Change
43.0,1,Nashik,19.997531287077287,73.77607408617656,6,6,3,3,3,0.809151,3,0.578424,Built-up,Built-up,Built-up,Built-up,No Change
44.0,1,Nashik,19.862245005288887,73.7170547720099,1,1,1,1,1,0.727207,1,0.551193,Vegetation,Vegetation,Vegetation,Vegetation,No Change
45.0,1,Nashik,19.95953255055903,73.72298365288509,4,6,2,3,2,0.412564,3,0.921135,Agriculture,Built-up,Agriculture,Built-up,Urban Expansion
46.0,1,Nashik,19.974534415803827,73.89680766036223,5,7,1,4,1,0.549641,4,0.979287,Vegetation,Barren,Vegetation,Barren,Vegetation Loss
47.0,1,Nashik,20.023402767259928,73.8116473714277,6,4,3,2,3,0.675307,2,0.79024,Built-up,Agriculture,Built-up,Agriculture,Other Change
48.0,1,Nashik,19.930876292995617,73.79008780460882,4,4,2,2,2,0.82262,2,0.770105,Agriculture,Agriculture,Agriculture,Agriculture,No Change
49.0,1,Nashik,20.089967929813184,73.75505350852816,4,4,2,2,2,0.779829,2,0.75493,Agriculture,Agriculture,Agriculture,Agriculture,No Change
50.0,1,Nashik,19.97516323650271,73.7222650006578,6,6,3,3,3,0.880897,3,0.801254,Built-up,Built-up,Built-up,Built-up,No Change
51.0,1,Nashik,19.98827863965085,73.92133166761869,6,6,3,3,3,0.628495,3,0.651034,Built-up,Built-up,Built-up,Built-up,No Change
52.0,1,Nashik,20.060143862380414,73.89123810560068,5,5,1,1,3,0.506665,3,0.415737,Vegetation,Vegetation,Built-up,Built-up,No Change
53.0,1,Nashik,20.12221744851308,73.93669285897712,5,5,1,1,1,0.700653,1,0.76645,Vegetation,Vegetation,Vegetation,Vegetation,No Change
54.0,1,Nashik,20.079457640988988,73.77050453141501,5,5,1,1,1,0.598341,1,0.886813,Vegetation,Vegetation,Vegetation,Vegetation,No Change
55.0,1,Nashik,19.993938025940807,73.91486379757302,4,4,2,2,2,0.81896,2,0.896749,Agriculture,Agriculture,Agriculture,Agriculture,No Change
56.0,1,Nashik,20.13425487332028,73.8612343751111,4,4,2,2,2,0.859646,2,0.687121,Agriculture,Agriculture,Agriculture,Agriculture,No Change
57.0,1,Nashik,19.97390559510494,73.70097492842417,4,4,2,2,2,0.813681,2,0.927021,Agriculture,Agriculture,Agriculture,Agriculture,No Change
58.0,1,Nashik,20.070115162034146,73.87273281074782,5,5,1,1,1,0.36637,1,0.575857,Vegetation,Vegetation,Vegetation,Vegetation,No Change
59.0,1,Nashik,20.083679722824343,73.77625374923338,4,6,2,3,2,0.784205,3,0.943074,Agriculture,Built-up,Agriculture,Built-up,Urban Expansion
60.0,1,Nashik,20.03867412708996,73.85368852672448,4,4,2,2,2,0.771869,2,0.823112,Agriculture,Agriculture,Agriculture,Agriculture,No Change
61.0,1,Nashik,19.86098736389112,73.68211030745766,4,6,2,3,2,0.657582,3,0.783742,Agriculture,Built-up,Agriculture,Built-up,Urban Expansion
62.0,1,Nashik,20.07721185277869,73.88989063267451,4,4,2,2,2,0.447435,2,0.425159,Agriculture,Agriculture,Agriculture,Agriculture,No Change
63.0,1,Nashik,20.036697833464896,73.8695887072534,4,4,2,2,2,0.685453,2,0.61648,Agriculture,Agriculture,Agriculture,Agriculture,No Change
64.0,1,Nashik,19.889823284511355,73.69917829785592,4,5,2,1,2,0.787172,1,0.679064,Agriculture,Vegetation,Agriculture,Vegetation,Vegetation Gain
65.0,1,Nashik,19.920635498756656,73.79475904408625,4,4,2,2,2,0.874248,2,0.674282,Agriculture,Agriculture,Agriculture,Agriculture,No Change
66.0,1,Nashik,19.945429000598352,73.71983954939067,1,1,1,1,1,0.645845,1,0.90389,Vegetation,Vegetation,Vegetation,Vegetation,No Change
67.0,1,Nashik,19.905992959625507,73.73547023533436,4,6,2,3,2,0.83558,3,0.490568,Agriculture,Built-up,Agriculture,Built-up,Urban Expansion
68.0,1,Nashik,19.960610528899974,73.77517577089245,6,6,3,3,3,0.494151,3,0.953743,Built-up,Built-up,Built-up,Built-up,No Change
69.0,1,Nashik,19.90769975866533,73.94783196850021,5,4,1,2,3,0.411462,3,0.550038,Vegetation,Agriculture,Built-up,Built-up,No Change
70.0,1,Nashik,20.003011010310416,73.80517950138203,6,6,3,3,3,0.92547,3,0.939979,Built-up,Built-up,Built-up,Built-up,No Change
71.0,1,Nashik,19.93240342897862,73.88054815371966,0,0,0,0,0,0.877211,0,0.658825,Water,Water,Water,Water,No Change
72.0,1,Nashik,20.117007219865183,73.90004159538505,7,7,4,4,4,0.986869,4,0.982288,Barren,Barren,Barren,Barren,No Change
73.0,1,Nashik,19.891619915079595,73.87273281074782,4,4,2,2,2,0.659259,2,0.487389,Agriculture,Agriculture,Agriculture,Agriculture,No Change
74.0,1,Nashik,19.964293621564863,73.92492492875516,4,5,2,1,2,0.700096,1,0.67171,Agriculture,Vegetation,Agriculture,Vegetation,Vegetation Gain
75.0,1,Nashik,19.94012894042205,73.68031367688941,4,5,2,1,2,0.890135,1,0.64203,Agriculture,Vegetation,Agriculture,Vegetation,Vegetation Gain
76.0,1,Nashik,20.086823826318767,73.86788190821358,5,5,1,1,1,0.765493,1,0.945343,Vegetation,Vegetation,Vegetation,Vegetation,No Change
77.0,1,Nashik,20.130841275240623,73.6584846154853,5,5,1,1,1,0.631873,1,0.647794,Vegetation,Vegetation,Vegetation,Vegetation,No Change
78.0,1,Nashik,19.91955752041571,73.93076397810194,4,4,2,2,2,0.905707,2,0.743669,Agriculture,Agriculture,Agriculture,Agriculture,No Change
79.0,1,Nashik,20.01774338096997,73.75550266617022,6,6,3,3,3,0.811811,3,0.848235,Built-up,Built-up,Built-up,Built-up,No Change
80.0,1,Nashik,19.87491125079497,73.94486752806262,4,4,2,2,2,0.66155,2,0.761399,Agriculture,Agriculture,Agriculture,Agriculture,No Change
81.0,1,Nashik,20.11610890458106,73.84668166750835,4,4,2,2,2,0.658209,2,0.742335,Agriculture,Agriculture,Agriculture,Agriculture,No Change
82.0,1,Nashik,19.881199457783808,73.87066668559434,4,4,2,2,2,0.572763,2,0.502318,Agriculture,Agriculture,Agriculture,Agriculture,No Change
83.0,1,Nashik,19.973636100519705,73.81524063256417,6,6,3,3,3,0.724811,3,0.605876,Built-up,Built-up,Built-up,Built-up,No Change
84.0,1,Nashik,20.10227484920562,73.73511090922071,1,1,1,1,1,0.640475,1,0.748964,Vegetation,Vegetation,Vegetation,Vegetation,No Change
85.0,1,Nashik,19.90329801377315,73.85503599965067,4,4,2,2,2,0.694164,2,0.595837,Agriculture,Agriculture,Agriculture,Agriculture,No Change
86.0,1,Nashik,20.099310408768027,73.70519701025952,4,4,2,2,2,0.736562,2,0.832162,Agriculture,Agriculture,Agriculture,Agriculture,No Change
87.0,1,Nashik,20.107664740910337,73.69172228099774,4,4,2,2,2,0.600452,2,0.664343,Agriculture,Agriculture,Agriculture,Agriculture,No Change
88.0,1,Nashik,19.926115221989782,73.71157504877678,4,6,2,3,2,0.64811,3,0.942105,Agriculture,Built-up,Agriculture,Built-up,Urban Expansion
89.0,1,Nashik,20.14224987934894,73.92043335233457,6,6,3,3,3,0.82574,3,0.720738,Built-up,Built-up,Built-up,Built-up,No Change
90.0,1,Nashik,20.0322062570443,73.73556006686277,1,1,1,1,1,0.951877,1,0.990352,Vegetation,Vegetation,Vegetation,Vegetation,No Change
91.0,1,Nashik,19.93015764076832,73.872553147691,4,6,2,3,2,0.848558,3,0.567841,Agriculture,Built-up,Agriculture,Built-up,Urban Expansion
92.0,1,Nashik,19.867185739351545,73.83967480829222,4,4,2,2,2,0.958383,2,0.864097,Agriculture,Agriculture,Agriculture,Agriculture,No Change
93.0,1,Nashik,19.951537544530368,73.93777083731807,4,4,2,2,2,0.837342,2,0.746909,Agriculture,Agriculture,Agriculture,Agriculture,No Change
94.0,1,Nashik,20.10595794187051,73.66028124605356,4,4,2,2,2,0.901867,2,0.903661,Agriculture,Agriculture,Agriculture,Agriculture,No Change
95.0,1,Nashik,19.902399698489027,73.83464424270115,1,1,1,1,1,0.979889,1,0.972335,Vegetation,Vegetation,Vegetation,Vegetation,No Change
96.0,1,Nashik,20.135063357075985,73.70573599943,4,4,2,2,2,0.76572,2,0.817967,Agriculture,Agriculture,Agriculture,Agriculture,No Change
97.0,1,Nashik,19.999327917645523,73.9335487554827,4,4,2,2,2,0.8454,2,0.880944,Agriculture,Agriculture,Agriculture,Agriculture,No Change
98.0,1,Nashik,19.92638471657502,73.7831707769211,0,1,0,1,0,0.717952,1,0.892233,Water,Vegetation,Water,Vegetation,Water Loss
99.0,1,Nashik,19.977858182355067,73.7462500187438,6,6,3,3,3,0.872336,3,0.898998,Built-up,Built-up,Built-up,Built-up,No Change
100.0,1,Nashik,20.015317929702853,73.8853990562539,4,4,2,2,2,0.475912,2,0.774327,Agriculture,Agriculture,Agriculture,Agriculture,No Change
101.0,1,Nashik,19.997531287077287,73.86626494070215,6,6,3,3,3,0.83577,3,0.819637,Built-up,Built-up,Built-up,Built-up,No Change
102.0,1,Nashik,20.116558062223124,73.78478774443252,4,4,2,2,2,0.644779,2,0.671524,Agriculture,Agriculture,Agriculture,Agriculture,No Change
103.0,1,Nashik,19.974893741917477,73.931213135744,4,4,2,2,2,0.593353,2,0.86717,Agriculture,Agriculture,Agriculture,Agriculture,No Change
104.0,1,Nashik,20.040919915300258,73.76188070468747,6,4,3,2,3,0.855639,2,0.716528,Built-up,Agriculture,Built-up,Agriculture,Other Change
105.0,1,Nashik,20.056999758886,73.70546650484476,4,4,2,2,2,0.630052,2,0.873047,Agriculture,Agriculture,Agriculture,Agriculture,No Change
106.0,1,Nashik,19.912281166614346,73.68255946509971,4,4,2,2,2,0.82031,2,0.813137,Agriculture,Agriculture,Agriculture,Agriculture,No Change
107.0,1,Nashik,20.11026985523429,73.77463678172197,4,4,2,2,2,0.827817,2,0.82853,Agriculture,Agriculture,Agriculture,Agriculture,No Change
108.0,1,Nashik,20.009928037998137,73.70402920039017,6,6,3,3,3,0.78444,2,0.462032,Built-up,Built-up,Built-up,Agriculture,Other Change
109.0,1,Nashik,20.093740854006487,73.90947390586831,4,4,2,2,2,0.91237,2,0.858858,Agriculture,Agriculture,Agriculture,Agriculture,No Change
110.0,1,Nashik,20.145304151314942,73.67384580684376,4,5,2,1,2,0.717481,1,0.653974,Agriculture,Vegetation,Agriculture,Vegetation,Vegetation Gain
111.0,1,Nashik,19.910574367574515,73.81344400199593,5,1,1,1,1,0.81468,1,0.840521,Vegetation,Vegetation,Vegetation,Vegetation,No Change
112.0,1,Nashik,20.132907400394096,73.76834857473312,4,4,2,2,2,0.729452,2,0.806904,Agriculture,Agriculture,Agriculture,Agriculture,No Change
113.0,1,Nashik,20.053137003164284,73.87551758812859,4,4,2,2,2,0.847652,2,0.848042,Agriculture,Agriculture,Agriculture,Agriculture,No Change
114.0,1,Nashik,19.917042237620176,73.87524809354335,4,6,2,3,2,0.793781,2,0.499907,Agriculture,Built-up,Agriculture,Agriculture,No Change
115.0,1,Nashik,19.985224367684847,73.66674911609921,6,6,3,3,1,0.442942,2,0.440391,Built-up,Built-up,Vegetation,Agriculture,Agriculture Gain
116.0,1,Nashik,19.91398796565417,73.75801794896576,1,1,1,1,1,0.706271,1,0.946083,Vegetation,Vegetation,Vegetation,Vegetation,No Change
117.0,1,Nashik,19.863053489044592,73.65704731103072,4,4,2,2,2,0.895764,2,0.846108,Agriculture,Agriculture,Agriculture,Agriculture,No Change
118.0,1,Nashik,19.858921238737643,73.88926181197562,4,4,2,2,2,0.855359,2,0.887843,Agriculture,Agriculture,Agriculture,Agriculture,No Change
119.0,1,Nashik,20.111078338989994,73.79134544600659,1,6,1,3,1,0.561863,3,0.446164,Vegetation,Built-up,Vegetation,Built-up,Vegetation Loss
120.0,1,Nashik,20.112964801086644,73.72271415829987,4,4,2,2,2,0.822566,2,0.821135,Agriculture,Agriculture,Agriculture,Agriculture,No Change
121.0,1,Nashik,19.99896859153188,73.94738281085816,4,4,2,2,2,0.662217,2,0.917061,Agriculture,Agriculture,Agriculture,Agriculture,No Change
122.0,1,Nashik,20.123654752967667,73.880188827606,4,4,2,2,2,0.644304,2,0.698299,Agriculture,Agriculture,Agriculture,Agriculture,No Change
123.0,1,Nashik,20.027355354510053,73.86599544611693,4,4,2,2,2,0.645577,2,0.907358,Agriculture,Agriculture,Agriculture,Agriculture,No Change
124.0,1,Nashik,20.03813513791949,73.70384953733335,4,4,2,2,2,0.83973,2,0.578885,Agriculture,Agriculture,Agriculture,Agriculture,No Change
125.0,1,Nashik,20.023672261845164,73.67061187182092,0,0,0,0,0,1.0,0,1.0,Water,Water,Water,Water,No Change
126.0,1,Nashik,20.020528158350743,73.80482017526839,6,6,3,3,3,0.744867,3,0.646171,Built-up,Built-up,Built-up,Built-up,No Change
127.0,1,Nashik,20.12428357366655,73.67698991033818,4,4,2,2,2,0.448151,1,0.567607,Agriculture,Agriculture,Agriculture,Vegetation,Vegetation Gain
128.0,1,Nashik,19.914077797182586,73.93669285897712,4,4,2,2,2,0.492004,2,0.459525,Agriculture,Agriculture,Agriculture,Agriculture,No Change
129.0,1,Nashik,20.128595487030324,73.90165856289647,4,4,2,2,2,0.771281,2,0.781332,Agriculture,Agriculture,Agriculture,Agriculture,No Change
130.0,1,Nashik,20.03553002359554,73.67097119793458,0,0,0,0,0,1.0,0,1.0,Water,Water,Water,Water,No Change
131.0,1,Nashik,20.00346016795248,73.92770970613593,4,4,2,2,2,0.824149,2,0.79137,Agriculture,Agriculture,Agriculture,Agriculture,No Change
132.0,1,Nashik,19.851644884936277,73.6561489957466,4,6,2,3,2,0.702592,3,0.690766,Agriculture,Built-up,Agriculture,Built-up,Urban Expansion
133.0,1,Nashik,19.94731546269501,73.78056566259716,4,4,2,2,2,0.88937,2,0.841451,Agriculture,Agriculture,Agriculture,Agriculture,No Change
134.0,1,Nashik,19.979295486809654,73.86105471205427,4,6,2,3,2,0.711704,3,0.870983,Agriculture,Built-up,Agriculture,Built-up,Urban Expansion
135.0,1,Nashik,19.981720938076784,73.8612343751111,4,4,2,2,2,0.948094,2,0.882099,Agriculture,Agriculture,Agriculture,Agriculture,No Change
136.0,1,Nashik,19.94156624487664,73.82116951343936,6,6,3,3,1,0.485074,3,0.585733,Built-up,Built-up,Vegetation,Built-up,Vegetation Loss
137.0,1,Nashik,19.886140191846465,73.84407655318441,4,4,2,2,2,0.75297,2,0.839572,Agriculture,Agriculture,Agriculture,Agriculture,No Change
138.0,1,Nashik,20.071642298017142,73.80886259404691,5,5,1,1,1,0.841293,1,0.709547,Vegetation,Vegetation,Vegetation,Vegetation,No Change
139.0,1,Nashik,20.05349632927793,73.90471283486248,4,6,2,3,2,0.433013,2,0.486764,Agriculture,Built-up,Agriculture,Agriculture,No Change
140.0,1,Nashik,20.09850192501232,73.69423756379327,4,6,2,3,2,0.515362,1,0.54301,Agriculture,Built-up,Agriculture,Vegetation,Vegetation Gain
141.0,1,Nashik,19.9668089043604,73.6952257106058,4,6,2,3,2,0.871434,3,0.396511,Agriculture,Built-up,Agriculture,Built-up,Urban Expansion
142.0,1,Nashik,19.89988441569349,73.81892372522906,4,1,2,1,2,0.76943,1,0.760048,Agriculture,Vegetation,Agriculture,Vegetation,Vegetation Gain
143.0,1,Nashik,19.97740902471301,73.74238726302208,4,4,2,2,2,0.785806,2,0.760899,Agriculture,Agriculture,Agriculture,Agriculture,No Change
144.0,1,Nashik,20.124553068251785,73.8500054340596,4,6,2,3,2,0.690958,3,0.563012,Agriculture,Built-up,Agriculture,Built-up,Urban Expansion
145.0,1,Nashik,19.93653567928557,73.78209279858017,4,4,2,2,2,0.896157,2,0.739971,Agriculture,Agriculture,Agriculture,Agriculture,No Change
146.0,1,Nashik,20.09904091418279,73.6936985746228,4,1,2,1,2,0.578327,1,0.87642,Agriculture,Vegetation,Agriculture,Vegetation,Vegetation Gain
147.0,1,Nashik,19.89880643735255,73.72478028345333,4,1,2,1,2,0.665356,1,0.657341,Agriculture,Vegetation,Agriculture,Vegetation,Vegetation Gain
148.0,1,Nashik,19.946417147410884,73.70528684178794,1,1,1,1,1,0.786905,1,0.788367,Vegetation,Vegetation,Vegetation,Vegetation,No Change
149.0,1,Nashik,20.044782671021974,73.73160747961265,4,4,2,2,2,0.775221,2,0.741924,Agriculture,Agriculture,Agriculture,Agriculture,No Change
150.0,1,Nashik,19.894943681630835,73.86680392987263,4,4,2,2,2,0.676205,2,0.821751,Agriculture,Agriculture,Agriculture,Agriculture,No Change
151.0,1,Nashik,20.14395667838877,73.87830236550936,4,4,2,2,2,0.507175,2,0.764146,Agriculture,Agriculture,Agriculture,Agriculture,No Change
152.0,1,Nashik,19.890721599795476,73.83796800925239,1,4,1,2,1,0.759168,2,0.820778,Vegetation,Agriculture,Vegetation,Agriculture,Agriculture Gain
153.0,1,Nashik,20.056460769715525,73.79430988644418,6,6,3,3,3,0.947164,3,0.948745,Built-up,Built-up,Built-up,Built-up,No Change
154.0,1,Nashik,19.942823886274407,73.89914328010093,4,6,2,3,2,0.826981,3,0.569887,Agriculture,Built-up,Agriculture,Built-up,Urban Expansion
155.0,1,Nashik,20.06238965059072,73.73385326782294,4,4,2,2,2,0.845467,2,0.761805,Agriculture,Agriculture,Agriculture,Agriculture,No Change
156.0,1,Nashik,19.92503724364884,73.90093991066917,4,4,2,2,2,0.752345,2,0.376592,Agriculture,Agriculture,Agriculture,Agriculture,No Change
157.0,1,Nashik,20.091944223438247,73.75711963368164,4,4,2,2,2,0.834314,2,0.908987,Agriculture,Agriculture,Agriculture,Agriculture,No Change
158.0,1,Nashik,20.077661010420748,73.8418307649741,4,4,2,2,2,0.898271,2,0.739578,Agriculture,Agriculture,Agriculture,Agriculture,No Change
159.0,1,Nashik,19.92153381404077,73.83545272645686,6,6,3,3,3,0.659393,3,0.67903,Built-up,Built-up,Built-up,Built-up,No Change
160.0,1,Nashik,19.985044704628024,73.77248082504008,6,6,3,3,3,0.957688,3,0.892028,Built-up,Built-up,Built-up,Built-up,No Change
161.0,1,Nashik,20.04280637739691,73.6997172870264,4,4,2,2,2,0.761051,2,0.802665,Agriculture,Agriculture,Agriculture,Agriculture,No Change
162.0,1,Nashik,20.006244945333243,73.90426367722041,4,6,2,3,2,0.772052,2,0.649455,Agriculture,Built-up,Agriculture,Agriculture,No Change
163.0,1,Nashik,19.94228489710393,73.94873028378433,4,4,2,2,2,0.835499,2,0.732368,Agriculture,Agriculture,Agriculture,Agriculture,No Change
164.0,1,Nashik,20.016755234157444,73.91558244980033,4,4,2,2,2,0.655834,2,0.83193,Agriculture,Agriculture,Agriculture,Agriculture,No Change
165.0,1,Nashik,20.049543742027804,73.6778882256223,0,0,0,0,0,1.0,0,1.0,Water,Water,Water,Water,No Change
166.0,1,Nashik,20.104161311302278,73.69845964562863,4,4,2,2,2,0.613149,1,0.448962,Agriculture,Agriculture,Agriculture,Vegetation,Vegetation Gain
167.0,1,Nashik,19.987380324366736,73.76484514512507,6,6,3,3,3,0.915686,3,0.976222,Built-up,Built-up,Built-up,Built-up,No Change
168.0,1,Nashik,19.987739650480385,73.90013142691346,4,4,2,2,2,0.716483,2,0.673961,Agriculture,Agriculture,Agriculture,Agriculture,No Change
169.0,1,Nashik,20.03777581180584,73.93750134273283,6,6,3,3,3,0.535726,3,0.588534,Built-up,Built-up,Built-up,Built-up,No Change
170.0,1,Nashik,19.91677274303494,73.70932926056648,6,5,3,1,3,0.458316,1,0.836573,Built-up,Vegetation,Built-up,Vegetation,Vegetation Gain
171.0,1,Nashik,20.14224987934894,73.77607408617656,4,4,2,2,2,0.760587,2,0.598306,Agriculture,Agriculture,Agriculture,Agriculture,No Change
172.0,1,Nashik,20.112695306501408,73.91414514534573,5,5,1,1,1,0.708345,1,0.926808,Vegetation,Vegetation,Vegetation,Vegetation,No Change
173.0,1,Nashik,19.973636100519705,73.93974713094313,4,4,2,2,2,0.816976,2,0.758625,Agriculture,Agriculture,Agriculture,Agriculture,No Change
174.0,1,Nashik,19.999417749173936,73.86904971808293,4,6,2,3,2,0.68986,2,0.765291,Agriculture,Built-up,Agriculture,Agriculture,No Change
175.0,1,Nashik,20.03229608857271,73.77634358076179,4,4,2,2,2,0.715493,1,0.510874,Agriculture,Agriculture,Agriculture,Vegetation,Vegetation Gain
176.0,1,Nashik,20.109820697592227,73.91881638482315,5,5,1,1,1,0.505046,1,0.620222,Vegetation,Vegetation,Vegetation,Vegetation,No Change
177.0,1,Nashik,20.04711829076068,73.89429237756669,4,4,2,2,2,0.688387,2,0.711464,Agriculture,Agriculture,Agriculture,Agriculture,No Change
178.0,1,Nashik,19.925845727404543,73.66719827374128,6,5,3,1,3,0.726674,1,0.681379,Built-up,Vegetation,Built-up,Vegetation,Vegetation Gain
179.0,1,Nashik,19.92449825447837,73.82907468793961,4,4,2,2,2,0.692109,2,0.859481,Agriculture,Agriculture,Agriculture,Agriculture,No Change
180.0,1,Nashik,19.850297412010097,73.6606405721672,4,4,2,2,2,0.865952,2,0.878726,Agriculture,Agriculture,Agriculture,Agriculture,No Change
181.0,1,Nashik,20.13659049305899,73.75361620407357,4,4,2,2,2,0.786203,2,0.790947,Agriculture,Agriculture,Agriculture,Agriculture,No Change
182.0,1,Nashik,19.95755625693397,73.8131745074107,4,4,2,2,2,0.683924,2,0.756074,Agriculture,Agriculture,Agriculture,Agriculture,No Change
183.0,1,Nashik,20.069845667448902,73.848568129605,5,5,1,1,1,0.778956,1,0.729712,Vegetation,Vegetation,Vegetation,Vegetation,No Change
184.0,1,Nashik,20.105598615756865,73.704208863447,1,4,1,2,1,0.817195,2,0.77276,Vegetation,Agriculture,Vegetation,Agriculture,Agriculture Gain
185.0,1,Nashik,19.99142274314527,73.83653070479781,4,4,2,2,3,0.510618,2,0.675773,Agriculture,Agriculture,Built-up,Agriculture,Other Change
186.0,1,Nashik,20.06310830281801,73.70223256982193,4,4,2,2,2,0.712029,2,0.734713,Agriculture,Agriculture,Agriculture,Agriculture,No Change
187.0,1,Nashik,19.97740902471301,73.85880892384397,6,6,3,3,3,0.644251,3,0.85287,Built-up,Built-up,Built-up,Built-up,No Change
188.0,1,Nashik,19.94219506557552,73.9206130153914,4,4,2,2,2,0.964755,2,0.87074,Agriculture,Agriculture,Agriculture,Agriculture,No Change
189.0,1,Nashik,19.92036600417142,73.74678900791426,4,4,2,2,2,0.812933,2,0.46129,Agriculture,Agriculture,Agriculture,Agriculture,No Change
190.0,1,Nashik,19.88137912084063,73.73538040380595,1,5,1,1,1,0.570423,1,0.649915,Vegetation,Vegetation,Vegetation,Vegetation,No Change
191.0,1,Nashik,19.877785859704154,73.93534538605095,1,1,1,1,1,0.593497,1,0.665051,Vegetation,Vegetation,Vegetation,Vegetation,No Change
192.0,1,Nashik,19.908687905477866,73.77625374923338,5,1,1,1,1,0.67433,1,0.760608,Vegetation,Vegetation,Vegetation,Vegetation,No Change
193.0,1,Nashik,20.0795474725174,73.66459315941732,4,4,2,2,2,0.806434,2,0.765991,Agriculture,Agriculture,Agriculture,Agriculture,No Change
194.0,1,Nashik,20.126798856462084,73.75936542189194,1,1,1,1,2,0.533333,1,0.669441,Vegetation,Vegetation,Agriculture,Vegetation,Vegetation Gain
195.0,1,Nashik,19.98154127501996,73.7943997179726,6,6,3,3,3,0.481892,3,0.781009,Built-up,Built-up,Built-up,Built-up,No Change
196.0,1,Nashik,19.87670788136321,73.70555633637318,4,5,2,1,1,0.579032,1,0.733037,Agriculture,Vegetation,Vegetation,Vegetation,No Change
197.0,1,Nashik,20.05107087801081,73.66189821356497,0,0,0,0,0,1.0,0,1.0,Water,Water,Water,Water,No Change
198.0,1,Nashik,20.01846203319727,73.80895242557533,6,6,3,3,3,0.926734,3,0.891791,Built-up,Built-up,Built-up,Built-up,No Change
199.0,1,Nashik,20.090147592870007,73.90597047626024,4,6,2,3,2,0.782491,3,0.632487,Agriculture,Built-up,Agriculture,Built-up,Urban Expansion
200.0,1,Nashik,19.983607400173437,73.74876530153932,6,6,3,3,3,0.758629,3,0.907457,Built-up,Built-up,Built-up,Built-up,No Change
201.0,1,Nashik,20.01262298385049,73.75352637254515,6,6,3,3,3,0.84843,3,0.821113,Built-up,Built-up,Built-up,Built-up,No Change
202.0,1,Nashik,20.119881828774364,73.83733918855351,4,4,2,2,2,0.762613,2,0.805629,Agriculture,Agriculture,Agriculture,Agriculture,No Change
203.0,1,Nashik,19.990883753974803,73.76601295499442,6,6,3,3,3,0.931995,3,0.937316,Built-up,Built-up,Built-up,Built-up,No Change
204.0,1,Nashik,19.94489001142788,73.86635477223057,4,4,2,2,2,0.798111,2,0.82129,Agriculture,Agriculture,Agriculture,Agriculture,No Change
205.0,1,Nashik,19.895303007744484,73.8072456265355,1,1,1,1,1,0.717527,1,0.792714,Vegetation,Vegetation,Vegetation,Vegetation,No Change
206.0,1,Nashik,19.875629903022265,73.65345404989425,5,5,1,1,1,0.710167,1,0.704166,Vegetation,Vegetation,Vegetation,Vegetation,No Change
207.0,1,Nashik,20.091495065796188,73.81910338828588,4,5,2,1,2,0.833019,1,0.729437,Agriculture,Vegetation,Agriculture,Vegetation,Vegetation Gain
208.0,1,Nashik,20.04145890447073,73.92393678194263,4,4,2,2,2,0.555392,1,0.393741,Agriculture,Agriculture,Agriculture,Vegetation,Vegetation Gain
209.0,1,Nashik,20.12374458449608,73.70142408606623,4,4,2,2,2,0.551196,2,0.797356,Agriculture,Agriculture,Agriculture,Agriculture,No Change
210.0,1,Nashik,20.091495065796188,73.83545272645686,4,4,2,2,2,0.884787,2,0.83118,Agriculture,Agriculture,Agriculture,Agriculture,No Change
211.0,1,Nashik,20.077930505005984,73.76331800914207,5,1,1,1,1,0.564465,1,0.796915,Vegetation,Vegetation,Vegetation,Vegetation,No Change
212.0,1,Nashik,20.060233693908827,73.88728551835055,5,4,1,2,1,0.664889,2,0.730597,Vegetation,Agriculture,Vegetation,Agriculture,Agriculture Gain
213.0,1,Nashik,19.93384073343321,73.80005910426254,4,4,2,2,2,0.477105,2,0.638057,Agriculture,Agriculture,Agriculture,Agriculture,No Change
214.0,1,Nashik,20.054664139147288,73.8823447842879,6,6,3,3,3,0.486894,3,0.536588,Built-up,Built-up,Built-up,Built-up,No Change
215.0,1,Nashik,20.137758302928344,73.79008780460882,4,4,2,2,2,0.784612,2,0.827643,Agriculture,Agriculture,Agriculture,Agriculture,No Change
216.0,1,Nashik,19.854878819959104,73.93076397810194,4,4,2,2,2,0.814026,2,0.853523,Agriculture,Agriculture,Agriculture,Agriculture,No Change
217.0,1,Nashik,20.076313537494567,73.67097119793458,4,4,2,2,2,0.92258,2,0.803387,Agriculture,Agriculture,Agriculture,Agriculture,No Change
218.0,1,Nashik,20.11503092624012,73.67258816544599,4,5,2,1,2,0.543998,2,0.523731,Agriculture,Vegetation,Agriculture,Agriculture,No Change
219.0,1,Nashik,19.99025493327592,73.71040723890742,6,6,3,3,3,0.815454,3,0.95449,Built-up,Built-up,Built-up,Built-up,No Change
220.0,1,Nashik,20.07245078177285,73.94046578317042,4,4,2,2,2,0.529536,2,0.50652,Agriculture,Agriculture,Agriculture,Agriculture,No Change
221.0,1,Nashik,20.09850192501232,73.8553054942359,4,5,2,1,1,0.652259,1,0.755127,Agriculture,Vegetation,Vegetation,Vegetation,No Change
222.0,1,Nashik,19.869611190618667,73.8575512824462,6,4,3,2,3,0.645255,2,0.877471,Built-up,Agriculture,Built-up,Agriculture,Other Change
223.0,1,Nashik,20.131020938297446,73.70052577078211,4,4,2,2,2,0.770068,2,0.774013,Agriculture,Agriculture,Agriculture,Agriculture,No Change
224.0,1,Nashik,20.02789434368053,73.78757252181329,6,6,3,3,3,0.627947,3,0.494366,Built-up,Built-up,Built-up,Built-up,No Change
225.0,1,Nashik,20.0179230440268,73.69037480807155,6,6,3,3,3,0.542997,2,0.545957,Built-up,Built-up,Built-up,Agriculture,Other Change
226.0,1,Nashik,20.03409271914095,73.90022125844187,4,4,2,2,2,0.843587,2,0.799593,Agriculture,Agriculture,Agriculture,Agriculture,No Change
227.0,1,Nashik,20.016755234157444,73.72361247358398,1,4,1,2,1,0.777216,2,0.596472,Vegetation,Agriculture,Vegetation,Agriculture,Agriculture Gain
228.0,1,Nashik,20.08233224989817,73.69028497654314,1,4,1,2,1,0.783298,2,0.845293,Vegetation,Agriculture,Vegetation,Agriculture,Agriculture Gain
229.0,1,Nashik,19.886589349488524,73.85494616812225,0,0,0,0,0,0.581425,0,0.604976,Water,Water,Water,Water,No Change
230.0,1,Nashik,20.14790926563889,73.83859682995127,4,4,2,2,2,0.86652,2,0.783795,Agriculture,Agriculture,Agriculture,Agriculture,No Change
231.0,1,Nashik,19.99321937371351,73.88746518140738,4,4,2,2,2,0.683581,2,0.74007,Agriculture,Agriculture,Agriculture,Agriculture,No Change
232.0,1,Nashik,20.03687749652172,73.88135663747536,4,4,2,2,2,0.91125,2,0.810081,Agriculture,Agriculture,Agriculture,Agriculture,No Change
233.0,1,Nashik,20.03966227390249,73.6704322087641,0,0,0,0,0,1.0,0,1.0,Water,Water,Water,Water,No Change
234.0,1,Nashik,20.06544392255672,73.91234851477749,4,4,2,2,2,0.727669,2,0.755259,Agriculture,Agriculture,Agriculture,Agriculture,No Change
235.0,1,Nashik,20.03274524621477,73.78586572277347,6,6,3,3,3,0.52002,3,0.983672,Built-up,Built-up,Built-up,Built-up,No Change
236.0,1,Nashik,20.101017207807853,73.91010272656719,4,4,2,2,2,0.579162,2,0.868288,Agriculture,Agriculture,Agriculture,Agriculture,No Change
237.0,1,Nashik,19.914347291767815,73.6614490559229,4,4,2,2,2,0.763528,2,0.672803,Agriculture,Agriculture,Agriculture,Agriculture,No Change
238.0,1,Nashik,19.91021504146087,73.75442468782929,5,5,1,1,1,0.746747,1,0.930609,Vegetation,Vegetation,Vegetation,Vegetation,No Change
239.0,1,Nashik,20.10371215366021,73.78712336417122,4,4,2,2,2,0.710526,2,0.73991,Agriculture,Agriculture,Agriculture,Agriculture,No Change
240.0,1,Nashik,20.015767087344912,73.80715579500709,6,6,3,3,3,0.624852,1,0.510444,Built-up,Built-up,Built-up,Vegetation,Vegetation Gain
241.0,1,Nashik,19.93285258662068,73.6922612701682,4,6,2,3,3,0.47412,3,0.630374,Agriculture,Built-up,Built-up,Built-up,No Change
242.0,1,Nashik,20.087901804659708,73.69378840615121,4,6,2,3,2,0.494303,2,0.61046,Agriculture,Built-up,Agriculture,Agriculture,No Change
243.0,1,Nashik,20.12113947017213,73.65552017504771,5,5,1,1,1,0.588079,1,0.627904,Vegetation,Vegetation,Vegetation,Vegetation,No Change
244.0,1,Nashik,19.87374344092561,73.8883634966915,6,6,3,3,1,0.41856,1,0.48716,Built-up,Built-up,Vegetation,Vegetation,No Change
245.0,1,Nashik,20.127607340217796,73.9432505605512,4,4,2,2,2,0.694049,2,0.722949,Agriculture,Agriculture,Agriculture,Agriculture,No Change
246.0,1,Nashik,20.033913056084128,73.89878395398729,4,5,2,1,2,0.835666,1,0.808645,Agriculture,Vegetation,Agriculture,Vegetation,Vegetation Gain
247.0,1,Nashik,19.99402785746922,73.66405417024686,5,4,1,2,2,0.533115,1,0.371789,Vegetation,Agriculture,Agriculture,Vegetation,Vegetation Gain
248.0,1,Nashik,19.87751636511892,73.94926927295481,4,5,2,1,2,0.722661,1,0.482078,Agriculture,Vegetation,Agriculture,Vegetation,Vegetation Gain
249.0,1,Nashik,19.94740529422341,73.69621385741833,5,1,1,1,1,0.758039,1,0.86213,Vegetation,Vegetation,Vegetation,Vegetation,No Change
250.0,1,Nashik,19.97624121484365,73.8861177084812,6,6,3,3,3,0.744484,3,0.703916,Built-up,Built-up,Built-up,Built-up,No Change
251.0,1,Nashik,20.046848796175446,73.72406163122604,4,5,2,1,2,0.854222,1,0.869538,Agriculture,Vegetation,Agriculture,Vegetation,Vegetation Gain
252.0,1,Nashik,19.902669193074264,73.66342534954796,0,0,0,0,0,0.746464,0,0.653783,Water,Water,Water,Water,No Change
253.0,1,Nashik,20.11044951829111,73.84677149903676,4,4,2,2,2,0.884306,2,0.746294,Agriculture,Agriculture,Agriculture,Agriculture,No Change
254.0,1,Nashik,20.100478218637384,73.80922192016057,4,6,2,3,2,0.732179,3,0.657806,Agriculture,Built-up,Agriculture,Built-up,Urban Expansion
255.0,1,Nashik,20.14135156406482,73.66612029540033,4,4,2,2,2,0.765568,2,0.853967,Agriculture,Agriculture,Agriculture,Agriculture,No Change
256.0,1,Nashik,20.0134314676062,73.81272534976864,6,6,3,3,3,0.802652,3,0.719901,Built-up,Built-up,Built-up,Built-up,No Change
257.0,1,Nashik,19.929079662427377,73.89051945337339,4,4,2,2,2,0.92625,2,0.868625,Agriculture,Agriculture,Agriculture,Agriculture,No Change
258.0,1,Nashik,19.893236882591008,73.86401915249186,4,4,2,2,2,0.762664,2,0.851118,Agriculture,Agriculture,Agriculture,Agriculture,No Change
259.0,1,Nashik,19.988727797292917,73.66998305112205,4,4,2,2,2,0.609823,2,0.624499,Agriculture,Agriculture,Agriculture,Agriculture,No Change
260.0,1,Nashik,19.993488868298748,73.7553230031134,4,4,2,2,2,0.492065,2,0.604709,Agriculture,Agriculture,Agriculture,Agriculture,No Change
261.0,1,Nashik,20.004358483236597,73.67896620396324,5,5,1,1,1,0.569614,1,0.670529,Vegetation,Vegetation,Vegetation,Vegetation,No Change
262.0,1,Nashik,20.0953578215179,73.85413768436655,5,5,1,1,1,0.80403,1,0.894346,Vegetation,Vegetation,Vegetation,Vegetation,No Change
263.0,1,Nashik,20.044782671021974,73.9454065172331,6,6,3,3,2,0.680054,2,0.563361,Built-up,Built-up,Agriculture,Agriculture,No Change
264.0,1,Nashik,19.902309866960618,73.78029616801192,1,1,1,1,1,0.846414,1,0.80612,Vegetation,Vegetation,Vegetation,Vegetation,No Change
265.0,1,Nashik,20.119073345018656,73.84964610794594,4,4,2,2,2,0.456256,2,0.585254,Agriculture,Agriculture,Agriculture,Agriculture,No Change
266.0,1,Nashik,19.99303971065669,73.7207378646748,6,6,3,3,3,0.80021,3,0.812704,Built-up,Built-up,Built-up,Built-up,No Change
267.0,1,Nashik,19.87401293551085,73.6862425577646,4,4,2,2,2,0.544526,2,0.558535,Agriculture,Agriculture,Agriculture,Agriculture,No Change
268.0,1,Nashik,20.14862791786619,73.73115832197058,4,6,2,3,2,0.792931,2,0.487938,Agriculture,Built-up,Agriculture,Agriculture,No Change
269.0,1,Nashik,20.02259428350422,73.91405531381731,4,4,2,2,2,0.820877,2,0.764557,Agriculture,Agriculture,Agriculture,Agriculture,No Change
270.0,1,Nashik,20.129493802314443,73.74292625219255,4,5,2,1,2,0.725259,1,0.629928,Agriculture,Vegetation,Agriculture,Vegetation,Vegetation Gain
271.0,1,Nashik,19.949561250905305,73.6636948441332,5,4,1,2,2,0.518909,1,0.363851,Vegetation,Agriculture,Agriculture,Vegetation,Vegetation Gain
272.0,1,Nashik,19.96743772505928,73.69064430265679,4,4,2,2,2,0.807853,2,0.901196,Agriculture,Agriculture,Agriculture,Agriculture,No Change
273.0,1,Nashik,19.99303971065669,73.91055188420926,6,6,3,3,3,0.891198,3,0.906739,Built-up,Built-up,Built-up,Built-up,No Change
274.0,1,Nashik,20.11467160012647,73.6914527864125,4,4,2,2,2,0.851203,2,0.822627,Agriculture,Agriculture,Agriculture,Agriculture,No Change
275.0,1,Nashik,20.08987809828477,73.92465543416992,6,6,3,3,3,0.753071,3,0.84555,Built-up,Built-up,Built-up,Built-up,No Change
276.0,1,Nashik,19.89602165997178,73.84272908025822,4,1,2,1,2,0.809739,1,0.91564,Agriculture,Vegetation,Agriculture,Vegetation,Vegetation Gain
277.0,1,Nashik,20.1081138985524,73.80886259404691,4,6,2,3,2,0.536932,2,0.714848,Agriculture,Built-up,Agriculture,Agriculture,No Change
278.0,1,Nashik,20.042626714340084,73.88351259415725,4,4,2,2,2,0.833707,2,0.796589,Agriculture,Agriculture,Agriculture,Agriculture,No Change
279.0,1,Nashik,20.122666606155136,73.7424770945505,5,5,1,1,1,0.785602,1,0.809134,Vegetation,Vegetation,Vegetation,Vegetation,No Change
280.0,1,Nashik,20.02897232202147,73.84820880349136,4,4,2,2,2,0.837328,2,0.796564,Agriculture,Agriculture,Agriculture,Agriculture,No Change
281.0,1,Nashik,19.95090872383148,73.93597420674983,4,4,2,2,2,0.894419,2,0.835423,Agriculture,Agriculture,Agriculture,Agriculture,No Change
282.0,1,Nashik,20.033463898442065,73.74526187193126,1,4,1,2,1,0.526744,2,0.784621,Vegetation,Agriculture,Vegetation,Agriculture,Agriculture Gain
283.0,1,Nashik,19.94704596810977,73.86644460375898,4,4,2,2,2,0.805568,2,0.934224,Agriculture,Agriculture,Agriculture,Agriculture,No Change
284.0,1,Nashik,20.02807400673735,73.82637974208725,4,6,2,3,2,0.706234,3,0.527788,Agriculture,Built-up,Agriculture,Built-up,Urban Expansion
285.0,1,Nashik,19.941027255706167,73.76969604765931,4,4,2,2,2,0.890371,2,0.770101,Agriculture,Agriculture,Agriculture,Agriculture,No Change
286.0,1,Nashik,19.90698110643804,73.78909965779629,4,5,2,1,2,0.658948,1,0.706073,Agriculture,Vegetation,Agriculture,Vegetation,Vegetation Gain
287.0,1,Nashik,19.950100240075773,73.8906092849018,6,6,3,3,3,0.976703,2,0.468497,Built-up,Built-up,Built-up,Agriculture,Other Change
288.0,1,Nashik,19.89665048067066,73.91270784089114,4,6,2,3,2,0.832441,3,0.940937,Agriculture,Built-up,Agriculture,Built-up,Urban Expansion
289.0,1,Nashik,20.0103771956402,73.67429496448581,5,5,1,1,1,0.764816,1,0.805908,Vegetation,Vegetation,Vegetation,Vegetation,No Change
290.0,1,Nashik,19.90159121473332,73.86671409834422,4,4,2,2,2,0.883033,2,0.899307,Agriculture,Agriculture,Agriculture,Agriculture,No Change
291.0,1,Nashik,20.132009085109978,73.75289755184627,5,1,1,1,1,0.668302,1,0.734801,Vegetation,Vegetation,Vegetation,Vegetation,No Change
292.0,1,Nashik,20.100747713222617,73.78451824984728,4,4,2,2,2,0.760151,2,0.81499,Agriculture,Agriculture,Agriculture,Agriculture,No Change
293.0,1,Nashik,19.917401563733826,73.83689003091145,4,4,2,2,2,0.81256,2,0.782749,Agriculture,Agriculture,Agriculture,Agriculture,No Change
294.0,1,Nashik,19.90347767682997,73.86626494070215,4,6,2,3,2,0.816063,2,0.556217,Agriculture,Built-up,Agriculture,Agriculture,No Change
295.0,1,Nashik,19.897728459011606,73.71660561436785,4,4,2,2,2,0.822011,2,0.839633,Agriculture,Agriculture,Agriculture,Agriculture,No Change
296.0,1,Nashik,20.00319067336724,73.67959502466212,5,5,1,1,1,0.350518,1,0.813142,Vegetation,Vegetation,Vegetation,Vegetation,No Change
297.0,1,Nashik,20.084847532693704,73.68642222082143,4,4,2,2,1,0.458447,2,0.658458,Agriculture,Agriculture,Vegetation,Agriculture,Agriculture Gain
298.0,1,Nashik,19.988817628821327,73.81928305134271,4,4,2,2,2,0.905285,2,0.914369,Agriculture,Agriculture,Agriculture,Agriculture,No Change
299.0,1,Nashik,19.89458435551719,73.67249833391757,4,6,2,3,2,0.869989,3,0.582093,Agriculture,Built-up,Agriculture,Built-up,Urban Expansion
300.0,1,Nashik,20.005795787691184,73.67025254570729,5,5,1,1,1,0.705838,1,0.810894,Vegetation,Vegetation,Vegetation,Vegetation,No Change
301.0,1,Nashik,19.910484536046106,73.83635104174098,6,6,3,3,3,0.8842,3,0.436675,Built-up,Built-up,Built-up,Built-up,No Change
302.0,1,Nashik,20.099490071824853,73.76116205246018,0,0,0,0,0,1.0,0,0.997408,Water,Water,Water,Water,No Change
303.0,1,Nashik,19.973995426633355,73.65731680561596,4,4,2,2,2,0.691349,2,0.644382,Agriculture,Agriculture,Agriculture,Agriculture,No Change
304.0,1,Nashik,19.96555126296263,73.68678154693508,4,4,2,2,2,0.725318,2,0.776311,Agriculture,Agriculture,Agriculture,Agriculture,No Change
305.0,1,Nashik,19.99672280332158,73.8936635568678,4,6,2,3,3,0.51401,2,0.498269,Agriculture,Built-up,Built-up,Agriculture,Other Change
306.0,1,Nashik,20.10479013200116,73.7162462882542,4,4,2,2,2,0.673776,2,0.837533,Agriculture,Agriculture,Agriculture,Agriculture,No Change
307.0,1,Nashik,19.872755294113084,73.69468672143533,4,5,2,1,2,0.788541,2,0.540944,Agriculture,Vegetation,Agriculture,Agriculture,No Change
308.0,1,Nashik,20.012263657736845,73.86635477223057,4,4,2,2,2,0.736283,2,0.8507,Agriculture,Agriculture,Agriculture,Agriculture,No Change
309.0,1,Nashik,19.863592478215065,73.88701602376533,4,4,2,2,3,0.735576,2,0.683762,Agriculture,Agriculture,Built-up,Agriculture,Other Change
310.0,1,Nashik,20.000675390571704,73.92824869530641,6,4,3,2,3,0.890932,2,0.778715,Built-up,Agriculture,Built-up,Agriculture,Other Change
311.0,1,Nashik,20.142878700047824,73.79547769631354,5,5,1,1,1,0.700087,1,0.733597,Vegetation,Vegetation,Vegetation,Vegetation,No Change
312.0,1,Nashik,19.96734789353087,73.78200296705175,6,6,3,3,3,0.718428,3,0.894588,Built-up,Built-up,Built-up,Built-up,No Change
313.0,1,Nashik,19.99357869982716,73.66881524125269,4,6,2,3,2,0.741318,3,0.626116,Agriculture,Built-up,Agriculture,Built-up,Urban Expansion
314.0,1,Nashik,20.066791395482905,73.77544526547767,4,4,2,2,2,0.867563,2,0.896048,Agriculture,Agriculture,Agriculture,Agriculture,No Change
315.0,1,Nashik,20.02205529433375,73.94486752806262,4,4,2,2,2,0.859772,2,0.843997,Agriculture,Agriculture,Agriculture,Agriculture,No Change
316.0,1,Nashik,20.13120060135427,73.9019280574817,4,4,2,2,2,0.763155,2,0.923312,Agriculture,Agriculture,Agriculture,Agriculture,No Change
317.0,1,Nashik,20.02151630516328,73.82646957361567,6,6,3,3,3,0.585393,3,0.945852,Built-up,Built-up,Built-up,Built-up,No Change
318.0,1,Nashik,19.86853321227772,73.82997300322373,1,1,1,1,1,0.916044,1,0.869897,Vegetation,Vegetation,Vegetation,Vegetation,No Change
319.0,1,Nashik,19.90455565517092,73.66046090911037,0,0,0,0,0,1.0,0,0.999313,Water,Water,Water,Water,No Change
320.0,1,Nashik,19.91021504146087,73.91710958578332,4,4,2,2,2,0.771647,2,0.75823,Agriculture,Agriculture,Agriculture,Agriculture,No Change
321.0,1,Nashik,19.931235619109263,73.7237023051124,4,6,2,3,3,0.774938,1,0.537501,Agriculture,Built-up,Built-up,Vegetation,Vegetation Gain
322.0,1,Nashik,19.914347291767815,73.67474412212788,4,4,2,2,2,0.913934,2,0.868643,Agriculture,Agriculture,Agriculture,Agriculture,No Change
323.0,1,Nashik,20.04936407897098,73.82557125833155,4,4,2,2,2,0.738194,2,0.615871,Agriculture,Agriculture,Agriculture,Agriculture,No Change
324.0,1,Nashik,20.039752105430903,73.66360501260479,0,0,0,0,0,1.0,0,1.0,Water,Water,Water,Water,No Change
325.0,1,Nashik,20.071642298017142,73.8914177686575,4,4,2,2,2,0.707414,2,0.828326,Agriculture,Agriculture,Agriculture,Agriculture,No Change
326.0,1,Nashik,19.931684776751325,73.83841716689446,6,6,3,3,1,0.445868,3,0.477926,Built-up,Built-up,Vegetation,Built-up,Vegetation Loss
327.0,1,Nashik,20.025918050055463,73.90695862307277,4,4,2,2,2,0.634393,2,0.526776,Agriculture,Agriculture,Agriculture,Agriculture,No Change
328.0,1,Nashik,20.139554933496584,73.84829863501977,4,4,2,2,1,0.397639,1,0.418976,Agriculture,Agriculture,Vegetation,Vegetation,No Change
329.0,1,Nashik,19.94569849518359,73.72648708249316,6,6,3,3,3,0.877725,3,0.961002,Built-up,Built-up,Built-up,Built-up,No Change
330.0,1,Nashik,20.007951744373077,73.75640098145435,6,6,3,3,3,0.844797,3,0.61635,Built-up,Built-up,Built-up,Built-up,No Change
331.0,1,Nashik,20.002651684196767,73.87668539799795,6,6,3,3,3,0.848111,3,0.785774,Built-up,Built-up,Built-up,Built-up,No Change
332.0,1,Nashik,20.013611130663023,73.73142781655582,4,4,2,2,2,0.644493,2,0.809161,Agriculture,Agriculture,Agriculture,Agriculture,No Change
333.0,1,Nashik,19.871767147300552,73.74373473594825,1,5,1,1,1,0.756049,1,0.703162,Vegetation,Vegetation,Vegetation,Vegetation,No Change
334.0,1,Nashik,20.094549337762192,73.85997673371332,1,1,1,1,1,0.749702,1,0.868979,Vegetation,Vegetation,Vegetation,Vegetation,No Change
335.0,1,Nashik,20.128146329388265,73.81236602365499,4,6,2,3,2,0.742259,3,0.552992,Agriculture,Built-up,Agriculture,Built-up,Urban Expansion
336.0,1,Nashik,19.857214439697817,73.65004045181459,1,4,1,2,1,0.60674,2,0.827626,Vegetation,Agriculture,Vegetation,Agriculture,Agriculture Gain
337.0,1,Nashik,20.06041335696565,73.66782709444016,6,4,3,2,3,0.702242,2,0.738007,Built-up,Agriculture,Built-up,Agriculture,Other Change
338.0,1,Nashik,20.10218501767721,73.69504604754898,4,4,2,2,2,0.813692,2,0.807817,Agriculture,Agriculture,Agriculture,Agriculture,No Change
339.0,1,Nashik,19.96096985501362,73.87695489258319,6,6,3,3,3,0.885373,3,0.536418,Built-up,Built-up,Built-up,Built-up,No Change
340.0,1,Nashik,20.075325390682035,73.9229486351301,4,6,2,3,2,0.762242,3,0.856703,Agriculture,Built-up,Agriculture,Built-up,Urban Expansion
341.0,1,Nashik,19.97974464445172,73.92681139085181,4,4,2,2,2,0.605081,2,0.811321,Agriculture,Agriculture,Agriculture,Agriculture,No Change
342.0,1,Nashik,19.98827863965085,73.79916078897843,6,6,3,3,3,0.751571,3,0.777849,Built-up,Built-up,Built-up,Built-up,No Change
343.0,1,Nashik,19.88362490905093,73.82054069274048,6,6,3,3,3,0.483225,3,0.485783,Built-up,Built-up,Built-up,Built-up,No Change
344.0,1,Nashik,19.89898610040937,73.74121945315272,5,5,1,1,1,0.649489,1,0.568748,Vegetation,Vegetation,Vegetation,Vegetation,No Change
345.0,1,Nashik,19.99097358550321,73.78101482023922,6,6,3,3,3,0.772416,3,0.839796,Built-up,Built-up,Built-up,Built-up,No Change
346.0,1,Nashik,20.068318531465906,73.80446084915474,4,6,2,3,1,0.575782,2,0.509106,Agriculture,Built-up,Vegetation,Agriculture,Agriculture Gain
347.0,1,Nashik,20.074067749284268,73.8410222812184,4,4,2,2,2,0.729781,2,0.853682,Agriculture,Agriculture,Agriculture,Agriculture,No Change
348.0,1,Nashik,20.023762093373577,73.70447835803223,5,4,1,2,1,0.598883,3,0.552466,Vegetation,Agriculture,Vegetation,Built-up,Vegetation Loss
349.0,1,Nashik,20.068318531465906,73.74696867097109,4,4,2,2,1,0.553137,2,0.354766,Agriculture,Agriculture,Vegetation,Agriculture,Agriculture Gain
350.0,1,Nashik,19.96411395850804,73.68821885138966,4,4,2,2,2,0.879133,2,0.855752,Agriculture,Agriculture,Agriculture,Agriculture,No Change
351.0,1,Nashik,20.13946510196817,73.74921445918139,5,5,1,1,1,0.669799,1,0.795266,Vegetation,Vegetation,Vegetation,Vegetation,No Change
352.0,1,Nashik,20.10514945811481,73.66558130622985,4,6,2,3,2,0.489899,1,0.431925,Agriculture,Built-up,Agriculture,Vegetation,Vegetation Gain
353.0,1,Nashik,19.921623645569188,73.77697240146068,4,4,2,2,2,0.788615,2,0.755527,Agriculture,Agriculture,Agriculture,Agriculture,No Change
354.0,1,Nashik,20.114851263183294,73.84749015126405,4,4,2,2,2,0.842039,2,0.836773,Agriculture,Agriculture,Agriculture,Agriculture,No Change
355.0,1,Nashik,19.86655691865266,73.89402288298145,4,6,2,3,2,0.81367,3,0.473701,Agriculture,Built-up,Agriculture,Built-up,Urban Expansion
356.0,1,Nashik,20.13353622109298,73.73753636048784,5,1,1,1,1,0.539291,1,0.590895,Vegetation,Vegetation,Vegetation,Vegetation,No Change
357.0,1,Nashik,19.927193200330727,73.73043966974329,6,6,3,3,3,0.477179,3,0.440825,Built-up,Built-up,Built-up,Built-up,No Change
358.0,1,Nashik,19.93357123884797,73.66612029540033,5,5,1,1,1,0.630317,1,0.763454,Vegetation,Vegetation,Vegetation,Vegetation,No Change
359.0,1,Nashik,19.93384073343321,73.87497859895812,4,4,2,2,2,0.436806,2,0.669311,Agriculture,Agriculture,Agriculture,Agriculture,No Change
360.0,1,Nashik,19.87805535428939,73.82170850260984,1,1,1,1,1,0.984147,1,0.936917,Vegetation,Vegetation,Vegetation,Vegetation,No Change
361.0,1,Nashik,20.04981323661304,73.74077029551066,4,4,2,2,2,0.810351,2,0.790151,Agriculture,Agriculture,Agriculture,Agriculture,No Change
362.0,1,Nashik,20.10272400684768,73.93426740771001,1,1,1,1,1,0.689937,1,0.562912,Vegetation,Vegetation,Vegetation,Vegetation,No Change
363.0,1,Nashik,19.871407821186907,73.78218263010857,1,1,1,1,1,0.742516,1,0.921332,Vegetation,Vegetation,Vegetation,Vegetation,No Change
364.0,1,Nashik,20.018102707083624,73.93821999496014,4,4,2,2,2,0.72753,2,0.771004,Agriculture,Agriculture,Agriculture,Agriculture,No Change
365.0,1,Nashik,20.000046569872826,73.94558618028991,4,4,2,2,2,0.812193,2,0.783846,Agriculture,Agriculture,Agriculture,Agriculture,No Change
366.0,1,Nashik,20.04550132324927,73.650130283343,0,0,0,0,0,1.0,0,1.0,Water,Water,Water,Water,No Change
367.0,1,Nashik,19.98899729187815,73.87021752795228,4,4,2,2,2,0.886408,2,0.766526,Agriculture,Agriculture,Agriculture,Agriculture,No Change
368.0,1,Nashik,19.918299879017944,73.69181211252615,5,5,1,1,1,0.656975,1,0.65106,Vegetation,Vegetation,Vegetation,Vegetation,No Change
369.0,1,Nashik,19.871407821186907,73.82009153509841,6,6,3,3,2,0.510125,3,0.614826,Built-up,Built-up,Agriculture,Built-up,Urban Expansion
370.0,1,Nashik,19.96626991518993,73.89968226927141,4,4,2,2,2,0.761739,2,0.81416,Agriculture,Agriculture,Agriculture,Agriculture,No Change
371.0,1,Nashik,19.962856317110276,73.92115200456186,4,4,2,2,2,0.836116,2,0.69662,Agriculture,Agriculture,Agriculture,Agriculture,No Change
372.0,1,Nashik,19.90006407875032,73.82566108985996,1,1,1,1,1,0.798236,1,0.777982,Vegetation,Vegetation,Vegetation,Vegetation,No Change
373.0,1,Nashik,19.863592478215065,73.77248082504008,5,1,1,1,1,0.703741,1,0.819111,Vegetation,Vegetation,Vegetation,Vegetation,No Change
374.0,1,Nashik,20.10838339313764,73.72343281052716,4,4,2,2,2,0.735747,2,0.683665,Agriculture,Agriculture,Agriculture,Agriculture,No Change
375.0,1,Nashik,20.01477894053238,73.65282522919536,0,0,0,0,0,1.0,0,1.0,Water,Water,Water,Water,No Change
376.0,1,Nashik,19.91677274303494,73.8026642185865,5,5,1,1,1,0.698877,1,0.746339,Vegetation,Vegetation,Vegetation,Vegetation,No Change
377.0,1,Nashik,20.041189409885494,73.78954881543835,6,6,3,3,3,0.688002,3,0.628749,Built-up,Built-up,Built-up,Built-up,No Change
378.0,1,Nashik,20.10218501767721,73.90219755206694,4,4,2,2,2,0.731843,2,0.790307,Agriculture,Agriculture,Agriculture,Agriculture,No Change
379.0,1,Nashik,20.049094584385745,73.84533419458218,4,4,2,2,2,0.809094,2,0.708555,Agriculture,Agriculture,Agriculture,Agriculture,No Change
380.0,1,Nashik,19.922971118495365,73.69486638449216,6,6,3,3,3,0.676014,3,0.714145,Built-up,Built-up,Built-up,Built-up,No Change
381.0,1,Nashik,20.018102707083624,73.67824755173594,4,6,2,3,2,0.734795,3,0.868099,Agriculture,Built-up,Agriculture,Built-up,Urban Expansion
382.0,1,Nashik,20.14781943411048,73.67905603549166,1,5,1,1,1,0.636599,1,0.75674,Vegetation,Vegetation,Vegetation,Vegetation,No Change
383.0,1,Nashik,19.881468952369044,73.91657059661286,4,4,2,2,2,0.837324,2,0.609789,Agriculture,Agriculture,Agriculture,Agriculture,No Change
384.0,1,Nashik,19.95126804994513,73.88369225721408,6,6,3,3,3,0.616295,3,0.751435,Built-up,Built-up,Built-up,Built-up,No Change
385.0,1,Nashik,20.08888995147224,73.87569725118541,5,5,1,1,1,0.814482,1,0.905941,Vegetation,Vegetation,Vegetation,Vegetation,No Change
386.0,1,Nashik,19.89898610040937,73.7230734844135,1,1,1,1,1,0.59665,1,0.892342,Vegetation,Vegetation,Vegetation,Vegetation,No Change
387.0,1,Nashik,20.131380264411096,73.91225868324908,4,4,2,2,2,0.719628,2,0.642221,Agriculture,Agriculture,Agriculture,Agriculture,No Change
388.0,1,Nashik,19.91596425927923,73.88701602376533,4,4,2,2,2,0.742735,2,0.865929,Agriculture,Agriculture,Agriculture,Agriculture,No Change
389.0,1,Nashik,20.126888687990498,73.70142408606623,4,4,2,2,2,0.403181,2,0.668615,Agriculture,Agriculture,Agriculture,Agriculture,No Change
390.0,1,Nashik,19.851644884936277,73.79925062050684,4,6,2,3,2,0.441247,1,0.627649,Agriculture,Built-up,Agriculture,Vegetation,Vegetation Gain
391.0,1,Nashik,20.116558062223124,73.78604538583029,5,5,1,1,2,0.560107,2,0.517504,Vegetation,Vegetation,Agriculture,Agriculture,No Change
392.0,1,Nashik,19.983248074059784,73.77230116198325,6,6,3,3,1,0.622085,3,0.993285,Built-up,Built-up,Vegetation,Built-up,Vegetation Loss
393.0,1,Nashik,20.092842538722365,73.84596301528106,4,4,2,2,2,0.896925,2,0.773445,Agriculture,Agriculture,Agriculture,Agriculture,No Change
394.0,1,Nashik,20.087093320904003,73.77445711866514,4,4,2,2,1,0.847123,2,0.50783,Agriculture,Agriculture,Vegetation,Agriculture,Agriculture Gain
395.0,1,Nashik,20.00229235808312,73.65947276229784,4,5,2,1,1,0.446587,2,0.406352,Agriculture,Vegetation,Vegetation,Agriculture,Agriculture Gain
396.0,1,Nashik,19.931864439808148,73.8515325700426,4,4,2,2,3,0.458964,2,0.803375,Agriculture,Agriculture,Built-up,Agriculture,Other Change
397.0,1,Nashik,19.87913333263033,73.7245107888681,5,5,1,1,1,0.652595,1,0.722378,Vegetation,Vegetation,Vegetation,Vegetation,No Change
398.0,1,Nashik,20.045411491720856,73.68570356859414,4,4,2,2,2,0.728027,2,0.85449,Agriculture,Agriculture,Agriculture,Agriculture,No Change
399.0,1,Nashik,20.04532166019244,73.84066295510475,5,5,1,1,1,0.649953,1,0.573518,Vegetation,Vegetation,Vegetation,Vegetation,No Change
400.0,1,Nashik,20.100657881694207,73.90049075302711,4,4,2,2,2,0.758537,3,0.64738,Agriculture,Agriculture,Agriculture,Built-up,Urban Expansion
401.0,1,Nashik,20.14683128729795,73.83545272645686,4,4,2,2,2,0.717082,2,0.742022,Agriculture,Agriculture,Agriculture,Agriculture,No Change
402.0,1,Nashik,19.990704090917976,73.79916078897843,6,6,3,3,3,0.739598,3,0.682279,Built-up,Built-up,Built-up,Built-up,No Change
403.0,1,Nashik,20.12078014405848,73.75693997062481,4,4,2,2,2,0.753804,2,0.723979,Agriculture,Agriculture,Agriculture,Agriculture,No Change
404.0,1,Nashik,19.91264049272799,73.94432853889215,4,4,2,2,2,0.587613,2,0.592074,Agriculture,Agriculture,Agriculture,Agriculture,No Change
405.0,1,Nashik,20.03517069748189,73.6907341341852,4,4,2,2,2,0.615437,2,0.495744,Agriculture,Agriculture,Agriculture,Agriculture,No Change
406.0,1,Nashik,20.11916317654707,73.85135290698578,4,1,2,1,2,0.720094,1,0.796705,Agriculture,Vegetation,Agriculture,Vegetation,Vegetation Gain
407.0,1,Nashik,19.89700980678431,73.67276782850281,4,4,2,2,2,0.777619,2,0.858702,Agriculture,Agriculture,Agriculture,Agriculture,No Change
408.0,1,Nashik,20.10155619697833,73.75756879132369,5,4,1,2,2,0.526633,1,0.533852,Vegetation,Agriculture,Agriculture,Vegetation,Vegetation Gain
409.0,1,Nashik,20.06858802605114,73.76825874320473,4,4,2,2,2,0.798871,2,0.685645,Agriculture,Agriculture,Agriculture,Agriculture,No Change
410.0,1,Nashik,20.068318531465906,73.66962372500839,4,4,2,2,2,0.783298,2,0.768044,Agriculture,Agriculture,Agriculture,Agriculture,No Change
411.0,1,Nashik,20.14036341725229,73.66531181164463,4,4,2,2,2,0.833478,2,0.779035,Agriculture,Agriculture,Agriculture,Agriculture,No Change
412.0,1,Nashik,19.85317202091928,73.93947763635789,4,4,2,2,2,0.825641,2,0.861051,Agriculture,Agriculture,Agriculture,Agriculture,No Change
413.0,1,Nashik,20.114132610956,73.78891999473947,5,4,1,2,1,0.767269,2,0.823022,Vegetation,Agriculture,Vegetation,Agriculture,Agriculture Gain
414.0,1,Nashik,19.95719693082032,73.76933672154566,6,6,3,3,3,0.941723,3,0.826224,Built-up,Built-up,Built-up,Built-up,No Change
415.0,1,Nashik,19.95315451204178,73.70591566248683,4,5,2,1,2,0.830636,1,0.740586,Agriculture,Vegetation,Agriculture,Vegetation,Vegetation Gain
416.0,1,Nashik,19.939500119723164,73.78469791290411,4,4,2,2,2,0.899374,2,0.778412,Agriculture,Agriculture,Agriculture,Agriculture,No Change
417.0,1,Nashik,19.94695613658136,73.85404785283814,4,4,2,2,2,0.851264,2,0.915176,Agriculture,Agriculture,Agriculture,Agriculture,No Change
418.0,1,Nashik,19.950010408547364,73.89420254603827,6,6,3,3,3,0.831093,3,0.880662,Built-up,Built-up,Built-up,Built-up,No Change
419.0,1,Nashik,20.1291344762008,73.71507847838484,6,6,3,3,2,0.612398,2,0.502493,Built-up,Built-up,Agriculture,Agriculture,No Change
420.0,1,Nashik,19.992141395372567,73.90210772053852,6,6,3,3,3,0.815572,3,0.737724,Built-up,Built-up,Built-up,Built-up,No Change
421.0,1,Nashik,19.857124608169404,73.92528425486881,4,4,2,2,2,0.878776,2,0.707299,Agriculture,Agriculture,Agriculture,Agriculture,No Change
422.0,1,Nashik,20.05565228595982,73.81865423064383,6,6,3,3,3,0.602659,3,0.813718,Built-up,Built-up,Built-up,Built-up,No Change
423.0,1,Nashik,19.9540528273259,73.67555260588358,1,5,1,1,1,0.76858,1,0.808858,Vegetation,Vegetation,Vegetation,Vegetation,No Change
424.0,1,Nashik,20.06688122701131,73.8613242066395,5,5,1,1,2,0.479753,2,0.445616,Vegetation,Vegetation,Agriculture,Agriculture,No Change
425.0,1,Nashik,19.88596052878964,73.67959502466212,4,4,2,2,2,0.80698,2,0.742413,Agriculture,Agriculture,Agriculture,Agriculture,No Change
426.0,1,Nashik,19.87302478869832,73.84308840637188,4,4,2,2,1,0.724267,1,0.680429,Agriculture,Agriculture,Vegetation,Vegetation,No Change
427.0,1,Nashik,19.95126804994513,73.81892372522906,1,1,1,1,1,0.912684,1,0.862176,Vegetation,Vegetation,Vegetation,Vegetation,No Change
428.0,1,Nashik,19.99878892847505,73.81964237745636,4,4,2,2,2,0.913449,2,0.857306,Agriculture,Agriculture,Agriculture,Agriculture,No Change
429.0,1,Nashik,19.87032984284596,73.85656313563366,4,6,2,3,3,0.463711,3,0.466778,Agriculture,Built-up,Built-up,Built-up,No Change
430.0,1,Nashik,20.04604031241974,73.92052318386298,4,4,2,2,2,0.71567,2,0.964362,Agriculture,Agriculture,Agriculture,Agriculture,No Change
431.0,1,Nashik,19.98225992724725,73.75424502477246,6,6,3,3,3,0.940903,3,0.874789,Built-up,Built-up,Built-up,Built-up,No Change
432.0,1,Nashik,20.08287123906864,73.94630483251721,4,4,2,2,2,0.584267,2,0.836612,Agriculture,Agriculture,Agriculture,Agriculture,No Change
433.0,1,Nashik,19.96132918112727,73.78074532565398,6,6,3,3,3,0.976688,3,0.986824,Built-up,Built-up,Built-up,Built-up,No Change
434.0,1,Nashik,20.040740252243435,73.8589885869008,4,6,2,3,2,0.808083,3,0.538514,Agriculture,Built-up,Agriculture,Built-up,Urban Expansion
435.0,1,Nashik,19.900333573335555,73.76098238940335,5,5,1,1,1,0.735611,1,0.895802,Vegetation,Vegetation,Vegetation,Vegetation,No Change
436.0,1,Nashik,19.89521317621607,73.65956259382625,0,0,0,0,0,1.0,0,0.99995,Water,Water,Water,Water,No Change
437.0,1,Nashik,20.071462634960323,73.72478028345333,1,6,1,3,1,0.78164,3,0.563671,Vegetation,Built-up,Vegetation,Built-up,Vegetation Loss
438.0,1,Nashik,19.874731587738147,73.82772721501343,4,4,2,2,2,0.682175,2,0.832678,Agriculture,Agriculture,Agriculture,Agriculture,No Change
439.0,1,Nashik,20.006604271446893,73.8658157830601,4,4,2,2,3,0.444385,2,0.583645,Agriculture,Agriculture,Built-up,Agriculture,Other Change
440.0,1,Nashik,20.14629229812748,73.67609159505406,1,1,1,1,1,0.638595,1,0.712534,Vegetation,Vegetation,Vegetation,Vegetation,No Change
441.0,1,Nashik,19.98252942183249,73.67366614378693,6,4,3,2,2,0.597192,2,0.551747,Built-up,Agriculture,Agriculture,Agriculture,No Change
442.0,1,Nashik,20.066342237840843,73.90992306351036,4,4,2,2,2,0.865993,2,0.899673,Agriculture,Agriculture,Agriculture,Agriculture,No Change
443.0,1,Nashik,20.111078338989994,73.7320566372547,4,4,2,2,2,0.804547,2,0.876488,Agriculture,Agriculture,Agriculture,Agriculture,No Change
444.0,1,Nashik,20.002561852668357,73.83706969396827,4,4,2,2,2,0.863968,2,0.83119,Agriculture,Agriculture,Agriculture,Agriculture,No Change
445.0,1,Nashik,19.93491871177416,73.67133052404822,4,6,2,3,2,0.84715,3,0.639723,Agriculture,Built-up,Agriculture,Built-up,Urban Expansion
446.0,1,Nashik,20.052777677050635,73.72540910415222,4,4,2,2,2,0.743309,2,0.709121,Agriculture,Agriculture,Agriculture,Agriculture,No Change
447.0,1,Nashik,19.89521317621607,73.85332920061084,4,6,2,3,2,0.738972,3,0.554534,Agriculture,Built-up,Agriculture,Built-up,Urban Expansion
448.0,1,Nashik,20.12176829087101,73.8342849165875,4,4,2,2,2,0.911914,2,0.880197,Agriculture,Agriculture,Agriculture,Agriculture,No Change
449.0,1,Nashik,20.09616630527361,73.73780585507306,5,1,1,1,1,0.608598,1,0.720992,Vegetation,Vegetation,Vegetation,Vegetation,No Change
450.0,1,Nashik,19.86467045655601,73.87722438716841,4,4,2,2,2,0.796629,2,0.882811,Agriculture,Agriculture,Agriculture,Agriculture,No Change
451.0,1,Nashik,20.049633573556218,73.74508220887444,4,4,2,2,2,0.660653,2,0.78568,Agriculture,Agriculture,Agriculture,Agriculture,No Change
452.0,1,Nashik,20.00920938577084,73.94217258221026,4,4,2,2,2,0.64677,2,0.779936,Agriculture,Agriculture,Agriculture,Agriculture,No Change
453.0,1,Nashik,19.95504097413843,73.6674677683265,4,4,2,2,2,0.750848,2,0.663538,Agriculture,Agriculture,Agriculture,Agriculture,No Change
454.0,1,Nashik,19.97291744829241,73.81784574688811,1,1,1,1,1,0.762819,1,0.70108,Vegetation,Vegetation,Vegetation,Vegetation,No Change
455.0,1,Nashik,19.911382851330224,73.86024622829856,4,4,2,2,1,0.405342,1,0.593194,Agriculture,Agriculture,Vegetation,Vegetation,No Change
456.0,1,Nashik,19.857573765811463,73.71480898379961,1,1,1,1,1,0.798001,1,0.681741,Vegetation,Vegetation,Vegetation,Vegetation,No Change
457.0,1,Nashik,20.05888622098265,73.82269664942237,4,4,2,2,2,0.814304,2,0.781323,Agriculture,Agriculture,Agriculture,Agriculture,No Change
458.0,1,Nashik,19.87904350110192,73.74687883944267,5,4,1,2,1,0.452571,3,0.512633,Vegetation,Agriculture,Vegetation,Built-up,Vegetation Loss
459.0,1,Nashik,20.023402767259928,73.83859682995127,6,6,3,3,3,0.882251,3,0.875706,Built-up,Built-up,Built-up,Built-up,No Change
460.0,1,Nashik,20.09751377819979,73.77751139063115,4,4,2,2,2,0.675712,2,0.807602,Agriculture,Agriculture,Agriculture,Agriculture,No Change
461.0,1,Nashik,20.08520685880735,73.6862425577646,4,4,2,2,2,0.695084,2,0.851125,Agriculture,Agriculture,Agriculture,Agriculture,No Change
462.0,1,Nashik,19.86529927725489,73.67483395365629,4,4,2,2,2,0.769895,2,0.713265,Agriculture,Agriculture,Agriculture,Agriculture,No Change
463.0,1,Nashik,19.90410649752885,73.9393878048295,4,4,2,2,2,0.364446,3,0.457474,Agriculture,Agriculture,Agriculture,Built-up,Urban Expansion
464.0,1,Nashik,20.01774338096997,73.82422378540537,6,6,3,3,3,0.857729,3,0.821964,Built-up,Built-up,Built-up,Built-up,No Change
465.0,1,Nashik,19.8705993374312,73.84901728724707,4,4,2,2,2,0.799574,2,0.558525,Agriculture,Agriculture,Agriculture,Agriculture,No Change
466.0,1,Nashik,20.016306076515384,73.89132793712909,4,4,2,2,2,0.752936,2,0.880809,Agriculture,Agriculture,Agriculture,Agriculture,No Change
467.0,1,Nashik,19.955579963308903,73.6508489355703,4,4,2,2,2,0.638132,2,0.661688,Agriculture,Agriculture,Agriculture,Agriculture,No Change
468.0,1,Nashik,19.934559385660503,73.7501127744655,4,1,2,1,2,0.756905,1,0.617718,Agriculture,Vegetation,Agriculture,Vegetation,Vegetation Gain
469.0,1,Nashik,19.96779705117293,73.89204658935638,6,5,3,1,3,0.603852,1,0.626815,Built-up,Vegetation,Built-up,Vegetation,Vegetation Gain
470.0,1,Nashik,20.041189409885494,73.85036476017325,6,6,3,3,3,0.83992,3,0.955263,Built-up,Built-up,Built-up,Built-up,No Change
471.0,1,Nashik,19.926115221989782,73.8988737855157,4,4,2,2,2,0.57925,2,0.714005,Agriculture,Agriculture,Agriculture,Agriculture,No Change
472.0,1,Nashik,19.934110228018447,73.76700110180695,4,6,2,3,2,0.861267,3,0.576226,Agriculture,Built-up,Agriculture,Built-up,Urban Expansion
473.0,1,Nashik,20.0728101078865,73.93992679399996,4,4,2,2,2,0.88561,2,0.667877,Agriculture,Agriculture,Agriculture,Agriculture,No Change
474.0,1,Nashik,19.935008543302565,73.76322817761366,5,6,1,3,2,0.692219,3,0.532988,Vegetation,Built-up,Agriculture,Built-up,Urban Expansion
475.0,1,Nashik,19.97183946995147,73.77697240146068,6,6,3,3,1,0.682583,2,0.392458,Built-up,Built-up,Vegetation,Agriculture,Agriculture Gain
476.0,1,Nashik,20.074067749284268,73.92914701059053,4,4,2,2,2,0.95407,2,0.708031,Agriculture,Agriculture,Agriculture,Agriculture,No Change
477.0,1,Nashik,20.054753970675694,73.68579340012255,4,4,2,2,2,0.553776,2,0.679833,Agriculture,Agriculture,Agriculture,Agriculture,No Change
478.0,1,Nashik,20.07864915723328,73.88369225721408,4,4,2,2,2,0.881644,2,0.583015,Agriculture,Agriculture,Agriculture,Agriculture,No Change
479.0,1,Nashik,20.110719012876345,73.86114454358268,4,4,2,2,2,0.74454,2,0.675395,Agriculture,Agriculture,Agriculture,Agriculture,No Change
480.0,1,Nashik,20.141082069479584,73.8800989960776,4,4,2,2,2,0.645977,2,0.648615,Agriculture,Agriculture,Agriculture,Agriculture,No Change
481.0,1,Nashik,19.94812394645071,73.90543148708977,4,4,2,2,2,0.756601,2,0.822306,Agriculture,Agriculture,Agriculture,Agriculture,No Change
482.0,1,Nashik,20.015856918873325,73.87973966996395,4,4,2,2,2,0.805981,2,0.854187,Agriculture,Agriculture,Agriculture,Agriculture,No Change
483.0,1,Nashik,19.88407406669299,73.88503973014026,4,4,2,2,2,0.825638,2,0.787295,Agriculture,Agriculture,Agriculture,Agriculture,No Change
484.0,1,Nashik,20.072001624130795,73.92079267844821,4,4,2,2,2,0.838384,2,0.88749,Agriculture,Agriculture,Agriculture,Agriculture,No Change
485.0,1,Nashik,19.92090499334189,73.68750019916237,4,4,2,2,2,0.726911,2,0.665246,Agriculture,Agriculture,Agriculture,Agriculture,No Change
486.0,1,Nashik,20.086105174091472,73.71642595131102,5,1,1,1,1,0.778094,1,0.923006,Vegetation,Vegetation,Vegetation,Vegetation,No Change
487.0,1,Nashik,19.93330174426274,73.902646709709,4,4,2,2,2,0.810405,2,0.81603,Agriculture,Agriculture,Agriculture,Agriculture,No Change
488.0,1,Nashik,19.850117748953277,73.71974971786227,4,4,2,2,2,0.701228,2,0.704378,Agriculture,Agriculture,Agriculture,Agriculture,No Change
489.0,1,Nashik,19.979295486809654,73.92393678194263,4,4,2,2,2,0.721363,2,0.847,Agriculture,Agriculture,Agriculture,Agriculture,No Change
490.0,1,Nashik,19.917491395262235,73.80023876731937,5,5,1,1,1,0.681678,1,0.718504,Vegetation,Vegetation,Vegetation,Vegetation,No Change
491.0,1,Nashik,19.85550764065799,73.76565362888077,1,1,1,1,1,0.827826,1,0.619508,Vegetation,Vegetation,Vegetation,Vegetation,No Change
492.0,1,Nashik,19.97642087790048,73.82341530164966,6,6,3,3,3,0.915212,3,0.853965,Built-up,Built-up,Built-up,Built-up,No Change
493.0,1,Nashik,20.034182550669364,73.92869785294846,4,4,2,2,2,0.877784,2,0.723861,Agriculture,Agriculture,Agriculture,Agriculture,No Change
494.0,1,Nashik,20.03993176848773,73.74966361682344,4,4,2,2,2,0.572342,2,0.870697,Agriculture,Agriculture,Agriculture,Agriculture,No Change
495.0,1,Nashik,20.05664043277235,73.79790314758067,6,6,3,3,3,0.826934,3,0.806763,Built-up,Built-up,Built-up,Built-up,No Change
496.0,1,Nashik,20.12661919340526,73.90111957372599,4,4,2,2,2,0.846224,2,0.863443,Agriculture,Agriculture,Agriculture,Agriculture,No Change
497.0,1,Nashik,19.93204410286497,73.71229370100407,4,4,2,2,3,0.688432,2,0.683267,Agriculture,Agriculture,Built-up,Agriculture,Other Change
498.0,1,Nashik,19.997082129435228,73.92178082526074,6,6,3,3,3,0.875402,3,0.643895,Built-up,Built-up,Built-up,Built-up,No Change
499.0,1,Nashik,19.913359144955287,73.79960994662049,4,4,2,2,2,0.798387,2,0.789929,Agriculture,Agriculture,Agriculture,Agriculture,No Change
500.0,2,Pune,18.499590550807984,73.85198172768466,6,6,3,3,3,0.900898,3,0.600593,Built-up,Built-up,Built-up,Built-up,No Change
501.0,2,Pune,18.6161918746867,74.03056680616761,4,4,2,2,2,0.791323,2,0.820097,Agriculture,Agriculture,Agriculture,Agriculture,No Change
502.0,2,Pune,18.44515264459034,73.7635875037273,4,5,2,1,2,0.539749,1,0.544945,Agriculture,Vegetation,Agriculture,Vegetation,Vegetation Gain
503.0,2,Pune,18.586008481140283,73.8267390682009,6,6,3,3,3,0.614306,3,0.987827,Built-up,Built-up,Built-up,Built-up,No Change
504.0,2,Pune,18.6034357976522,73.68453575872478,1,1,1,1,1,0.772058,1,0.859865,Vegetation,Vegetation,Vegetation,Vegetation,No Change
505.0,2,Pune,18.395835135492177,73.90067041608394,5,5,1,1,1,0.607881,1,0.445373,Vegetation,Vegetation,Vegetation,Vegetation,No Change
506.0,2,Pune,18.64996852936959,73.74436355664714,6,6,3,3,3,0.945147,3,0.88353,Built-up,Built-up,Built-up,Built-up,No Change
507.0,2,Pune,18.380473944133737,73.7049275156743,5,5,1,1,1,0.829661,1,0.848382,Vegetation,Vegetation,Vegetation,Vegetation,No Change
508.0,2,Pune,18.57531852925926,73.98861548239924,4,6,2,3,2,0.797997,3,0.463097,Agriculture,Built-up,Agriculture,Built-up,Urban Expansion
509.0,2,Pune,18.66973146562022,73.98358491680817,6,6,3,3,3,0.800662,3,0.928936,Built-up,Built-up,Built-up,Built-up,No Change
510.0,2,Pune,18.445781465289222,73.85575465187796,6,6,3,3,3,0.908884,3,0.758364,Built-up,Built-up,Built-up,Built-up,No Change
511.0,2,Pune,18.68401467863772,73.81694743160399,6,6,3,3,3,0.459473,3,0.924625,Built-up,Built-up,Built-up,Built-up,No Change
512.0,2,Pune,18.464196928613674,73.85791060855985,6,6,3,3,3,0.960454,3,0.950482,Built-up,Built-up,Built-up,Built-up,No Change
513.0,2,Pune,18.605142596692023,73.82206782872348,6,6,3,3,3,0.873269,3,0.962258,Built-up,Built-up,Built-up,Built-up,No Change
514.0,2,Pune,18.408681044055086,73.7981726421659,1,1,1,1,1,0.769735,1,0.942992,Vegetation,Vegetation,Vegetation,Vegetation,No Change
515.0,2,Pune,18.55339963632674,73.7808351571824,6,6,3,3,3,0.971827,3,0.612005,Built-up,Built-up,Built-up,Built-up,No Change
516.0,2,Pune,18.397092776889945,73.7418482738516,1,1,1,1,1,0.70798,1,0.807131,Vegetation,Vegetation,Vegetation,Vegetation,No Change
517.0,2,Pune,18.40140469025372,73.66073040369561,5,5,1,1,1,0.785264,1,0.924752,Vegetation,Vegetation,Vegetation,Vegetation,No Change
518.0,2,Pune,18.6237377230733,73.75128058433486,6,6,3,3,3,0.969482,3,0.960835,Built-up,Built-up,Built-up,Built-up,No Change
519.0,2,Pune,18.429252464061424,73.76403666136936,0,0,0,0,0,1.0,0,1.0,Water,Water,Water,Water,No Change
520.0,2,Pune,18.456022259528183,73.68363744344066,1,1,1,1,1,0.897873,1,0.80799,Vegetation,Vegetation,Vegetation,Vegetation,No Change
521.0,2,Pune,18.661107638892677,73.89599917660651,4,6,2,3,2,0.696658,3,0.713068,Agriculture,Built-up,Agriculture,Built-up,Urban Expansion
522.0,2,Pune,18.69227917925162,73.95816259426759,4,5,2,1,2,0.868663,1,0.671445,Agriculture,Vegetation,Agriculture,Vegetation,Vegetation Gain
523.0,2,Pune,18.559148854145107,73.69908846632751,6,6,3,3,3,0.682034,3,0.790192,Built-up,Built-up,Built-up,Built-up,No Change
524.0,2,Pune,18.54217069527525,73.88890248586198,6,6,3,3,1,0.486062,1,0.491159,Built-up,Built-up,Vegetation,Vegetation,No Change
525.0,2,Pune,18.74123736223613,73.77921818967097,6,6,3,3,3,0.706982,3,0.858645,Built-up,Built-up,Built-up,Built-up,No Change
526.0,2,Pune,18.391613053656812,73.99247823812095,5,5,1,1,1,0.806898,1,0.832747,Vegetation,Vegetation,Vegetation,Vegetation,No Change
527.0,2,Pune,18.44048140511292,73.76241969385794,0,0,0,0,0,0.999994,0,1.0,Water,Water,Water,Water,No Change
528.0,2,Pune,18.624007217658537,73.8823447842879,5,5,1,1,1,0.778626,1,0.552871,Vegetation,Vegetation,Vegetation,Vegetation,No Change
529.0,2,Pune,18.573432067162607,73.80589815360932,1,1,1,1,2,0.373345,1,0.50204,Vegetation,Vegetation,Agriculture,Vegetation,Vegetation Gain
530.0,2,Pune,18.567323523230595,73.7891894893247,4,6,2,3,2,0.704707,3,0.607453,Agriculture,Built-up,Agriculture,Built-up,Urban Expansion
531.0,2,Pune,18.46886816809109,74.04278389403164,0,4,0,2,0,0.592806,2,0.790523,Water,Agriculture,Water,Agriculture,Water Loss
532.0,2,Pune,18.59508146550989,73.8943822090951,6,6,3,3,3,0.934745,3,0.87776,Built-up,Built-up,Built-up,Built-up,No Change
533.0,2,Pune,18.41110649532221,73.99301722729142,5,5,1,1,1,0.597121,1,0.621221,Vegetation,Vegetation,Vegetation,Vegetation,No Change
534.0,2,Pune,18.594452644811007,73.74157877926636,6,6,3,3,3,0.808994,3,0.641271,Built-up,Built-up,Built-up,Built-up,No Change
535.0,2,Pune,18.54073339082066,73.71921072869179,4,4,2,2,2,0.786547,2,0.671237,Agriculture,Agriculture,Agriculture,Agriculture,No Change
536.0,2,Pune,18.51513140522325,73.94289123443755,6,6,3,3,3,0.866437,3,0.945613,Built-up,Built-up,Built-up,Built-up,No Change
537.0,2,Pune,18.548548733792497,73.82557125833155,5,5,1,1,1,0.724064,1,0.957102,Vegetation,Vegetation,Vegetation,Vegetation,No Change
538.0,2,Pune,18.6853621515639,73.94432853889215,5,5,1,1,1,0.878869,1,0.919957,Vegetation,Vegetation,Vegetation,Vegetation,No Change
539.0,2,Pune,18.425120213754475,74.03559737175868,1,1,1,1,2,0.450863,1,0.475205,Vegetation,Vegetation,Agriculture,Vegetation,Vegetation Gain
540.0,2,Pune,18.512616122427715,73.96687625252355,6,6,3,3,3,0.948279,3,0.874908,Built-up,Built-up,Built-up,Built-up,No Change
541.0,2,Pune,18.654370274261776,73.96624743182466,4,4,2,2,2,0.741164,2,0.72796,Agriculture,Agriculture,Agriculture,Agriculture,No Change
542.0,2,Pune,18.375712873127902,74.02975832241191,4,4,2,2,2,0.844467,2,0.626393,Agriculture,Agriculture,Agriculture,Agriculture,No Change
543.0,2,Pune,18.36053134482628,73.91657059661286,5,6,1,3,1,0.5289,3,0.453075,Vegetation,Built-up,Vegetation,Built-up,Vegetation Loss
544.0,2,Pune,18.482702223466536,73.68884767208856,1,4,1,2,2,0.524939,2,0.431142,Vegetation,Agriculture,Agriculture,Agriculture,No Change
545.0,2,Pune,18.35307532796809,74.00631229349639,4,6,2,3,2,0.742701,3,0.487414,Agriculture,Built-up,Agriculture,Built-up,Urban Expansion
546.0,2,Pune,18.710874305632892,73.8425494172014,1,6,1,3,1,0.87406,3,0.559911,Vegetation,Built-up,Vegetation,Built-up,Vegetation Loss
547.0,2,Pune,18.6117002982661,73.77652324381862,6,6,3,3,3,0.871398,3,0.917995,Built-up,Built-up,Built-up,Built-up,No Change
548.0,2,Pune,18.371400959764127,73.72442095733969,1,1,1,1,1,0.565566,2,0.507408,Vegetation,Vegetation,Vegetation,Agriculture,Agriculture Gain
549.0,2,Pune,18.67925360763189,73.9184570587095,4,4,2,2,2,0.355046,2,0.605554,Agriculture,Agriculture,Agriculture,Agriculture,No Change
550.0,2,Pune,18.60810703712962,73.77284015115373,6,6,3,3,3,0.9516,3,0.98517,Built-up,Built-up,Built-up,Built-up,No Change
551.0,2,Pune,18.53893676025242,73.97567974230792,4,4,2,2,2,0.69793,2,0.657264,Agriculture,Agriculture,Agriculture,Agriculture,No Change
552.0,2,Pune,18.640895544999985,73.75873660119305,1,6,1,3,1,0.594296,3,0.969288,Vegetation,Built-up,Vegetation,Built-up,Vegetation Loss
553.0,2,Pune,18.558520033446225,73.78335043997792,6,6,3,3,3,0.625396,3,0.767484,Built-up,Built-up,Built-up,Built-up,No Change
554.0,2,Pune,18.402752163179898,73.80149640871714,1,1,1,1,2,0.62194,1,0.625893,Vegetation,Vegetation,Agriculture,Vegetation,Vegetation Gain
555.0,2,Pune,18.48297171805177,73.99373587951872,4,4,2,2,2,0.783644,2,0.748911,Agriculture,Agriculture,Agriculture,Agriculture,No Change
556.0,2,Pune,18.42988128476031,73.75181957350533,0,0,0,0,0,0.999989,0,1.0,Water,Water,Water,Water,No Change
557.0,2,Pune,18.565437061133945,73.80580832208092,6,6,3,3,3,0.432258,3,0.760687,Built-up,Built-up,Built-up,Built-up,No Change
558.0,2,Pune,18.70503525628612,73.99517318397331,4,4,2,2,2,0.831749,2,0.60629,Agriculture,Agriculture,Agriculture,Agriculture,No Change
559.0,2,Pune,18.520341633871144,73.76304851455683,6,6,3,3,3,0.924188,3,0.887181,Built-up,Built-up,Built-up,Built-up,No Change
560.0,2,Pune,18.72866094825846,74.01206151131476,4,4,2,2,2,0.931359,2,0.944183,Agriculture,Agriculture,Agriculture,Agriculture,No Change
561.0,2,Pune,18.65122617076736,73.95870158343806,4,6,2,3,2,0.52253,3,0.928471,Agriculture,Built-up,Agriculture,Built-up,Urban Expansion
562.0,2,Pune,18.63433784342591,73.90435350874883,4,5,2,1,2,0.819961,1,0.624865,Agriculture,Vegetation,Agriculture,Vegetation,Vegetation Gain
563.0,2,Pune,18.394487662566,73.90677896001596,5,5,1,1,1,0.830044,1,0.840082,Vegetation,Vegetation,Vegetation,Vegetation,No Change
564.0,2,Pune,18.729828758127816,73.65426253364996,1,1,1,1,1,0.787628,1,0.760063,Vegetation,Vegetation,Vegetation,Vegetation,No Change
565.0,2,Pune,18.69308766300733,73.80437101762632,6,6,3,3,3,0.968459,3,0.975497,Built-up,Built-up,Built-up,Built-up,No Change
566.0,2,Pune,18.471563113943454,73.7756249285345,6,6,3,3,3,0.731467,3,0.866853,Built-up,Built-up,Built-up,Built-up,No Change
567.0,2,Pune,18.735667807474595,73.65004045181459,6,6,3,3,3,0.731951,3,0.567525,Built-up,Built-up,Built-up,Built-up,No Change
568.0,2,Pune,18.501926170546696,73.76915705848884,6,6,3,3,3,0.681222,3,0.596517,Built-up,Built-up,Built-up,Built-up,No Change
569.0,2,Pune,18.51450258452437,73.69414773226485,6,6,3,3,3,0.963265,3,0.742775,Built-up,Built-up,Built-up,Built-up,No Change
570.0,2,Pune,18.420538805805467,73.7516399104485,1,4,1,2,1,0.510649,2,0.847974,Vegetation,Agriculture,Vegetation,Agriculture,Agriculture Gain
571.0,2,Pune,18.64188369181252,73.77697240146068,1,1,1,1,1,0.887871,1,0.665665,Vegetation,Vegetation,Vegetation,Vegetation,No Change
572.0,2,Pune,18.58322370375951,73.97406277479651,6,6,3,3,3,0.774541,3,0.950345,Built-up,Built-up,Built-up,Built-up,No Change
573.0,2,Pune,18.6320022236872,73.95474899618793,4,6,2,3,2,0.553821,3,0.940062,Agriculture,Built-up,Agriculture,Built-up,Urban Expansion
574.0,2,Pune,18.67700781942159,74.04422119848624,4,4,2,2,2,0.757113,2,0.705961,Agriculture,Agriculture,Agriculture,Agriculture,No Change
575.0,2,Pune,18.537229961212592,73.67393563837217,0,0,0,0,0,0.926795,0,0.981192,Water,Water,Water,Water,No Change
576.0,2,Pune,18.539835075536537,74.04026861123612,4,6,2,3,2,0.780054,3,0.45312,Agriculture,Built-up,Agriculture,Built-up,Urban Expansion
577.0,2,Pune,18.678534955404597,73.73771602354465,6,6,3,3,3,0.860491,3,0.714141,Built-up,Built-up,Built-up,Built-up,No Change
578.0,2,Pune,18.67808579776253,73.94648449557403,4,4,2,2,2,0.833968,2,0.83729,Agriculture,Agriculture,Agriculture,Agriculture,No Change
579.0,2,Pune,18.683835015580897,74.00011391803596,0,0,0,0,0,0.916353,0,0.940753,Water,Water,Water,Water,No Change
580.0,2,Pune,18.66793483505198,73.6974714988161,4,4,2,2,2,0.763667,2,0.696829,Agriculture,Agriculture,Agriculture,Agriculture,No Change
581.0,2,Pune,18.49249386006344,73.79116578294976,6,6,3,3,3,0.839651,3,0.735717,Built-up,Built-up,Built-up,Built-up,No Change
582.0,2,Pune,18.44003224747086,73.83257811754768,6,6,3,3,3,0.651948,3,0.956186,Built-up,Built-up,Built-up,Built-up,No Change
583.0,2,Pune,18.498332909410216,73.76673160722171,6,6,3,3,2,0.455998,2,0.434414,Built-up,Built-up,Agriculture,Agriculture,No Change
584.0,2,Pune,18.35954319801375,73.83194929684879,4,4,2,2,2,0.876905,2,0.826021,Agriculture,Agriculture,Agriculture,Agriculture,No Change
585.0,2,Pune,18.725696507820867,73.78038599954033,5,7,1,4,2,0.50844,3,0.774463,Vegetation,Barren,Agriculture,Built-up,Urban Expansion
586.0,2,Pune,18.55968784331558,73.84012396593428,4,6,2,3,2,0.843238,3,0.599185,Agriculture,Built-up,Agriculture,Built-up,Urban Expansion
587.0,2,Pune,18.585649155026637,73.84227992261617,6,6,3,3,3,0.579428,3,0.496447,Built-up,Built-up,Built-up,Built-up,No Change
588.0,2,Pune,18.509382187404885,73.88297360498679,6,6,3,3,3,0.544824,3,0.609174,Built-up,Built-up,Built-up,Built-up,No Change
589.0,2,Pune,18.428982969476188,73.96885254614861,5,6,1,3,1,0.615025,3,0.768334,Vegetation,Built-up,Vegetation,Built-up,Vegetation Loss
590.0,2,Pune,18.73315252467906,73.77544526547767,1,1,1,1,1,0.787405,1,0.76018,Vegetation,Vegetation,Vegetation,Vegetation,No Change
591.0,2,Pune,18.64933970867071,73.89698732341904,4,4,2,2,2,0.74968,2,0.699838,Agriculture,Agriculture,Agriculture,Agriculture,No Change
592.0,2,Pune,18.73611696511665,73.7672705963922,0,4,0,2,0,0.972205,2,0.848378,Water,Agriculture,Water,Agriculture,Water Loss
593.0,2,Pune,18.705304750871356,73.80401169151267,4,4,2,2,2,0.477101,2,0.571498,Agriculture,Agriculture,Agriculture,Agriculture,No Change
594.0,2,Pune,18.39179271671364,74.00092240179167,5,5,1,1,1,0.7878,1,0.788437,Vegetation,Vegetation,Vegetation,Vegetation,No Change
595.0,2,Pune,18.46716136905127,74.04601782905448,4,4,2,2,2,0.840558,2,0.881861,Agriculture,Agriculture,Agriculture,Agriculture,No Change
596.0,2,Pune,18.529684112825983,73.82350513317807,6,6,3,3,3,0.942448,3,0.94302,Built-up,Built-up,Built-up,Built-up,No Change
597.0,2,Pune,18.517197530376727,73.93247077714177,6,6,3,3,3,0.916076,3,0.939707,Built-up,Built-up,Built-up,Built-up,No Change
598.0,2,Pune,18.38855878169081,73.97289496492715,4,5,2,1,2,0.737071,1,0.720995,Agriculture,Vegetation,Agriculture,Vegetation,Vegetation Gain
599.0,2,Pune,18.678534955404597,73.85871909231555,6,6,3,3,2,0.523925,3,0.783422,Built-up,Built-up,Agriculture,Built-up,Urban Expansion
600.0,2,Pune,18.54226052680366,73.90354502499312,1,4,1,2,1,0.941665,2,0.747476,Vegetation,Agriculture,Vegetation,Agriculture,Agriculture Gain
601.0,2,Pune,18.46949698878998,73.79978960967732,6,6,3,3,3,0.883584,3,0.815351,Built-up,Built-up,Built-up,Built-up,No Change
602.0,2,Pune,18.40185384789578,73.75029243752233,6,4,3,2,3,0.708542,2,0.65715,Built-up,Agriculture,Built-up,Agriculture,Other Change
603.0,2,Pune,18.670270454790693,74.01673275079217,5,4,1,2,1,0.638439,2,0.758722,Vegetation,Agriculture,Vegetation,Agriculture,Agriculture Gain
604.0,2,Pune,18.45494428118724,73.77966734731304,4,6,2,3,2,0.711656,3,0.719835,Agriculture,Built-up,Agriculture,Built-up,Urban Expansion
605.0,2,Pune,18.41460992493028,73.69819015104339,1,1,1,1,1,0.56707,1,0.575037,Vegetation,Vegetation,Vegetation,Vegetation,No Change
606.0,2,Pune,18.66964163409181,74.01349881576935,6,6,3,3,3,0.791598,3,0.581589,Built-up,Built-up,Built-up,Built-up,No Change
607.0,2,Pune,18.53040276505328,73.70834111375395,4,4,2,2,2,0.665493,2,0.805488,Agriculture,Agriculture,Agriculture,Agriculture,No Change
608.0,2,Pune,18.67799596623412,73.8191932198143,6,6,3,3,3,0.921101,3,0.968151,Built-up,Built-up,Built-up,Built-up,No Change
609.0,2,Pune,18.727942296031166,73.7237921366408,6,6,3,3,2,0.67063,2,0.620547,Built-up,Built-up,Agriculture,Agriculture,No Change
610.0,2,Pune,18.403380983878783,73.96948136684749,4,5,2,1,2,0.781857,1,0.577109,Agriculture,Vegetation,Agriculture,Vegetation,Vegetation Gain
611.0,2,Pune,18.368795845440182,73.83760868313874,5,5,1,1,1,0.54057,1,0.944041,Vegetation,Vegetation,Vegetation,Vegetation,No Change
612.0,2,Pune,18.63882941984651,73.90686879154435,4,4,2,2,2,0.72339,2,0.822064,Agriculture,Agriculture,Agriculture,Agriculture,No Change
613.0,2,Pune,18.492404028535027,73.815420295621,6,6,3,3,3,0.970389,3,0.977483,Built-up,Built-up,Built-up,Built-up,No Change
614.0,2,Pune,18.52707899850204,73.82817637265549,6,6,3,3,3,0.793799,3,0.822292,Built-up,Built-up,Built-up,Built-up,No Change
615.0,2,Pune,18.37086197059365,73.72765489236252,5,5,1,1,1,0.575415,1,0.497192,Vegetation,Vegetation,Vegetation,Vegetation,No Change
616.0,2,Pune,18.68392484710931,73.65641849033184,1,4,1,2,1,0.68607,2,0.720246,Vegetation,Agriculture,Vegetation,Agriculture,Agriculture Gain
617.0,2,Pune,18.735577975946185,73.85494616812225,6,6,3,3,3,0.849176,3,0.732454,Built-up,Built-up,Built-up,Built-up,No Change
618.0,2,Pune,18.524114558064447,73.90345519346471,6,6,3,3,3,0.830536,3,0.937296,Built-up,Built-up,Built-up,Built-up,No Change
619.0,2,Pune,18.709437001178305,73.77697240146068,6,6,3,3,3,0.97073,3,0.812759,Built-up,Built-up,Built-up,Built-up,No Change
620.0,2,Pune,18.36502292124688,73.66674911609921,1,5,1,1,1,0.693715,1,0.809065,Vegetation,Vegetation,Vegetation,Vegetation,No Change
621.0,2,Pune,18.412184473663157,73.80383202845586,6,6,3,3,3,0.766943,3,0.623636,Built-up,Built-up,Built-up,Built-up,No Change
622.0,2,Pune,18.393230021168232,73.87991933302078,5,5,1,1,1,0.85094,1,0.911378,Vegetation,Vegetation,Vegetation,Vegetation,No Change
623.0,2,Pune,18.71895914318997,73.90704845460118,4,5,2,1,1,0.571591,1,0.780709,Agriculture,Vegetation,Vegetation,Vegetation,No Change
624.0,2,Pune,18.666317867540567,73.95205405033558,5,5,1,1,1,0.582935,1,0.691473,Vegetation,Vegetation,Vegetation,Vegetation,No Change
625.0,2,Pune,18.51665854120625,73.83473407422956,6,6,3,3,1,0.681806,1,0.853668,Built-up,Built-up,Vegetation,Vegetation,No Change
626.0,2,Pune,18.544146988900312,73.68516457942367,4,4,2,2,2,0.76994,2,0.713248,Agriculture,Agriculture,Agriculture,Agriculture,No Change
627.0,2,Pune,18.594542476339416,73.70313088510605,6,6,3,3,3,0.863453,3,0.995288,Built-up,Built-up,Built-up,Built-up,No Change
628.0,2,Pune,18.61125114062404,73.77194183586961,6,6,3,3,3,0.887481,3,0.98821,Built-up,Built-up,Built-up,Built-up,No Change
629.0,2,Pune,18.67009079173387,73.81344400199593,6,6,3,3,3,0.936393,3,0.901422,Built-up,Built-up,Built-up,Built-up,No Change
630.0,2,Pune,18.443535677078927,73.85800044008826,6,6,3,3,3,0.871703,3,0.95086,Built-up,Built-up,Built-up,Built-up,No Change
631.0,2,Pune,18.399428396628657,73.75577216075546,1,1,1,1,1,0.924398,1,0.730599,Vegetation,Vegetation,Vegetation,Vegetation,No Change
632.0,2,Pune,18.43221690449902,73.86213269039521,6,6,3,3,3,0.406993,2,0.360001,Built-up,Built-up,Built-up,Agriculture,Other Change
633.0,2,Pune,18.648441393386587,73.73106849044217,6,6,3,3,3,0.916417,3,0.87357,Built-up,Built-up,Built-up,Built-up,No Change
634.0,2,Pune,18.480276772199414,73.96076770859153,6,6,3,3,3,0.926061,3,0.970966,Built-up,Built-up,Built-up,Built-up,No Change
635.0,2,Pune,18.45898669996578,73.67770856256547,1,5,1,1,2,0.448259,1,0.853056,Vegetation,Vegetation,Agriculture,Vegetation,Vegetation Gain
636.0,2,Pune,18.375353547014253,73.90489249791929,5,5,1,1,1,0.581045,1,0.583702,Vegetation,Vegetation,Vegetation,Vegetation,No Change
637.0,2,Pune,18.43419319812408,73.73618888756165,5,5,1,1,1,0.680864,1,0.606986,Vegetation,Vegetation,Vegetation,Vegetation,No Change
638.0,2,Pune,18.43248639908425,73.86698359292946,6,6,3,3,3,0.81275,3,0.893169,Built-up,Built-up,Built-up,Built-up,No Change
639.0,2,Pune,18.36681955181512,74.0019105486042,5,5,1,1,1,0.761929,1,0.688953,Vegetation,Vegetation,Vegetation,Vegetation,No Change
640.0,2,Pune,18.352536338797616,73.84147143886047,4,6,2,3,2,0.786565,3,0.78127,Agriculture,Built-up,Agriculture,Built-up,Urban Expansion
641.0,2,Pune,18.700723342922345,73.78694370111441,6,6,3,3,3,0.81391,3,0.892371,Built-up,Built-up,Built-up,Built-up,No Change
642.0,2,Pune,18.405986098202728,73.9477421369718,5,4,1,2,1,0.738379,2,0.588922,Vegetation,Agriculture,Vegetation,Agriculture,Agriculture Gain
643.0,2,Pune,18.58007960026509,73.98879514545607,6,6,3,3,3,0.944522,3,0.990326,Built-up,Built-up,Built-up,Built-up,No Change
644.0,2,Pune,18.60613074350456,73.94926927295481,4,4,2,2,2,0.790905,2,0.890494,Agriculture,Agriculture,Agriculture,Agriculture,No Change
645.0,2,Pune,18.627151321152954,73.6680965890254,5,1,1,1,1,0.596027,1,0.890778,Vegetation,Vegetation,Vegetation,Vegetation,No Change
646.0,2,Pune,18.502016002075106,73.98897480851288,4,4,2,2,2,0.724125,2,0.831907,Agriculture,Agriculture,Agriculture,Agriculture,No Change
647.0,2,Pune,18.652753306750363,73.97280513339874,4,4,2,2,2,0.704193,2,0.659952,Agriculture,Agriculture,Agriculture,Agriculture,No Change
648.0,2,Pune,18.37984512343485,73.75711963368164,1,1,1,1,2,0.550427,2,0.535073,Vegetation,Vegetation,Agriculture,Agriculture,No Change
649.0,2,Pune,18.584211850572043,73.85243088532671,5,6,1,3,2,0.381141,3,0.872855,Vegetation,Built-up,Agriculture,Built-up,Urban Expansion
650.0,2,Pune,18.593733992583708,73.6869612099919,6,6,3,3,3,0.580392,3,0.94453,Built-up,Built-up,Built-up,Built-up,No Change
651.0,2,Pune,18.608286700186447,73.7207378646748,6,6,3,3,3,0.757103,3,0.754997,Built-up,Built-up,Built-up,Built-up,No Change
652.0,2,Pune,18.59391365564053,73.75801794896576,6,6,3,3,3,0.515711,3,0.504234,Built-up,Built-up,Built-up,Built-up,No Change
653.0,2,Pune,18.615203727874167,73.72136668537368,5,6,1,3,2,0.475352,2,0.428953,Vegetation,Built-up,Agriculture,Agriculture,No Change
654.0,2,Pune,18.652034654523067,73.9891544715697,4,4,2,2,2,0.729097,2,0.621183,Agriculture,Agriculture,Agriculture,Agriculture,No Change
655.0,2,Pune,18.573432067162607,73.83266794907608,0,0,0,0,0,0.974594,0,0.98307,Water,Water,Water,Water,No Change
656.0,2,Pune,18.478569973159587,73.99499352091648,4,4,2,2,2,0.821617,2,0.823914,Agriculture,Agriculture,Agriculture,Agriculture,No Change
657.0,2,Pune,18.741147530707725,73.76547396582394,6,6,3,3,3,0.723301,3,0.715171,Built-up,Built-up,Built-up,Built-up,No Change
658.0,2,Pune,18.598045905947483,73.87354129450353,6,6,3,3,3,0.759917,3,0.851392,Built-up,Built-up,Built-up,Built-up,No Change
659.0,2,Pune,18.366999214871942,73.66171855050814,1,1,1,1,1,0.653887,1,0.690537,Vegetation,Vegetation,Vegetation,Vegetation,No Change
660.0,2,Pune,18.486834473773488,73.95286253409128,6,6,3,3,3,0.945761,3,0.842555,Built-up,Built-up,Built-up,Built-up,No Change
661.0,2,Pune,18.50677707308094,73.86770224515675,6,6,3,3,3,0.889521,3,0.715734,Built-up,Built-up,Built-up,Built-up,No Change
662.0,2,Pune,18.458896868437368,73.75289755184627,1,5,1,1,1,0.854423,1,0.801901,Vegetation,Vegetation,Vegetation,Vegetation,No Change
663.0,2,Pune,18.379036639679143,73.9237571188858,4,4,2,2,2,0.747512,2,0.636793,Agriculture,Agriculture,Agriculture,Agriculture,No Change
664.0,2,Pune,18.69775890248475,74.00343768458721,1,4,1,2,2,0.639459,1,0.425747,Vegetation,Agriculture,Agriculture,Vegetation,Vegetation Gain
665.0,2,Pune,18.492404028535027,73.94486752806262,7,7,4,4,2,0.483675,3,0.555707,Barren,Barren,Agriculture,Built-up,Urban Expansion
666.0,2,Pune,18.61664103232876,73.8589885869008,4,5,2,1,2,0.628517,1,0.78202,Agriculture,Vegetation,Agriculture,Vegetation,Vegetation Gain
667.0,2,Pune,18.365831405002588,73.98394424292182,6,6,3,3,3,0.696019,3,0.620116,Built-up,Built-up,Built-up,Built-up,No Change
668.0,2,Pune,18.7221930782128,73.84317823790029,4,4,2,2,2,0.712198,2,0.843707,Agriculture,Agriculture,Agriculture,Agriculture,No Change
669.0,2,Pune,18.595530623151948,73.9771170467625,5,6,1,3,1,0.519582,3,0.874132,Vegetation,Built-up,Vegetation,Built-up,Vegetation Loss
670.0,2,Pune,18.61816816831176,73.74804664931203,6,6,3,3,3,0.422824,3,0.862139,Built-up,Built-up,Built-up,Built-up,No Change
671.0,2,Pune,18.60101034638508,74.02679388197431,6,6,3,3,3,0.582291,3,0.615557,Built-up,Built-up,Built-up,Built-up,No Change
672.0,2,Pune,18.644758300721698,73.97451193243856,4,4,2,2,2,0.774067,2,0.769144,Agriculture,Agriculture,Agriculture,Agriculture,No Change
673.0,2,Pune,18.64368032238076,73.6584846154853,4,6,2,3,2,0.662211,3,0.681799,Agriculture,Built-up,Agriculture,Built-up,Urban Expansion
674.0,2,Pune,18.42871347489095,74.02805152337208,5,1,1,1,1,0.629233,1,0.746238,Vegetation,Vegetation,Vegetation,Vegetation,No Change
675.0,2,Pune,18.66326359557456,73.68130182370194,4,6,2,3,2,0.724234,3,0.694706,Agriculture,Built-up,Agriculture,Built-up,Urban Expansion
676.0,2,Pune,18.6139460864764,73.94675399015927,4,5,2,1,2,0.624083,2,0.49386,Agriculture,Vegetation,Agriculture,Agriculture,No Change
677.0,2,Pune,18.361070333996757,73.84371722707075,1,1,1,1,1,0.688435,1,0.751993,Vegetation,Vegetation,Vegetation,Vegetation,No Change
678.0,2,Pune,18.457729058568013,74.00074273873486,4,6,2,3,3,0.908424,3,0.926172,Agriculture,Built-up,Built-up,Built-up,No Change
679.0,2,Pune,18.69371648370621,73.6614490559229,4,6,2,3,2,0.671998,3,0.594386,Agriculture,Built-up,Agriculture,Built-up,Urban Expansion
680.0,2,Pune,18.46347827638638,73.80374219692744,1,6,1,3,1,0.795309,3,0.66516,Vegetation,Built-up,Vegetation,Built-up,Vegetation Loss
681.0,2,Pune,18.522228095967797,73.83554255798528,6,6,3,3,3,0.867967,3,0.908626,Built-up,Built-up,Built-up,Built-up,No Change
682.0,2,Pune,18.639727735130627,73.7440940620619,5,5,1,1,1,0.539674,1,0.753093,Vegetation,Vegetation,Vegetation,Vegetation,No Change
683.0,2,Pune,18.387480803349867,73.7988912943932,1,5,1,1,1,0.806572,1,0.913509,Vegetation,Vegetation,Vegetation,Vegetation,No Change
684.0,2,Pune,18.535433330644352,73.78344027150634,4,1,2,1,2,0.774445,1,0.804557,Agriculture,Vegetation,Agriculture,Vegetation,Vegetation Gain
685.0,2,Pune,18.435540671050266,74.01125302755905,1,1,1,1,1,0.819741,1,0.880303,Vegetation,Vegetation,Vegetation,Vegetation,No Change
686.0,2,Pune,18.37553321007108,73.98520188431958,4,4,2,2,2,0.724423,2,0.622032,Agriculture,Agriculture,Agriculture,Agriculture,No Change
687.0,2,Pune,18.5049804425127,74.03856181219628,4,4,2,2,2,0.507218,2,0.689249,Agriculture,Agriculture,Agriculture,Agriculture,No Change
688.0,2,Pune,18.653471958977654,73.80706596347868,1,1,1,1,1,0.859573,1,0.767612,Vegetation,Vegetation,Vegetation,Vegetation,No Change
689.0,2,Pune,18.460064678306725,73.90758744377166,6,6,3,3,3,0.860227,3,0.782861,Built-up,Built-up,Built-up,Built-up,No Change
690.0,2,Pune,18.628498794079132,73.7253192726238,4,6,2,3,2,0.562148,2,0.645465,Agriculture,Built-up,Agriculture,Agriculture,No Change
691.0,2,Pune,18.44137972039704,73.84973593947436,6,6,3,3,3,0.859826,3,0.959175,Built-up,Built-up,Built-up,Built-up,No Change
692.0,2,Pune,18.607837542544384,73.80985074085945,1,4,1,2,1,0.948649,2,0.705926,Vegetation,Agriculture,Vegetation,Agriculture,Agriculture Gain
693.0,2,Pune,18.464196928613674,73.85557498882113,6,6,3,3,3,0.936271,3,0.998156,Built-up,Built-up,Built-up,Built-up,No Change
694.0,2,Pune,18.682667205711542,73.68408660108273,0,0,0,0,0,0.647579,0,0.607895,Water,Water,Water,Water,No Change
695.0,2,Pune,18.745459444071496,73.76610278652284,4,4,2,2,2,0.71285,2,0.898092,Agriculture,Agriculture,Agriculture,Agriculture,No Change
696.0,2,Pune,18.43365420895361,73.96714574710879,4,6,2,3,2,0.795967,3,0.719118,Agriculture,Built-up,Agriculture,Built-up,Urban Expansion
697.0,2,Pune,18.37445523173013,73.72316331594192,5,5,1,1,1,0.811912,1,0.904866,Vegetation,Vegetation,Vegetation,Vegetation,No Change
698.0,2,Pune,18.67431287356923,73.89833479634522,6,6,3,3,3,0.936601,3,0.980025,Built-up,Built-up,Built-up,Built-up,No Change
699.0,2,Pune,18.589422079219936,73.7522687311474,6,6,3,3,3,0.66756,3,0.701483,Built-up,Built-up,Built-up,Built-up,No Change
700.0,2,Pune,18.382719732344032,73.98690868335942,5,4,1,2,1,0.646239,2,0.742862,Vegetation,Agriculture,Vegetation,Agriculture,Agriculture Gain
701.0,2,Pune,18.534265520775,73.68202047592925,4,4,2,2,2,0.753392,2,0.7062,Agriculture,Agriculture,Agriculture,Agriculture,No Change
702.0,2,Pune,18.46159181428973,73.97073900824526,4,4,2,2,1,0.501921,2,0.672999,Agriculture,Agriculture,Vegetation,Agriculture,Agriculture Gain
703.0,2,Pune,18.444613655419868,73.8778532078673,6,6,3,3,3,0.912557,3,0.913226,Built-up,Built-up,Built-up,Built-up,No Change
704.0,2,Pune,18.359633029542163,73.93839965801696,5,5,1,1,1,0.805587,1,0.669788,Vegetation,Vegetation,Vegetation,Vegetation,No Change
705.0,2,Pune,18.42736600196477,73.92995549434623,5,5,1,1,1,0.536883,1,0.744085,Vegetation,Vegetation,Vegetation,Vegetation,No Change
706.0,2,Pune,18.47928862538688,73.87399045214559,6,6,3,3,3,0.804758,3,0.963987,Built-up,Built-up,Built-up,Built-up,No Change
707.0,2,Pune,18.440661068169742,73.92393678194263,4,4,2,2,2,0.854575,2,0.862011,Agriculture,Agriculture,Agriculture,Agriculture,No Change
708.0,2,Pune,18.726594823104985,73.7884708370974,4,5,2,1,1,0.469226,1,0.444941,Agriculture,Vegetation,Vegetation,Vegetation,No Change
709.0,2,Pune,18.355590610763624,73.75999424259082,1,1,1,1,1,0.479005,1,0.674569,Vegetation,Vegetation,Vegetation,Vegetation,No Change
710.0,2,Pune,18.454045965903124,73.89797547023157,1,6,1,3,1,0.721626,3,0.716653,Vegetation,Built-up,Vegetation,Built-up,Vegetation Loss
711.0,2,Pune,18.360172018712635,73.94073527775566,5,4,1,2,1,0.761248,2,0.800618,Vegetation,Agriculture,Vegetation,Agriculture,Agriculture Gain
712.0,2,Pune,18.57774398052638,73.99400537410395,6,6,3,3,3,0.925684,3,0.981966,Built-up,Built-up,Built-up,Built-up,No Change
713.0,2,Pune,18.43607966022073,73.9267215593234,6,6,3,3,3,0.948975,3,0.833657,Built-up,Built-up,Built-up,Built-up,No Change
714.0,2,Pune,18.722013415155978,73.68426626413954,6,6,3,3,3,0.848464,3,0.523171,Built-up,Built-up,Built-up,Built-up,No Change
715.0,2,Pune,18.35630926299092,73.72612775637951,5,1,1,1,1,0.875068,1,0.883419,Vegetation,Vegetation,Vegetation,Vegetation,No Change
716.0,2,Pune,18.39305035811141,73.73223630031153,1,5,1,1,1,0.740651,1,0.632534,Vegetation,Vegetation,Vegetation,Vegetation,No Change
717.0,2,Pune,18.73962039472472,73.78065549412557,4,4,2,2,2,0.736577,2,0.815406,Agriculture,Agriculture,Agriculture,Agriculture,No Change
718.0,2,Pune,18.420538805805467,73.86410898402028,6,6,3,3,3,0.787351,3,0.952726,Built-up,Built-up,Built-up,Built-up,No Change
719.0,2,Pune,18.73099656799717,74.03074646922444,4,4,2,2,2,0.604913,2,0.751666,Agriculture,Agriculture,Agriculture,Agriculture,No Change
720.0,2,Pune,18.59014073144723,73.71220386947566,6,6,3,3,3,0.539007,3,0.549802,Built-up,Built-up,Built-up,Built-up,No Change
721.0,2,Pune,18.594362813282597,73.75595182381228,6,6,3,3,3,0.976138,3,0.992247,Built-up,Built-up,Built-up,Built-up,No Change
722.0,2,Pune,18.727942296031166,73.66117956133768,6,6,3,3,3,0.905299,3,0.774353,Built-up,Built-up,Built-up,Built-up,No Change
723.0,2,Pune,18.45144085157918,74.00047324414962,4,4,2,2,2,0.671508,2,0.804529,Agriculture,Agriculture,Agriculture,Agriculture,No Change
724.0,2,Pune,18.57307274104896,73.65498118587725,5,6,1,3,1,0.630569,3,0.60345,Vegetation,Built-up,Vegetation,Built-up,Vegetation Loss
725.0,2,Pune,18.58591864961187,73.95115573505146,4,6,2,3,1,0.43879,3,0.962854,Agriculture,Built-up,Vegetation,Built-up,Vegetation Loss
726.0,2,Pune,18.417394702311046,73.83823750383763,1,5,1,1,1,0.639511,1,0.701434,Vegetation,Vegetation,Vegetation,Vegetation,No Change
727.0,2,Pune,18.454045965903124,73.82395429082013,6,6,3,3,3,0.965719,3,0.832927,Built-up,Built-up,Built-up,Built-up,No Change
728.0,2,Pune,18.479468288443705,73.90606030778865,6,6,3,3,3,0.787955,3,0.885332,Built-up,Built-up,Built-up,Built-up,No Change
729.0,2,Pune,18.74599843324197,73.90444334027724,5,5,1,1,1,0.697449,1,0.636143,Vegetation,Vegetation,Vegetation,Vegetation,No Change
730.0,2,Pune,18.569120153798835,74.0311956268665,6,6,3,3,3,0.660824,3,0.927733,Built-up,Built-up,Built-up,Built-up,No Change
731.0,2,Pune,18.45880703690896,73.75056193210756,1,1,1,1,1,0.633704,1,0.584293,Vegetation,Vegetation,Vegetation,Vegetation,No Change
732.0,2,Pune,18.4275456650216,73.65273539766694,1,1,1,1,1,0.554575,2,0.433035,Vegetation,Vegetation,Vegetation,Agriculture,Agriculture Gain
733.0,2,Pune,18.454495123545183,74.02302095778101,4,4,2,2,2,0.79923,2,0.810686,Agriculture,Agriculture,Agriculture,Agriculture,No Change
734.0,2,Pune,18.37885697662232,73.83769851466715,5,5,1,1,1,0.738554,1,0.651533,Vegetation,Vegetation,Vegetation,Vegetation,No Change
735.0,2,Pune,18.5282468083714,73.74274658913572,1,6,1,3,1,0.959588,3,0.935962,Vegetation,Built-up,Vegetation,Built-up,Vegetation Loss
736.0,2,Pune,18.581516904719685,73.93283010325541,4,4,2,2,1,0.539083,3,0.836327,Agriculture,Agriculture,Vegetation,Built-up,Vegetation Loss
737.0,2,Pune,18.63011576159055,73.94073527775566,5,7,1,4,1,0.484765,4,0.980402,Vegetation,Barren,Vegetation,Barren,Vegetation Loss
738.0,2,Pune,18.406614918901614,73.6966630150604,1,1,1,1,1,0.83768,1,0.756253,Vegetation,Vegetation,Vegetation,Vegetation,No Change
739.0,2,Pune,18.584930502799335,73.88171596358902,4,6,2,3,2,0.698685,3,0.509395,Agriculture,Built-up,Agriculture,Built-up,Urban Expansion
740.0,2,Pune,18.641344702642044,73.70798178764029,4,6,2,3,2,0.60493,3,0.596221,Agriculture,Built-up,Agriculture,Built-up,Urban Expansion
741.0,2,Pune,18.354153306309037,73.75397553018722,5,5,1,1,1,0.871932,1,0.855435,Vegetation,Vegetation,Vegetation,Vegetation,No Change
742.0,2,Pune,18.37337725338919,73.73529057227753,1,1,1,1,2,0.647066,1,0.70281,Vegetation,Vegetation,Agriculture,Vegetation,Vegetation Gain
743.0,2,Pune,18.735308481360946,73.81479147492212,4,6,2,3,2,0.792947,3,0.946411,Agriculture,Built-up,Agriculture,Built-up,Urban Expansion
744.0,2,Pune,18.503363475001287,73.91710958578332,6,6,3,3,3,0.972971,3,0.941445,Built-up,Built-up,Built-up,Built-up,No Change
745.0,2,Pune,18.717252344150143,74.0221226424969,6,6,3,3,2,0.438532,2,0.410219,Built-up,Built-up,Agriculture,Agriculture,No Change
746.0,2,Pune,18.50596858932523,73.85171223309942,6,6,3,3,3,0.719716,3,0.780524,Built-up,Built-up,Built-up,Built-up,No Change
747.0,2,Pune,18.4929430177055,73.65659815338866,1,6,1,3,1,0.633635,1,0.617376,Vegetation,Built-up,Vegetation,Vegetation,No Change
748.0,2,Pune,18.415418408685984,73.70088509689576,5,5,1,1,1,0.904699,1,0.878951,Vegetation,Vegetation,Vegetation,Vegetation,No Change
749.0,2,Pune,18.520880623041617,73.8891719804472,6,6,3,3,3,0.874723,3,0.901718,Built-up,Built-up,Built-up,Built-up,No Change
750.0,2,Pune,18.65958050290967,73.97469159549539,4,4,2,2,2,0.808682,2,0.751292,Agriculture,Agriculture,Agriculture,Agriculture,No Change
751.0,2,Pune,18.64520745836376,73.85880892384397,4,6,2,3,2,0.779977,3,0.436735,Agriculture,Built-up,Agriculture,Built-up,Urban Expansion
752.0,2,Pune,18.449554389482525,73.85548515729272,6,6,3,3,3,0.964571,3,0.945835,Built-up,Built-up,Built-up,Built-up,No Change
753.0,2,Pune,18.744022139616906,73.8282662041839,1,5,1,1,1,0.567058,1,0.677801,Vegetation,Vegetation,Vegetation,Vegetation,No Change
754.0,2,Pune,18.48782262058602,73.7756249285345,5,5,1,1,1,0.763825,1,0.842776,Vegetation,Vegetation,Vegetation,Vegetation,No Change
755.0,2,Pune,18.55663357134957,73.79511837019989,6,6,3,3,3,0.836507,3,0.675507,Built-up,Built-up,Built-up,Built-up,No Change
756.0,2,Pune,18.490427734909964,73.67986451924736,1,5,1,1,1,0.651013,1,0.685606,Vegetation,Vegetation,Vegetation,Vegetation,No Change
757.0,2,Pune,18.389546928503343,73.73987198022654,1,4,1,2,1,0.735557,2,0.847779,Vegetation,Agriculture,Vegetation,Agriculture,Agriculture Gain
758.0,2,Pune,18.38478585749751,73.71373100545867,5,5,1,1,1,0.763203,1,0.921374,Vegetation,Vegetation,Vegetation,Vegetation,No Change
759.0,2,Pune,18.49986004539322,73.7936810657453,6,6,3,3,3,0.93023,3,0.907483,Built-up,Built-up,Built-up,Built-up,No Change
760.0,2,Pune,18.513065280069775,73.68732053610555,4,4,2,2,3,0.337103,2,0.542438,Agriculture,Agriculture,Built-up,Agriculture,Other Change
761.0,2,Pune,18.37661118841202,73.75882643272146,1,5,1,1,1,0.915998,1,0.923847,Vegetation,Vegetation,Vegetation,Vegetation,No Change
762.0,2,Pune,18.739350900139485,73.79925062050684,5,5,1,1,1,0.765961,1,0.602018,Vegetation,Vegetation,Vegetation,Vegetation,No Change
763.0,2,Pune,18.676378998722704,74.00505465209862,5,5,1,1,1,0.570115,1,0.736189,Vegetation,Vegetation,Vegetation,Vegetation,No Change
764.0,2,Pune,18.526001020161097,73.9522337133924,4,4,2,2,2,0.617522,2,0.76651,Agriculture,Agriculture,Agriculture,Agriculture,No Change
765.0,2,Pune,18.602088324726022,73.65704731103072,4,4,2,2,2,0.754824,2,0.74863,Agriculture,Agriculture,Agriculture,Agriculture,No Change
766.0,2,Pune,18.562292957639528,73.75334670948834,6,6,3,3,3,0.62024,3,0.738362,Built-up,Built-up,Built-up,Built-up,No Change
767.0,2,Pune,18.68967406492768,73.72136668537368,1,1,1,1,1,0.602165,1,0.678957,Vegetation,Vegetation,Vegetation,Vegetation,No Change
768.0,2,Pune,18.56426925126459,73.86231235345203,1,1,1,1,1,0.505379,1,0.491519,Vegetation,Vegetation,Vegetation,Vegetation,No Change
769.0,2,Pune,18.54261985291731,73.96624743182466,5,5,1,1,1,0.625367,1,0.65581,Vegetation,Vegetation,Vegetation,Vegetation,No Change
770.0,2,Pune,18.578372801225267,73.74086012703907,6,6,3,3,3,0.983388,3,0.788758,Built-up,Built-up,Built-up,Built-up,No Change
771.0,2,Pune,18.53219939562152,74.03757366538375,0,0,0,0,0,0.943333,0,0.785437,Water,Water,Water,Water,No Change
772.0,2,Pune,18.678355292347767,73.80149640871714,4,4,2,2,2,0.538633,2,0.812686,Agriculture,Agriculture,Agriculture,Agriculture,No Change
773.0,2,Pune,18.47353940756852,73.66162871897973,4,4,2,2,2,0.459437,2,0.533426,Agriculture,Agriculture,Agriculture,Agriculture,No Change
774.0,2,Pune,18.549447049076612,74.03972962206564,4,4,2,2,2,0.767447,2,0.875311,Agriculture,Agriculture,Agriculture,Agriculture,No Change
775.0,2,Pune,18.48970908268267,73.72774472389092,5,5,1,1,1,0.85639,1,0.852224,Vegetation,Vegetation,Vegetation,Vegetation,No Change
776.0,2,Pune,18.35181768657032,73.67258816544599,5,5,1,1,1,0.857377,1,0.840222,Vegetation,Vegetation,Vegetation,Vegetation,No Change
777.0,2,Pune,18.425030382226065,73.79341157116006,5,5,1,1,1,0.687186,1,0.796417,Vegetation,Vegetation,Vegetation,Vegetation,No Change
778.0,2,Pune,18.638200599147627,73.77544526547767,6,6,3,3,1,0.478142,1,0.540719,Built-up,Built-up,Vegetation,Vegetation,No Change
779.0,2,Pune,18.65499909496066,73.87210399004894,5,5,1,1,1,0.683215,1,0.452861,Vegetation,Vegetation,Vegetation,Vegetation,No Change
780.0,2,Pune,18.747615400753386,73.95349135479016,4,4,2,2,2,0.723347,2,0.863725,Agriculture,Agriculture,Agriculture,Agriculture,No Change
781.0,2,Pune,18.46886816809109,73.87093618017958,6,6,3,3,3,0.786483,3,0.859958,Built-up,Built-up,Built-up,Built-up,No Change
782.0,2,Pune,18.403111489293547,73.71714460353832,0,0,0,0,0,0.999989,0,1.0,Water,Water,Water,Water,No Change
783.0,2,Pune,18.486744642245075,73.90093991066917,1,1,1,1,1,0.983614,1,0.740042,Vegetation,Vegetation,Vegetation,Vegetation,No Change
784.0,2,Pune,18.61349692883434,73.84138160733205,1,1,1,1,1,0.655262,1,0.675443,Vegetation,Vegetation,Vegetation,Vegetation,No Change
785.0,2,Pune,18.462490129573847,73.8666242668158,6,6,3,3,3,0.949439,3,0.927823,Built-up,Built-up,Built-up,Built-up,No Change
786.0,2,Pune,18.58870342699264,73.80158624024556,6,6,3,3,3,0.817519,3,0.786374,Built-up,Built-up,Built-up,Built-up,No Change
787.0,2,Pune,18.44048140511292,73.74139911620955,1,1,1,1,1,0.773562,1,0.682686,Vegetation,Vegetation,Vegetation,Vegetation,No Change
788.0,2,Pune,18.609813836169447,73.66270669732067,4,4,2,2,2,0.689205,2,0.905497,Agriculture,Agriculture,Agriculture,Agriculture,No Change
789.0,2,Pune,18.530582428110108,73.92546391792564,1,6,1,3,1,0.896776,3,0.788677,Vegetation,Built-up,Vegetation,Built-up,Vegetation Loss
790.0,2,Pune,18.37562304159949,73.9267215593234,1,5,1,1,2,0.47052,2,0.564523,Vegetation,Vegetation,Agriculture,Agriculture,No Change
791.0,2,Pune,18.647453246574056,73.76816891167631,6,6,3,3,3,0.944663,3,0.727784,Built-up,Built-up,Built-up,Built-up,No Change
792.0,2,Pune,18.748962873679563,73.6928900908671,6,6,3,3,3,0.709083,3,0.831817,Built-up,Built-up,Built-up,Built-up,No Change
793.0,2,Pune,18.374904389372197,73.65039977792824,5,5,1,1,1,0.904956,1,0.787124,Vegetation,Vegetation,Vegetation,Vegetation,No Change
794.0,2,Pune,18.73252370398017,73.79727432688178,6,6,3,3,3,0.976484,3,0.968375,Built-up,Built-up,Built-up,Built-up,No Change
795.0,2,Pune,18.725067687121985,73.96175585540406,5,5,1,1,1,0.50155,1,0.502071,Vegetation,Vegetation,Vegetation,Vegetation,No Change
796.0,2,Pune,18.63613447399415,73.83365609588861,6,6,3,3,3,0.854946,3,0.888462,Built-up,Built-up,Built-up,Built-up,No Change
797.0,2,Pune,18.546752103224257,74.01224117437158,4,4,2,2,2,0.704001,2,0.826693,Agriculture,Agriculture,Agriculture,Agriculture,No Change
798.0,2,Pune,18.688865581171967,73.74193810538002,5,5,1,1,1,0.671608,1,0.75877,Vegetation,Vegetation,Vegetation,Vegetation,No Change
799.0,2,Pune,18.693267326064152,73.8845905724982,4,5,2,1,2,0.71221,1,0.711795,Agriculture,Vegetation,Agriculture,Vegetation,Vegetation Gain
800.0,2,Pune,18.366729720286703,73.74436355664714,1,5,1,1,2,0.333654,1,0.436621,Vegetation,Vegetation,Agriculture,Vegetation,Vegetation Gain
801.0,2,Pune,18.428982969476188,73.87964983843554,5,6,1,3,1,0.747485,3,0.582666,Vegetation,Built-up,Vegetation,Built-up,Vegetation Loss
802.0,2,Pune,18.43006094781713,74.0431432201453,1,1,1,1,1,0.736391,1,0.662162,Vegetation,Vegetation,Vegetation,Vegetation,No Change
803.0,2,Pune,18.68715878213214,73.78667420652917,4,6,2,3,2,0.742888,3,0.763291,Agriculture,Built-up,Agriculture,Built-up,Urban Expansion
804.0,2,Pune,18.696231766501747,73.84075278663316,4,4,2,2,2,0.650405,2,0.796065,Agriculture,Agriculture,Agriculture,Agriculture,No Change
805.0,2,Pune,18.415777734799637,73.81748642077447,5,5,1,1,1,0.74888,1,0.780002,Vegetation,Vegetation,Vegetation,Vegetation,No Change
806.0,2,Pune,18.6860808037912,73.71579713061215,5,5,1,1,1,0.841191,1,0.902344,Vegetation,Vegetation,Vegetation,Vegetation,No Change
807.0,2,Pune,18.497434594126094,73.87237348463417,6,6,3,3,3,0.687506,3,0.897579,Built-up,Built-up,Built-up,Built-up,No Change
808.0,2,Pune,18.409579359339208,73.84722065667883,1,1,1,1,1,0.545696,1,0.536296,Vegetation,Vegetation,Vegetation,Vegetation,No Change
809.0,2,Pune,18.48710396835872,73.7424770945505,5,5,1,1,1,0.644229,1,0.655128,Vegetation,Vegetation,Vegetation,Vegetation,No Change
810.0,2,Pune,18.363405953735462,73.95933040413694,5,5,1,1,1,0.640782,1,0.596496,Vegetation,Vegetation,Vegetation,Vegetation,No Change
811.0,2,Pune,18.436977975504853,73.99741897218361,4,4,2,2,2,0.743199,2,0.680592,Agriculture,Agriculture,Agriculture,Agriculture,No Change
812.0,2,Pune,18.5621132945827,73.76340784067047,6,6,3,3,3,0.745519,3,0.653419,Built-up,Built-up,Built-up,Built-up,No Change
813.0,2,Pune,18.66829416116563,73.7208276962032,6,6,3,3,3,0.381937,3,0.738857,Built-up,Built-up,Built-up,Built-up,No Change
814.0,2,Pune,18.405806435145905,73.74463305123237,4,4,2,2,2,0.727806,2,0.755272,Agriculture,Agriculture,Agriculture,Agriculture,No Change
815.0,2,Pune,18.506866904609357,73.69118329182726,4,6,2,3,2,0.673892,3,0.736427,Agriculture,Built-up,Agriculture,Built-up,Urban Expansion
816.0,2,Pune,18.637841273033978,74.0341600673041,6,6,3,3,3,0.733533,3,0.895639,Built-up,Built-up,Built-up,Built-up,No Change
817.0,2,Pune,18.39736227147518,73.72567859873746,4,6,2,3,2,0.751859,3,0.598208,Agriculture,Built-up,Agriculture,Built-up,Urban Expansion
818.0,2,Pune,18.53166040645105,73.75217889961898,5,5,1,1,1,0.68315,1,0.898871,Vegetation,Vegetation,Vegetation,Vegetation,No Change
819.0,2,Pune,18.46554440153985,73.86698359292946,6,6,3,3,3,0.744232,3,0.742259,Built-up,Built-up,Built-up,Built-up,No Change
820.0,2,Pune,18.651495665352595,73.77418762407991,6,6,3,3,3,0.542364,3,0.873597,Built-up,Built-up,Built-up,Built-up,No Change
821.0,2,Pune,18.697579239427927,73.66306602343433,6,6,3,3,1,0.797766,1,0.783986,Built-up,Built-up,Vegetation,Vegetation,No Change
822.0,2,Pune,18.661107638892677,73.88620754000961,6,6,3,3,3,0.80445,3,0.913868,Built-up,Built-up,Built-up,Built-up,No Change
823.0,2,Pune,18.56373026209412,74.00595296738274,4,4,2,2,2,0.820374,2,0.841404,Agriculture,Agriculture,Agriculture,Agriculture,No Change
824.0,2,Pune,18.72048627917297,73.96633726335307,6,6,3,3,3,0.91626,3,0.904004,Built-up,Built-up,Built-up,Built-up,No Change
825.0,2,Pune,18.65769404081302,73.65264556613853,6,6,3,3,3,0.538,3,0.602285,Built-up,Built-up,Built-up,Built-up,No Change
826.0,2,Pune,18.541991032218423,73.79952011509208,6,6,3,3,3,0.846071,3,0.89337,Built-up,Built-up,Built-up,Built-up,No Change
827.0,2,Pune,18.5500758697755,73.84317823790029,6,6,3,3,3,0.783152,3,0.428081,Built-up,Built-up,Built-up,Built-up,No Change
828.0,2,Pune,18.55600475065069,73.74642968180062,6,6,3,3,3,0.552073,3,0.439044,Built-up,Built-up,Built-up,Built-up,No Change
829.0,2,Pune,18.431228757686487,74.00379701070085,5,5,1,1,1,0.811751,1,0.577863,Vegetation,Vegetation,Vegetation,Vegetation,No Change
830.0,2,Pune,18.526629840859982,73.76197053621588,5,5,1,1,1,0.631291,1,0.840967,Vegetation,Vegetation,Vegetation,Vegetation,No Change
831.0,2,Pune,18.688146928944672,73.81533046409258,0,0,0,0,0,0.882984,0,0.837894,Water,Water,Water,Water,No Change
832.0,2,Pune,18.35073970822938,73.97469159549539,4,4,2,2,2,0.809133,2,0.79297,Agriculture,Agriculture,Agriculture,Agriculture,No Change
833.0,2,Pune,18.686979119075318,73.69109346029886,4,4,2,2,2,0.814601,2,0.819144,Agriculture,Agriculture,Agriculture,Agriculture,No Change
834.0,2,Pune,18.663443258631386,73.75676030756799,5,6,1,3,1,0.717781,3,0.621704,Vegetation,Built-up,Vegetation,Built-up,Vegetation Loss
835.0,2,Pune,18.53390619466135,73.77885886355733,4,5,2,1,2,0.418513,1,0.913539,Agriculture,Vegetation,Agriculture,Vegetation,Vegetation Gain
836.0,2,Pune,18.70216064737693,73.73026000668646,5,5,1,1,1,0.7307,1,0.74661,Vegetation,Vegetation,Vegetation,Vegetation,No Change
837.0,2,Pune,18.464376591670497,74.02841084948574,1,4,1,2,1,0.824859,2,0.706048,Vegetation,Agriculture,Vegetation,Agriculture,Agriculture Gain
838.0,2,Pune,18.53525366758753,73.84075278663316,6,6,3,3,3,0.470942,3,0.535571,Built-up,Built-up,Built-up,Built-up,No Change
839.0,2,Pune,18.69551311427445,74.04601782905448,4,4,2,2,2,0.808317,2,0.793869,Agriculture,Agriculture,Agriculture,Agriculture,No Change
840.0,2,Pune,18.52249759055303,74.04862294337842,6,6,3,3,3,0.969303,3,0.982979,Built-up,Built-up,Built-up,Built-up,No Change
841.0,2,Pune,18.417754028424696,74.04556867141241,1,1,1,1,1,0.779874,1,0.838463,Vegetation,Vegetation,Vegetation,Vegetation,No Change
842.0,2,Pune,18.700723342922345,73.9575337735687,6,6,3,3,3,0.921327,3,0.649791,Built-up,Built-up,Built-up,Built-up,No Change
843.0,2,Pune,18.673234895228287,73.88755501293579,6,6,3,3,3,0.804781,3,0.93519,Built-up,Built-up,Built-up,Built-up,No Change
844.0,2,Pune,18.540463896235423,73.73978214869813,1,5,1,1,1,0.863533,1,0.923103,Vegetation,Vegetation,Vegetation,Vegetation,No Change
845.0,2,Pune,18.399069070515008,73.95403034396064,4,6,2,3,2,0.719494,3,0.482405,Agriculture,Built-up,Agriculture,Built-up,Urban Expansion
846.0,2,Pune,18.436708480919616,73.9928375642346,6,6,3,3,3,0.602401,3,0.898796,Built-up,Built-up,Built-up,Built-up,No Change
847.0,2,Pune,18.69416564134827,73.86842089738404,4,4,2,2,2,0.772922,2,0.741042,Agriculture,Agriculture,Agriculture,Agriculture,No Change
848.0,2,Pune,18.52357556889397,73.95160489269351,4,6,2,3,1,0.510001,3,0.483228,Agriculture,Built-up,Vegetation,Built-up,Vegetation Loss
849.0,2,Pune,18.56534722960553,73.74678900791426,4,6,2,3,2,0.815998,3,0.552151,Agriculture,Built-up,Agriculture,Built-up,Urban Expansion
850.0,2,Pune,18.606939227260263,73.97738654134774,7,6,4,3,4,0.983433,3,0.846961,Barren,Built-up,Barren,Built-up,Urban Expansion
851.0,2,Pune,18.49168537630773,73.99867661358138,6,6,3,3,3,0.971352,3,0.943884,Built-up,Built-up,Built-up,Built-up,No Change
852.0,2,Pune,18.574420213975134,73.97199664964303,1,6,1,3,3,0.402326,1,0.515655,Vegetation,Built-up,Built-up,Vegetation,Vegetation Gain
853.0,2,Pune,18.551692837286915,73.93247077714177,6,6,3,3,3,0.841569,3,0.944246,Built-up,Built-up,Built-up,Built-up,No Change
854.0,2,Pune,18.571994762708016,73.87623624035588,6,6,3,3,3,0.914283,3,0.872453,Built-up,Built-up,Built-up,Built-up,No Change
855.0,2,Pune,18.713209925371604,73.94091494081249,6,4,3,2,2,0.726462,2,0.703713,Built-up,Agriculture,Agriculture,Agriculture,No Change
856.0,2,Pune,18.571815099651197,73.87372095756035,4,4,2,2,3,0.418644,2,0.480108,Agriculture,Agriculture,Built-up,Agriculture,Other Change
857.0,2,Pune,18.730277915769875,73.82700856278613,4,4,2,2,2,0.690227,2,0.50151,Agriculture,Agriculture,Agriculture,Agriculture,No Change
858.0,2,Pune,18.54962671213344,73.69836981410022,4,4,2,2,1,0.505945,2,0.678188,Agriculture,Agriculture,Vegetation,Agriculture,Agriculture Gain
859.0,2,Pune,18.7177015017922,73.9018382259533,5,5,1,1,1,0.542319,1,0.845822,Vegetation,Vegetation,Vegetation,Vegetation,No Change
860.0,2,Pune,18.650058360898004,73.76457565053983,6,6,3,3,3,0.980243,3,0.889524,Built-up,Built-up,Built-up,Built-up,No Change
861.0,2,Pune,18.50974151351853,73.82620007903043,6,6,3,3,3,0.770448,3,0.833118,Built-up,Built-up,Built-up,Built-up,No Change
862.0,2,Pune,18.52429422112127,73.97046951366002,6,6,3,3,3,0.856522,3,0.961359,Built-up,Built-up,Built-up,Built-up,No Change
863.0,2,Pune,18.35397364325221,73.91118070490813,5,5,1,1,2,0.630496,2,0.565678,Vegetation,Vegetation,Agriculture,Agriculture,No Change
864.0,2,Pune,18.43266606214108,73.72936169140235,5,4,1,2,1,0.818986,2,0.572714,Vegetation,Agriculture,Vegetation,Agriculture,Agriculture Gain
865.0,2,Pune,18.468329178920623,73.9379505003749,4,1,2,1,2,0.81377,1,0.790676,Agriculture,Vegetation,Agriculture,Vegetation,Vegetation Gain
866.0,2,Pune,18.63002593006214,73.71418016310072,5,6,1,3,1,0.620174,3,0.916861,Vegetation,Built-up,Vegetation,Built-up,Vegetation Loss
867.0,2,Pune,18.489978577267905,73.7019630752367,5,5,1,1,1,0.611396,1,0.556023,Vegetation,Vegetation,Vegetation,Vegetation,No Change
868.0,2,Pune,18.47901913080165,73.899592437743,6,6,3,3,3,0.752749,3,0.871833,Built-up,Built-up,Built-up,Built-up,No Change
869.0,2,Pune,18.669461971034984,73.75631114992593,4,5,2,1,2,0.816337,1,0.931097,Agriculture,Vegetation,Agriculture,Vegetation,Vegetation Gain
870.0,2,Pune,18.667306014353095,73.8658157830601,7,7,4,4,3,0.882406,3,0.662559,Barren,Barren,Built-up,Built-up,No Change
871.0,2,Pune,18.434642355766144,73.9169299227265,6,6,3,3,3,0.487884,3,0.633165,Built-up,Built-up,Built-up,Built-up,No Change
872.0,2,Pune,18.364304269019584,73.75702980215323,5,4,1,2,1,0.532691,2,0.623237,Vegetation,Agriculture,Vegetation,Agriculture,Agriculture Gain
873.0,2,Pune,18.57073712131025,74.00370717917245,6,6,3,3,3,0.427292,3,0.550514,Built-up,Built-up,Built-up,Built-up,No Change
874.0,2,Pune,18.72740330686069,73.99670031995632,6,6,3,3,2,0.668457,3,0.537585,Built-up,Built-up,Agriculture,Built-up,Urban Expansion
875.0,2,Pune,18.4996803823364,73.85198172768466,6,6,3,3,3,0.853472,3,0.681297,Built-up,Built-up,Built-up,Built-up,No Change
876.0,2,Pune,18.65410077967654,73.95501849077317,4,4,2,2,2,0.604119,2,0.75716,Agriculture,Agriculture,Agriculture,Agriculture,No Change
877.0,2,Pune,18.64044638735793,74.03371090966203,4,6,2,3,2,0.471862,2,0.394421,Agriculture,Built-up,Agriculture,Agriculture,No Change
878.0,2,Pune,18.486924305301898,73.89653816577699,6,6,3,3,3,0.577882,2,0.467734,Built-up,Built-up,Built-up,Agriculture,Other Change
879.0,2,Pune,18.64341082779552,73.80904225710374,3,1,1,1,1,0.737627,1,0.801679,Vegetation,Vegetation,Vegetation,Vegetation,No Change
880.0,2,Pune,18.492853186177086,74.04413136695783,6,6,3,3,3,0.515318,3,0.694655,Built-up,Built-up,Built-up,Built-up,No Change
881.0,2,Pune,18.39736227147518,73.87794303939572,5,5,1,1,1,0.731231,1,0.855173,Vegetation,Vegetation,Vegetation,Vegetation,No Change
882.0,2,Pune,18.46536473848303,73.73493124616388,1,1,1,1,1,0.784237,1,0.913253,Vegetation,Vegetation,Vegetation,Vegetation,No Change
883.0,2,Pune,18.57208459423643,73.6862425577646,1,1,1,1,1,0.693295,1,0.940881,Vegetation,Vegetation,Vegetation,Vegetation,No Change
884.0,2,Pune,18.57208459423643,73.8650072993044,4,6,2,3,2,0.427918,1,0.634542,Agriculture,Built-up,Agriculture,Vegetation,Vegetation Gain
885.0,2,Pune,18.610173162283097,73.68803918833285,5,5,1,1,2,0.481713,2,0.429482,Vegetation,Vegetation,Agriculture,Agriculture,No Change
886.0,2,Pune,18.454045965903124,73.93714201661919,4,6,2,3,2,0.804781,3,0.440686,Agriculture,Built-up,Agriculture,Built-up,Urban Expansion
887.0,2,Pune,18.553938625497214,73.65965242535466,4,4,2,2,2,0.608867,1,0.47047,Agriculture,Agriculture,Agriculture,Vegetation,Vegetation Gain
888.0,2,Pune,18.62813946796549,73.69378840615121,6,6,3,3,3,0.628042,3,0.679085,Built-up,Built-up,Built-up,Built-up,No Change
889.0,2,Pune,18.69721991331428,73.89968226927141,4,4,2,2,2,0.695278,2,0.722492,Agriculture,Agriculture,Agriculture,Agriculture,No Change
890.0,2,Pune,18.356488926047746,73.71894123410655,1,5,1,1,1,0.692381,1,0.847575,Vegetation,Vegetation,Vegetation,Vegetation,No Change
891.0,2,Pune,18.48809211517125,73.7050173472027,5,5,1,1,1,0.770976,1,0.926952,Vegetation,Vegetation,Vegetation,Vegetation,No Change
892.0,2,Pune,18.66416191085868,73.97037968213161,4,4,2,2,2,0.861859,2,0.668783,Agriculture,Agriculture,Agriculture,Agriculture,No Change
893.0,2,Pune,18.638110767619214,73.71723443506673,5,5,1,1,3,0.536037,1,0.729603,Vegetation,Vegetation,Built-up,Vegetation,Vegetation Gain
894.0,2,Pune,18.47955811997212,73.89105844254385,6,6,3,3,3,0.765713,3,0.725589,Built-up,Built-up,Built-up,Built-up,No Change
895.0,2,Pune,18.609634173112624,73.81604911631987,1,1,1,1,1,0.606746,2,0.493631,Vegetation,Vegetation,Vegetation,Agriculture,Agriculture Gain
896.0,2,Pune,18.38649265653733,73.6591134361842,4,6,2,3,2,0.841173,1,0.480844,Agriculture,Built-up,Agriculture,Vegetation,Vegetation Gain
897.0,2,Pune,18.4411102258118,73.73690753978894,1,5,1,1,1,0.87717,1,0.922215,Vegetation,Vegetation,Vegetation,Vegetation,No Change
898.0,2,Pune,18.650058360898004,73.85395802130972,5,6,1,3,1,0.77487,3,0.757247,Vegetation,Built-up,Vegetation,Built-up,Vegetation Loss
899.0,2,Pune,18.669821297148637,73.74508220887444,6,6,3,3,3,0.731906,3,0.754716,Built-up,Built-up,Built-up,Built-up,No Change
900.0,2,Pune,18.497793920239744,73.88791433904944,6,6,3,3,3,0.741264,3,0.544191,Built-up,Built-up,Built-up,Built-up,No Change
901.0,2,Pune,18.48593615848937,73.73151764808424,6,6,3,3,3,0.859731,3,0.683957,Built-up,Built-up,Built-up,Built-up,No Change
902.0,2,Pune,18.464556254727324,73.99714947759837,6,6,3,3,3,0.760447,3,0.932166,Built-up,Built-up,Built-up,Built-up,No Change
903.0,2,Pune,18.62508519599948,73.89375338839622,1,5,1,1,1,0.752936,1,0.764853,Vegetation,Vegetation,Vegetation,Vegetation,No Change
904.0,2,Pune,18.572982909520547,73.8658157830601,1,1,1,1,1,0.532909,1,0.567771,Vegetation,Vegetation,Vegetation,Vegetation,No Change
905.0,2,Pune,18.7469865800545,73.7080716191687,1,4,1,2,1,0.620579,2,0.754902,Vegetation,Agriculture,Vegetation,Agriculture,Agriculture Gain
906.0,2,Pune,18.605052765163617,73.66612029540033,5,5,1,1,1,0.815835,1,0.804699,Vegetation,Vegetation,Vegetation,Vegetation,No Change
907.0,2,Pune,18.692189347723208,73.73493124616388,4,6,2,3,2,0.54891,3,0.651147,Agriculture,Built-up,Agriculture,Built-up,Urban Expansion
908.0,2,Pune,18.4764140164777,73.8342849165875,6,6,3,3,3,0.907961,3,0.90214,Built-up,Built-up,Built-up,Built-up,No Change
909.0,2,Pune,18.64430914307964,73.92717071696546,1,4,1,2,2,0.598021,2,0.511921,Vegetation,Agriculture,Agriculture,Agriculture,No Change
910.0,2,Pune,18.688416423529908,73.79574719089878,6,6,3,3,3,0.852961,3,0.92167,Built-up,Built-up,Built-up,Built-up,No Change
911.0,2,Pune,18.638200599147627,73.92312829818692,6,6,3,3,3,0.764301,3,0.773136,Built-up,Built-up,Built-up,Built-up,No Change
912.0,2,Pune,18.42853381183413,73.83931548217858,6,6,3,3,3,0.575965,3,0.607603,Built-up,Built-up,Built-up,Built-up,No Change
913.0,2,Pune,18.663443258631386,73.89716698647587,6,6,3,3,3,0.881436,3,0.790859,Built-up,Built-up,Built-up,Built-up,No Change
914.0,2,Pune,18.654190611204957,73.7824521246938,1,1,1,1,1,0.922905,1,0.915816,Vegetation,Vegetation,Vegetation,Vegetation,No Change
915.0,2,Pune,18.74510011795785,73.99705964606996,1,4,1,2,1,0.764633,2,0.811286,Vegetation,Agriculture,Vegetation,Agriculture,Agriculture Gain
916.0,2,Pune,18.47542586966517,73.83401542200227,6,6,3,3,3,0.963744,3,0.883762,Built-up,Built-up,Built-up,Built-up,No Change
917.0,2,Pune,18.693267326064152,73.88494989861185,4,4,2,2,3,0.531946,3,0.713825,Agriculture,Agriculture,Built-up,Built-up,No Change
918.0,2,Pune,18.568311670043126,73.91710958578332,6,6,3,3,3,0.871332,3,0.880049,Built-up,Built-up,Built-up,Built-up,No Change
919.0,2,Pune,18.43113892615808,73.98762733558671,1,5,1,1,1,0.736031,1,0.391556,Vegetation,Vegetation,Vegetation,Vegetation,No Change
920.0,2,Pune,18.67826546081936,73.92196048831757,5,6,1,3,1,0.673914,3,0.714821,Vegetation,Built-up,Vegetation,Built-up,Vegetation Loss
921.0,2,Pune,18.587625448651696,73.82655940514408,6,6,3,3,3,0.61728,3,0.586096,Built-up,Built-up,Built-up,Built-up,No Change
922.0,2,Pune,18.445691633760813,73.764395987483,1,1,1,1,1,0.525364,1,0.706679,Vegetation,Vegetation,Vegetation,Vegetation,No Change
923.0,2,Pune,18.62535469058472,73.82413395387695,6,6,3,3,3,0.89931,3,0.599707,Built-up,Built-up,Built-up,Built-up,No Change
924.0,2,Pune,18.66748567740992,73.97909334038756,1,4,1,2,1,0.750357,2,0.749658,Vegetation,Agriculture,Vegetation,Agriculture,Agriculture Gain
925.0,2,Pune,18.512526290899302,73.65713714255914,1,5,1,1,1,0.403178,2,0.466216,Vegetation,Vegetation,Vegetation,Agriculture,Agriculture Gain
926.0,2,Pune,18.582505051532216,73.8244932799906,6,6,3,3,3,0.963641,3,0.95238,Built-up,Built-up,Built-up,Built-up,No Change
927.0,2,Pune,18.68500282545025,73.87947017537871,4,4,2,2,2,0.420294,1,0.403747,Agriculture,Agriculture,Agriculture,Vegetation,Vegetation Gain
928.0,2,Pune,18.620773282635707,73.77364863490943,6,6,3,3,3,0.583117,3,0.622082,Built-up,Built-up,Built-up,Built-up,No Change
929.0,2,Pune,18.582505051532216,73.69989695008323,4,4,2,2,2,0.628809,2,0.69745,Agriculture,Agriculture,Agriculture,Agriculture,No Change
930.0,2,Pune,18.353344822553325,73.65731680561596,1,5,1,1,1,0.855901,1,0.727098,Vegetation,Vegetation,Vegetation,Vegetation,No Change
931.0,2,Pune,18.516299215092605,74.0447601876567,4,6,2,3,2,0.719407,3,0.626074,Agriculture,Built-up,Agriculture,Built-up,Urban Expansion
932.0,2,Pune,18.567503186287414,73.96831355697813,4,7,2,4,2,0.726513,4,0.985786,Agriculture,Barren,Agriculture,Barren,Agriculture Loss
933.0,2,Pune,18.68491299392184,74.03613636092916,4,4,2,2,2,0.633396,2,0.870738,Agriculture,Agriculture,Agriculture,Agriculture,No Change
934.0,2,Pune,18.59795607441907,73.94882011531274,6,6,3,3,3,0.88894,3,0.59505,Built-up,Built-up,Built-up,Built-up,No Change
935.0,2,Pune,18.45799855315325,73.88252444734472,6,6,3,3,3,0.996048,3,0.988865,Built-up,Built-up,Built-up,Built-up,No Change
936.0,2,Pune,18.539835075536537,74.0191582020593,5,6,1,3,1,0.501163,3,0.558606,Vegetation,Built-up,Vegetation,Built-up,Vegetation Loss
937.0,2,Pune,18.63882941984651,73.66171855050814,4,4,2,2,2,0.803283,2,0.815433,Agriculture,Agriculture,Agriculture,Agriculture,No Change
938.0,2,Pune,18.43275589366949,74.02868034407096,1,1,1,1,1,0.604562,1,0.846545,Vegetation,Vegetation,Vegetation,Vegetation,No Change
939.0,2,Pune,18.401225027196897,73.77993684189828,4,5,2,1,2,0.643551,1,0.808006,Agriculture,Vegetation,Agriculture,Vegetation,Vegetation Gain
940.0,2,Pune,18.368885676968592,73.83078148697943,5,4,1,2,1,0.7018,2,0.682659,Vegetation,Agriculture,Vegetation,Agriculture,Agriculture Gain
941.0,2,Pune,18.50812454600712,73.88782450752103,1,1,1,1,1,0.816661,1,0.890676,Vegetation,Vegetation,Vegetation,Vegetation,No Change
942.0,2,Pune,18.48809211517125,73.84380705859917,6,6,3,3,3,0.61225,3,0.623232,Built-up,Built-up,Built-up,Built-up,No Change
943.0,2,Pune,18.378138324395024,73.9086654221126,4,6,2,3,1,0.445619,1,0.471244,Agriculture,Built-up,Vegetation,Vegetation,No Change
944.0,2,Pune,18.35621943146251,73.99723930912678,4,6,2,3,2,0.803026,3,0.61015,Agriculture,Built-up,Agriculture,Built-up,Urban Expansion
945.0,2,Pune,18.50857370364918,73.92187065678915,1,1,1,1,1,0.82036,2,0.434989,Vegetation,Vegetation,Vegetation,Agriculture,Agriculture Gain
946.0,2,Pune,18.62813946796549,73.76259935691476,6,6,3,3,3,0.44821,3,0.667843,Built-up,Built-up,Built-up,Built-up,No Change
947.0,2,Pune,18.60020186262937,73.95250320797763,6,6,3,3,3,0.839012,3,0.98823,Built-up,Built-up,Built-up,Built-up,No Change
948.0,2,Pune,18.715994702752376,73.6599219199399,1,5,1,1,1,0.609897,1,0.76023,Vegetation,Vegetation,Vegetation,Vegetation,No Change
949.0,2,Pune,18.378946808150733,73.87138533782164,4,6,2,3,2,0.677261,3,0.61286,Agriculture,Built-up,Agriculture,Built-up,Urban Expansion
950.0,2,Pune,18.481264919011945,73.9958918362006,4,4,2,2,2,0.861418,2,0.777196,Agriculture,Agriculture,Agriculture,Agriculture,No Change
951.0,2,Pune,18.71662352345126,73.73304478406723,4,4,2,2,3,0.643305,1,0.654484,Agriculture,Agriculture,Built-up,Vegetation,Vegetation Gain
952.0,2,Pune,18.422874425544176,73.85620380952003,1,5,1,1,1,0.718779,1,0.618372,Vegetation,Vegetation,Vegetation,Vegetation,No Change
953.0,2,Pune,18.672606074529405,73.80248455552967,6,6,3,3,3,0.56256,3,0.676501,Built-up,Built-up,Built-up,Built-up,No Change
954.0,2,Pune,18.451261188522352,73.83680019938303,6,6,3,3,3,0.874883,3,0.888712,Built-up,Built-up,Built-up,Built-up,No Change
955.0,2,Pune,18.389187602389693,74.04646698669653,4,4,2,2,2,0.912283,2,0.768615,Agriculture,Agriculture,Agriculture,Agriculture,No Change
956.0,2,Pune,18.7432136558612,73.89483136673717,6,6,3,3,3,0.746536,3,0.928164,Built-up,Built-up,Built-up,Built-up,No Change
957.0,2,Pune,18.717611670263796,73.80320320775697,6,6,3,3,3,0.911789,3,0.691682,Built-up,Built-up,Built-up,Built-up,No Change
958.0,2,Pune,18.74563910712832,74.01278016354205,1,4,1,2,1,0.640644,2,0.837751,Vegetation,Agriculture,Vegetation,Agriculture,Agriculture Gain
959.0,2,Pune,18.5199823077575,73.9401962885852,6,6,3,3,3,0.892916,3,0.812268,Built-up,Built-up,Built-up,Built-up,No Change
960.0,2,Pune,18.39269103199776,73.81856439911542,5,5,1,1,1,0.849184,1,0.847601,Vegetation,Vegetation,Vegetation,Vegetation,No Change
961.0,2,Pune,18.47425805979581,73.79934045203525,4,5,2,1,2,0.734468,1,0.638228,Agriculture,Vegetation,Agriculture,Vegetation,Vegetation Gain
962.0,2,Pune,18.488181946699665,73.80392185998426,1,4,1,2,1,0.734252,2,0.827916,Vegetation,Agriculture,Vegetation,Agriculture,Agriculture Gain
963.0,2,Pune,18.39089440142952,73.8462325098663,5,5,1,1,1,0.695964,1,0.721163,Vegetation,Vegetation,Vegetation,Vegetation,No Change
964.0,2,Pune,18.3802044495485,73.97765603593298,4,4,2,2,2,0.738968,2,0.757559,Agriculture,Agriculture,Agriculture,Agriculture,No Change
965.0,2,Pune,18.378587482037084,73.79682516923972,5,5,1,1,1,0.760235,1,0.773569,Vegetation,Vegetation,Vegetation,Vegetation,No Change
966.0,2,Pune,18.615652885516223,73.84012396593428,4,5,2,1,2,0.723357,1,0.864557,Agriculture,Vegetation,Agriculture,Vegetation,Vegetation Gain
967.0,2,Pune,18.543428336673017,74.00613263043957,4,4,2,2,2,0.722804,2,0.858008,Agriculture,Agriculture,Agriculture,Agriculture,No Change
968.0,2,Pune,18.492044702421374,73.77248082504008,5,5,1,1,1,0.629931,1,0.868225,Vegetation,Vegetation,Vegetation,Vegetation,No Change
969.0,2,Pune,18.47057496713092,73.98295609610929,4,4,2,2,2,0.809782,2,0.776522,Agriculture,Agriculture,Agriculture,Agriculture,No Change
970.0,2,Pune,18.384067205270213,73.87866169162301,1,4,1,2,1,0.669784,2,0.826741,Vegetation,Agriculture,Vegetation,Agriculture,Agriculture Gain
971.0,2,Pune,18.406614918901614,73.89483136673717,5,5,1,1,2,0.525057,1,0.620015,Vegetation,Vegetation,Agriculture,Vegetation,Vegetation Gain
972.0,2,Pune,18.528067145314573,73.69468672143533,1,4,1,2,1,0.891094,2,0.857753,Vegetation,Agriculture,Vegetation,Agriculture,Agriculture Gain
973.0,2,Pune,18.49941088775116,73.78406909220523,5,5,1,1,1,0.82655,1,0.828593,Vegetation,Vegetation,Vegetation,Vegetation,No Change
974.0,2,Pune,18.4606036674772,73.96067787706312,4,4,2,2,2,0.631493,2,0.535548,Agriculture,Agriculture,Agriculture,Agriculture,No Change
975.0,2,Pune,18.495098974387385,73.80032859884778,6,6,3,3,3,0.943519,3,0.610033,Built-up,Built-up,Built-up,Built-up,No Change
976.0,2,Pune,18.398260586759303,73.80113708260349,5,5,1,1,1,0.926294,1,0.902017,Vegetation,Vegetation,Vegetation,Vegetation,No Change
977.0,2,Pune,18.40643525584479,73.91755874342539,1,5,1,1,1,0.77267,1,0.818941,Vegetation,Vegetation,Vegetation,Vegetation,No Change
978.0,2,Pune,18.385235015139568,73.99481385785967,4,4,2,2,2,0.793324,2,0.794583,Agriculture,Agriculture,Agriculture,Agriculture,No Change
979.0,2,Pune,18.455483270357718,73.87165483240688,6,6,3,3,3,0.926664,3,0.946114,Built-up,Built-up,Built-up,Built-up,No Change
980.0,2,Pune,18.61071215145357,73.85961740759967,4,5,2,1,2,0.676374,1,0.73082,Agriculture,Vegetation,Agriculture,Vegetation,Vegetation Gain
981.0,2,Pune,18.74779506381021,73.87758371328206,6,6,3,3,3,0.807439,3,0.795343,Built-up,Built-up,Built-up,Built-up,No Change
982.0,2,Pune,18.62301907084601,74.01969719122977,5,5,1,1,1,0.766287,1,0.472553,Vegetation,Vegetation,Vegetation,Vegetation,No Change
983.0,2,Pune,18.653471958977654,73.96301349680184,1,1,1,1,1,0.503155,1,0.701817,Vegetation,Vegetation,Vegetation,Vegetation,No Change
984.0,2,Pune,18.583852524458397,73.72693624013522,6,6,3,3,3,0.81324,3,0.946832,Built-up,Built-up,Built-up,Built-up,No Change
985.0,2,Pune,18.596698433021302,73.65399303906472,1,1,1,1,1,0.640117,1,0.537705,Vegetation,Vegetation,Vegetation,Vegetation,No Change
986.0,2,Pune,18.614754570232105,73.96624743182466,4,5,2,1,2,0.807891,1,0.69469,Agriculture,Vegetation,Agriculture,Vegetation,Vegetation Gain
987.0,2,Pune,18.49788375176816,73.85090374934371,6,6,3,3,3,0.949224,3,0.955765,Built-up,Built-up,Built-up,Built-up,No Change
988.0,2,Pune,18.68787743435944,73.82530176374631,4,0,2,0,1,0.538474,1,0.650099,Agriculture,Water,Vegetation,Vegetation,No Change
989.0,2,Pune,18.6079273740728,73.72109719078844,6,6,3,3,3,0.721628,3,0.8545,Built-up,Built-up,Built-up,Built-up,No Change
990.0,2,Pune,18.5853796604414,73.6614490559229,1,1,1,1,1,0.836427,1,0.90079,Vegetation,Vegetation,Vegetation,Vegetation,No Change
991.0,2,Pune,18.44766792738588,73.69603419436152,1,1,1,1,1,0.901068,1,0.776098,Vegetation,Vegetation,Vegetation,Vegetation,No Change
992.0,2,Pune,18.63514632718162,73.82054069274048,6,6,3,3,3,0.942201,3,0.869911,Built-up,Built-up,Built-up,Built-up,No Change
993.0,2,Pune,18.463568107914792,73.84749015126405,6,6,3,3,3,0.732797,3,0.861658,Built-up,Built-up,Built-up,Built-up,No Change
994.0,2,Pune,18.622030924033474,73.79790314758067,0,0,0,0,0,0.905157,0,0.755013,Water,Water,Water,Water,No Change
995.0,2,Pune,18.734050839963174,73.96112703470519,4,4,2,2,2,0.7636,2,0.796864,Agriculture,Agriculture,Agriculture,Agriculture,No Change
996.0,2,Pune,18.63325986508497,73.79457938102942,6,6,3,3,3,0.874026,3,0.982833,Built-up,Built-up,Built-up,Built-up,No Change
997.0,2,Pune,18.52896546059869,73.81946271439953,5,5,1,1,1,0.751215,1,0.812921,Vegetation,Vegetation,Vegetation,Vegetation,No Change
998.0,2,Pune,18.611879961322924,73.75550266617022,6,6,3,3,3,0.844952,3,0.950222,Built-up,Built-up,Built-up,Built-up,No Change
999.0,2,Pune,18.64368032238076,73.69037480807155,4,4,2,2,2,0.679428,2,0.716256,Agriculture,Agriculture,Agriculture,Agriculture,No Change
1000.0,3,Nagpur,20.96959825602302,79.0022029145987,4,4,2,2,2,0.729215,2,0.653804,Agriculture,Agriculture,Agriculture,Agriculture,No Change
1001.0,3,Nagpur,21.05197376757678,79.21770875125897,4,4,2,2,2,0.830265,2,0.817113,Agriculture,Agriculture,Agriculture,Agriculture,No Change
1002.0,3,Nagpur,21.045685560587945,79.261546537124,4,4,2,2,2,0.748883,2,0.85875,Agriculture,Agriculture,Agriculture,Agriculture,No Change
1003.0,3,Nagpur,21.28562557297627,79.01244370883767,4,4,2,2,2,0.75713,2,0.529305,Agriculture,Agriculture,Agriculture,Agriculture,No Change
1004.0,3,Nagpur,21.00831564476857,79.24483787283938,4,4,2,2,2,0.850463,2,0.744338,Agriculture,Agriculture,Agriculture,Agriculture,No Change
1005.0,3,Nagpur,21.24088947182712,78.96061091694396,4,1,2,1,2,0.757376,1,0.771296,Agriculture,Vegetation,Agriculture,Vegetation,Vegetation Gain
1006.0,3,Nagpur,21.05008730548013,79.07829021916362,4,6,2,3,2,0.872793,3,0.647108,Agriculture,Built-up,Agriculture,Built-up,Urban Expansion
1007.0,3,Nagpur,21.29029681245369,79.28005183197686,4,4,2,2,2,0.865375,2,0.726027,Agriculture,Agriculture,Agriculture,Agriculture,No Change
1008.0,3,Nagpur,21.032120999797737,78.96106007458603,5,4,1,2,2,0.487981,1,0.599966,Vegetation,Agriculture,Agriculture,Vegetation,Vegetation Gain
1009.0,3,Nagpur,21.019903911933717,79.10793462353956,4,4,2,2,2,0.859703,2,0.780288,Agriculture,Agriculture,Agriculture,Agriculture,No Change
1010.0,3,Nagpur,21.045146571417472,79.06894774020878,6,4,3,2,3,0.398129,2,0.73224,Built-up,Agriculture,Built-up,Agriculture,Other Change
1011.0,3,Nagpur,21.22957069924721,79.24843113397586,4,4,2,2,2,0.8692,2,0.823555,Agriculture,Agriculture,Agriculture,Agriculture,No Change
1012.0,3,Nagpur,21.088445368112037,79.13964515306898,4,6,2,3,3,0.456165,2,0.619721,Agriculture,Built-up,Built-up,Agriculture,Other Change
1013.0,3,Nagpur,21.147554513807098,78.95504136218243,6,6,3,3,3,0.851193,3,0.906548,Built-up,Built-up,Built-up,Built-up,No Change
1014.0,3,Nagpur,21.05987894207703,79.1877948522978,4,4,2,2,2,0.87287,2,0.781099,Agriculture,Agriculture,Agriculture,Agriculture,No Change
1015.0,3,Nagpur,21.208639953127225,78.98747054393914,4,4,2,2,2,0.830537,2,0.79842,Agriculture,Agriculture,Agriculture,Agriculture,No Change
1016.0,3,Nagpur,21.293440915948107,79.05601200011746,4,4,2,2,2,0.844978,2,0.821049,Agriculture,Agriculture,Agriculture,Agriculture,No Change
1017.0,3,Nagpur,21.1242881479484,79.10910243340892,6,6,3,3,3,0.984808,3,0.953074,Built-up,Built-up,Built-up,Built-up,No Change
1018.0,3,Nagpur,21.26810842493593,79.2734941304028,4,4,2,2,2,0.807396,2,0.840888,Agriculture,Agriculture,Agriculture,Agriculture,No Change
1019.0,3,Nagpur,21.06239422487257,79.07703257776585,4,4,2,2,2,0.868797,2,0.777983,Agriculture,Agriculture,Agriculture,Agriculture,No Change
1020.0,3,Nagpur,21.16435300962013,79.21025273440078,4,4,2,2,2,0.745253,2,0.71951,Agriculture,Agriculture,Agriculture,Agriculture,No Change
1021.0,3,Nagpur,21.245470879776125,79.12203817350024,4,4,2,2,2,0.748482,2,0.794181,Agriculture,Agriculture,Agriculture,Agriculture,No Change
1022.0,3,Nagpur,21.100842119032883,79.07200201217479,6,6,3,3,3,0.647569,3,0.851407,Built-up,Built-up,Built-up,Built-up,No Change
1023.0,3,Nagpur,21.24942346702625,79.25948041197053,1,1,1,1,1,0.53218,1,0.757803,Vegetation,Vegetation,Vegetation,Vegetation,No Change
1024.0,3,Nagpur,20.99582906231931,79.20944425064508,0,0,0,0,0,1.0,0,0.99995,Water,Water,Water,Water,No Change
1025.0,3,Nagpur,21.13839169790908,79.0653544790723,6,6,3,3,3,0.944544,3,0.913859,Built-up,Built-up,Built-up,Built-up,No Change
1026.0,3,Nagpur,21.11710162567545,79.15500634442743,4,6,2,3,2,0.679121,3,0.642868,Agriculture,Built-up,Agriculture,Built-up,Urban Expansion
1027.0,3,Nagpur,21.0385888698434,79.22714106174223,4,4,2,2,2,0.69881,2,0.864365,Agriculture,Agriculture,Agriculture,Agriculture,No Change
1028.0,3,Nagpur,21.214658665530827,79.19875429876404,6,6,3,3,3,0.867708,3,0.938708,Built-up,Built-up,Built-up,Built-up,No Change
1029.0,3,Nagpur,20.99214596965442,79.0713731914759,4,4,2,2,2,0.837532,2,0.711456,Agriculture,Agriculture,Agriculture,Agriculture,No Change
1030.0,3,Nagpur,21.27745090389078,79.12949419035843,1,4,1,2,1,0.864741,2,0.697509,Vegetation,Agriculture,Vegetation,Agriculture,Agriculture Gain
1031.0,3,Nagpur,21.00472238363209,79.24591585118033,4,4,2,2,2,0.912824,2,0.843133,Agriculture,Agriculture,Agriculture,Agriculture,No Change
1032.0,3,Nagpur,21.29963929140853,79.2089052614746,4,4,2,2,1,0.405746,2,0.582033,Agriculture,Agriculture,Vegetation,Agriculture,Agriculture Gain
1033.0,3,Nagpur,21.236128400821283,79.22570375728763,1,7,1,4,1,0.831189,4,0.988672,Vegetation,Barren,Vegetation,Barren,Vegetation Loss
1034.0,3,Nagpur,21.2392725043157,79.24133444323131,6,6,3,3,3,0.91813,3,0.978212,Built-up,Built-up,Built-up,Built-up,No Change
1035.0,3,Nagpur,21.26047274502092,79.2254342627024,4,4,2,2,2,0.880449,2,0.755413,Agriculture,Agriculture,Agriculture,Agriculture,No Change
1036.0,3,Nagpur,21.16839542839867,79.03184731897464,6,6,3,3,3,0.954686,3,0.903614,Built-up,Built-up,Built-up,Built-up,No Change
1037.0,3,Nagpur,21.248165825628483,79.23010550217982,6,6,3,3,3,0.848242,3,0.86724,Built-up,Built-up,Built-up,Built-up,No Change
1038.0,3,Nagpur,21.200824610155383,79.0976039977722,4,4,2,2,2,0.569886,2,0.631603,Agriculture,Agriculture,Agriculture,Agriculture,No Change
1039.0,3,Nagpur,21.046943201985712,78.96743811310327,4,1,2,1,2,0.765905,1,0.702041,Agriculture,Vegetation,Agriculture,Vegetation,Vegetation Gain
1040.0,3,Nagpur,21.070658725486467,79.15895893167756,4,4,2,2,2,0.795432,2,0.759675,Agriculture,Agriculture,Agriculture,Agriculture,No Change
1041.0,3,Nagpur,21.075779122605947,79.13039250564256,4,5,2,1,2,0.787837,1,0.634972,Agriculture,Vegetation,Agriculture,Vegetation,Vegetation Gain
1042.0,3,Nagpur,20.96618465794337,78.96438384113726,4,4,2,2,1,0.62325,2,0.687353,Agriculture,Agriculture,Vegetation,Agriculture,Agriculture Gain
1043.0,3,Nagpur,21.030234537701087,78.95252607938689,4,1,2,1,2,0.844845,1,0.787729,Agriculture,Vegetation,Agriculture,Vegetation,Vegetation Gain
1044.0,3,Nagpur,20.9912476543703,79.27789587529497,4,4,2,2,2,0.797671,2,0.869306,Agriculture,Agriculture,Agriculture,Agriculture,No Change
1045.0,3,Nagpur,21.29945962835171,79.10955159105099,4,4,2,2,2,0.78996,2,0.745706,Agriculture,Agriculture,Agriculture,Agriculture,No Change
1046.0,3,Nagpur,20.97103556047761,79.26864322786855,4,4,2,2,2,0.766499,2,0.792878,Agriculture,Agriculture,Agriculture,Agriculture,No Change
1047.0,3,Nagpur,21.12069488681192,79.090147980914,6,6,3,3,3,0.831484,3,0.683926,Built-up,Built-up,Built-up,Built-up,No Change
1048.0,3,Nagpur,21.17585144525686,79.03957283041807,6,6,3,3,3,0.972593,3,0.981928,Built-up,Built-up,Built-up,Built-up,No Change
1049.0,3,Nagpur,21.22454013365614,79.05448486413445,6,6,3,3,3,0.574108,3,0.474207,Built-up,Built-up,Built-up,Built-up,No Change
1050.0,3,Nagpur,20.956482852874878,79.2922689198409,4,4,2,2,2,0.841999,2,0.838076,Agriculture,Agriculture,Agriculture,Agriculture,No Change
1051.0,3,Nagpur,21.24987262466831,78.97076187965452,4,4,2,2,1,0.651982,1,0.667992,Agriculture,Agriculture,Vegetation,Vegetation,No Change
1052.0,3,Nagpur,20.991876475069184,78.95827529720525,1,1,1,1,1,0.853994,1,0.661629,Vegetation,Vegetation,Vegetation,Vegetation,No Change
1053.0,3,Nagpur,20.972922022574263,79.18761518924097,1,1,1,1,1,0.980959,1,0.751566,Vegetation,Vegetation,Vegetation,Vegetation,No Change
1054.0,3,Nagpur,21.03499560870692,79.04963396160021,6,6,3,3,3,0.936484,3,0.8947,Built-up,Built-up,Built-up,Built-up,No Change
1055.0,3,Nagpur,21.11710162567545,79.20540183186654,4,4,2,2,2,0.841114,2,0.722688,Agriculture,Agriculture,Agriculture,Agriculture,No Change
1056.0,3,Nagpur,21.025203972110017,78.97597210830241,4,4,2,2,2,0.802944,2,0.894199,Agriculture,Agriculture,Agriculture,Agriculture,No Change
1057.0,3,Nagpur,21.050805957707425,79.26208552629447,4,4,2,2,2,0.446532,2,0.554786,Agriculture,Agriculture,Agriculture,Agriculture,No Change
1058.0,3,Nagpur,21.24214711322488,79.00471819739424,5,5,1,1,1,0.884342,1,0.817655,Vegetation,Vegetation,Vegetation,Vegetation,No Change
1059.0,3,Nagpur,21.152585079398165,79.10874310729527,6,6,3,3,3,0.934395,3,0.936148,Built-up,Built-up,Built-up,Built-up,No Change
1060.0,3,Nagpur,21.11961690847098,79.02573877504263,6,6,3,3,3,0.946161,3,0.881867,Built-up,Built-up,Built-up,Built-up,No Change
1061.0,3,Nagpur,21.14180529598873,79.03247613967352,4,1,2,1,2,0.672213,1,0.826319,Agriculture,Vegetation,Agriculture,Vegetation,Vegetation Gain
1062.0,3,Nagpur,20.98576793113717,79.13326711455174,4,4,2,2,2,0.827894,2,0.752907,Agriculture,Agriculture,Agriculture,Agriculture,No Change
1063.0,3,Nagpur,20.979569555676747,79.19318474400251,1,1,1,1,1,0.846443,1,0.850756,Vegetation,Vegetation,Vegetation,Vegetation,No Change
1064.0,3,Nagpur,21.09239795536216,79.16524713866639,4,4,2,2,2,0.75906,2,0.72224,Agriculture,Agriculture,Agriculture,Agriculture,No Change
1065.0,3,Nagpur,21.054668713429137,79.21025273440078,4,4,2,2,2,0.862061,2,0.84215,Agriculture,Agriculture,Agriculture,Agriculture,No Change
1066.0,3,Nagpur,21.10811847283425,79.2787941905791,4,4,2,2,2,0.594155,2,0.552076,Agriculture,Agriculture,Agriculture,Agriculture,No Change
1067.0,3,Nagpur,21.062304393344156,79.0676002672826,4,4,2,2,2,0.758922,2,0.658121,Agriculture,Agriculture,Agriculture,Agriculture,No Change
1068.0,3,Nagpur,20.96465752196036,79.12122968974454,4,4,2,2,2,0.767779,2,0.683274,Agriculture,Agriculture,Agriculture,Agriculture,No Change
1069.0,3,Nagpur,21.1738751516318,78.98252980987648,4,6,2,3,2,0.857012,3,0.883168,Agriculture,Built-up,Agriculture,Built-up,Urban Expansion
1070.0,3,Nagpur,20.966633815585425,79.27538059249945,4,4,2,2,2,0.720893,2,0.798909,Agriculture,Agriculture,Agriculture,Agriculture,No Change
1071.0,3,Nagpur,21.187349880893592,79.23306994261742,4,4,2,2,2,0.791678,2,0.820691,Agriculture,Agriculture,Agriculture,Agriculture,No Change
1072.0,3,Nagpur,21.19768050666097,79.18797451535461,4,4,2,2,2,0.801457,2,0.719613,Agriculture,Agriculture,Agriculture,Agriculture,No Change
1073.0,3,Nagpur,21.036432913161512,79.16470814949592,4,4,2,2,2,0.56242,2,0.594803,Agriculture,Agriculture,Agriculture,Agriculture,No Change
1074.0,3,Nagpur,21.15366305773911,79.02232517696298,6,6,3,3,2,0.415597,3,0.410013,Built-up,Built-up,Agriculture,Built-up,Urban Expansion
1075.0,3,Nagpur,21.24331492309424,79.1292246957732,4,1,2,1,2,0.831674,1,0.703355,Agriculture,Vegetation,Agriculture,Vegetation,Vegetation Gain
1076.0,3,Nagpur,21.024664982939548,79.20459334811083,4,4,2,2,2,0.664832,2,0.709108,Agriculture,Agriculture,Agriculture,Agriculture,No Change
1077.0,3,Nagpur,21.277720398476017,79.2133968378952,4,4,2,2,2,0.755457,2,0.809177,Agriculture,Agriculture,Agriculture,Agriculture,No Change
1078.0,3,Nagpur,21.06823327421934,78.9646533357225,4,6,2,3,2,0.742612,3,0.540958,Agriculture,Built-up,Agriculture,Built-up,Urban Expansion
1079.0,3,Nagpur,21.153303731625464,79.05421536954923,1,1,1,1,1,0.672265,1,0.651992,Vegetation,Vegetation,Vegetation,Vegetation,No Change
1080.0,3,Nagpur,21.062304393344156,79.26936188009584,4,4,2,2,2,0.805909,2,0.78235,Agriculture,Agriculture,Agriculture,Agriculture,No Change
1081.0,3,Nagpur,21.20792130089993,79.16138438294468,4,4,2,2,2,0.859231,2,0.856303,Agriculture,Agriculture,Agriculture,Agriculture,No Change
1082.0,3,Nagpur,21.067514621992046,79.07200201217479,6,6,3,3,3,0.748878,3,0.952814,Built-up,Built-up,Built-up,Built-up,No Change
1083.0,3,Nagpur,21.145129062539976,78.95010062811977,6,6,3,3,3,0.65969,3,0.424918,Built-up,Built-up,Built-up,Built-up,No Change
1084.0,3,Nagpur,21.047572022684594,79.08394960545357,5,5,1,1,1,0.647681,1,0.493076,Vegetation,Vegetation,Vegetation,Vegetation,No Change
1085.0,3,Nagpur,20.991427317427124,79.17117601954158,1,5,1,1,1,0.871995,1,0.806505,Vegetation,Vegetation,Vegetation,Vegetation,No Change
1086.0,3,Nagpur,21.043888930019705,79.05583233706064,6,6,3,3,3,0.459701,3,0.712819,Built-up,Built-up,Built-up,Built-up,No Change
1087.0,3,Nagpur,21.256879483884443,79.23783101362325,6,1,3,1,3,0.731324,1,0.678729,Built-up,Vegetation,Built-up,Vegetation,Vegetation Gain
1088.0,3,Nagpur,20.98927136074524,78.96995339589881,1,1,1,1,2,0.448321,1,0.492683,Vegetation,Vegetation,Agriculture,Vegetation,Vegetation Gain
1089.0,3,Nagpur,21.05242292521884,79.14943678966588,4,1,2,1,2,0.812249,1,0.67671,Agriculture,Vegetation,Agriculture,Vegetation,Vegetation Gain
1090.0,3,Nagpur,21.2640660061574,79.01334202412178,5,4,1,2,1,0.649406,2,0.790283,Vegetation,Agriculture,Vegetation,Agriculture,Agriculture Gain
1091.0,3,Nagpur,21.170461553552144,79.20630014715066,4,4,2,2,2,0.847077,2,0.849948,Agriculture,Agriculture,Agriculture,Agriculture,No Change
1092.0,3,Nagpur,21.251489592179727,78.97947553791047,4,4,2,2,2,0.440613,1,0.680869,Agriculture,Agriculture,Agriculture,Vegetation,Vegetation Gain
1093.0,3,Nagpur,21.00562069891621,79.11206687384652,4,4,2,2,2,0.89557,2,0.618118,Agriculture,Agriculture,Agriculture,Agriculture,No Change
1094.0,3,Nagpur,21.106411673794423,79.07173251758955,6,6,3,3,3,0.977187,3,0.971943,Built-up,Built-up,Built-up,Built-up,No Change
1095.0,3,Nagpur,20.95262009715316,79.16803191604716,1,1,1,1,1,0.916873,1,0.961761,Vegetation,Vegetation,Vegetation,Vegetation,No Change
1096.0,3,Nagpur,21.07488080732183,78.9961842021951,4,4,2,2,2,0.524211,1,0.523885,Agriculture,Agriculture,Agriculture,Vegetation,Vegetation Gain
1097.0,3,Nagpur,21.02412599376908,79.04720851033309,4,4,2,2,3,0.556324,2,0.544976,Agriculture,Agriculture,Built-up,Agriculture,Other Change
1098.0,3,Nagpur,21.09662003719752,79.23792084515166,4,4,2,2,2,0.684828,2,0.75337,Agriculture,Agriculture,Agriculture,Agriculture,No Change
1099.0,3,Nagpur,21.133989953016894,79.10101759585184,6,6,3,3,3,0.950834,3,0.914197,Built-up,Built-up,Built-up,Built-up,No Change
1100.0,3,Nagpur,21.28841035035704,79.15159274634777,4,4,2,2,2,0.727764,2,0.698754,Agriculture,Agriculture,Agriculture,Agriculture,No Change
1101.0,3,Nagpur,21.198578821945087,79.25373119415217,4,7,2,4,2,0.620452,4,0.988798,Agriculture,Barren,Agriculture,Barren,Agriculture Loss
1102.0,3,Nagpur,21.117011794147032,79.09005814938558,6,6,3,3,3,0.962757,3,0.94983,Built-up,Built-up,Built-up,Built-up,No Change
1103.0,3,Nagpur,21.00418339446162,79.01783360054237,4,4,2,2,2,0.82169,2,0.642,Agriculture,Agriculture,Agriculture,Agriculture,No Change
1104.0,3,Nagpur,21.265772805197223,79.02753540561086,4,4,2,2,2,0.861539,2,0.740955,Agriculture,Agriculture,Agriculture,Agriculture,No Change
1105.0,3,Nagpur,21.12195252820969,79.10263456336327,6,6,3,3,3,0.872734,3,0.794171,Built-up,Built-up,Built-up,Built-up,No Change
1106.0,3,Nagpur,21.00678850878557,78.95333456314259,4,1,2,1,2,0.807167,1,0.914462,Agriculture,Vegetation,Agriculture,Vegetation,Vegetation Gain
1107.0,3,Nagpur,21.156627498176704,79.20153907614483,4,4,2,2,2,0.647662,2,0.793855,Agriculture,Agriculture,Agriculture,Agriculture,No Change
1108.0,3,Nagpur,21.208639953127225,79.24483787283938,4,4,2,2,2,0.689878,2,0.859093,Agriculture,Agriculture,Agriculture,Agriculture,No Change
1109.0,3,Nagpur,21.13066618646565,79.18851350452509,6,6,3,3,3,0.665546,2,0.58679,Built-up,Built-up,Built-up,Agriculture,Other Change
1110.0,3,Nagpur,21.10910661964678,79.13892650084169,6,6,3,3,3,0.930168,3,0.913266,Built-up,Built-up,Built-up,Built-up,No Change
1111.0,3,Nagpur,21.21160439356482,79.23333943720264,5,5,1,1,1,0.648218,1,0.699659,Vegetation,Vegetation,Vegetation,Vegetation,No Change
1112.0,3,Nagpur,21.044517750718587,79.24169376934496,4,4,2,2,2,0.864534,2,0.827804,Agriculture,Agriculture,Agriculture,Agriculture,No Change
1113.0,3,Nagpur,21.21564681234336,79.12230766808548,4,4,2,2,2,0.897067,2,0.855648,Agriculture,Agriculture,Agriculture,Agriculture,No Change
1114.0,3,Nagpur,21.22130619863331,79.2065696417359,1,1,1,1,1,0.779213,1,0.851781,Vegetation,Vegetation,Vegetation,Vegetation,No Change
1115.0,3,Nagpur,21.29963929140853,79.18186597142261,4,4,2,2,2,0.927952,2,0.855057,Agriculture,Agriculture,Agriculture,Agriculture,No Change
1116.0,3,Nagpur,21.079731709856077,78.99474689774051,4,5,2,1,2,0.72086,1,0.679806,Agriculture,Vegetation,Agriculture,Vegetation,Vegetation Gain
1117.0,3,Nagpur,21.013975031058525,78.98549425031408,1,4,1,2,1,0.739638,2,0.801569,Vegetation,Agriculture,Vegetation,Agriculture,Agriculture Gain
1118.0,3,Nagpur,21.202172083081564,79.10703630825545,4,6,2,3,2,0.719298,3,0.810288,Agriculture,Built-up,Agriculture,Built-up,Urban Expansion
1119.0,3,Nagpur,21.16650896630202,79.19605935291169,4,6,2,3,2,0.828413,3,0.817264,Agriculture,Built-up,Agriculture,Built-up,Urban Expansion
1120.0,3,Nagpur,21.18896684840501,79.11233636843176,6,6,3,3,3,0.926869,3,0.982648,Built-up,Built-up,Built-up,Built-up,No Change
1121.0,3,Nagpur,21.09527256427134,79.16039623613214,4,6,2,3,2,0.465017,2,0.508455,Agriculture,Built-up,Agriculture,Agriculture,No Change
1122.0,3,Nagpur,21.075150301907065,79.16839124216081,4,6,2,3,3,0.949163,3,0.958324,Agriculture,Built-up,Built-up,Built-up,No Change
1123.0,3,Nagpur,21.0077766555981,79.27942301127798,4,4,2,2,2,0.899636,2,0.806682,Agriculture,Agriculture,Agriculture,Agriculture,No Change
1124.0,3,Nagpur,21.01792761830865,79.21968504488403,4,5,2,1,2,0.855949,4,0.384038,Agriculture,Vegetation,Agriculture,Barren,Agriculture Loss
1125.0,3,Nagpur,21.182049820717285,79.1720743348257,4,4,2,2,2,0.795332,2,0.819057,Agriculture,Agriculture,Agriculture,Agriculture,No Change
1126.0,3,Nagpur,20.951452287283807,79.01468949704795,4,4,2,2,1,0.650931,1,0.537773,Agriculture,Agriculture,Vegetation,Vegetation,No Change
1127.0,3,Nagpur,21.058531469150854,79.05924593514028,4,4,2,2,2,0.812516,2,0.683888,Agriculture,Agriculture,Agriculture,Agriculture,No Change
1128.0,3,Nagpur,21.19507539233702,79.15303005080237,4,6,2,3,3,0.694047,2,0.569455,Agriculture,Built-up,Built-up,Agriculture,Other Change
1129.0,3,Nagpur,21.07550962802071,79.05691031540158,4,1,2,1,3,0.662922,1,0.715682,Agriculture,Vegetation,Built-up,Vegetation,Vegetation Gain
1130.0,3,Nagpur,21.000320638739908,79.21528329999185,4,5,2,1,2,0.776862,1,0.640427,Agriculture,Vegetation,Agriculture,Vegetation,Vegetation Gain
1131.0,3,Nagpur,21.174234477745447,79.2938858873523,4,4,2,2,2,0.876309,2,0.760112,Agriculture,Agriculture,Agriculture,Agriculture,No Change
1132.0,3,Nagpur,21.148901986733275,79.20459334811083,4,4,2,2,2,0.756217,2,0.776559,Agriculture,Agriculture,Agriculture,Agriculture,No Change
1133.0,3,Nagpur,21.07236552452629,79.13560273429044,4,4,2,2,2,0.725134,2,0.780712,Agriculture,Agriculture,Agriculture,Agriculture,No Change
1134.0,3,Nagpur,21.277989893061253,79.08305129016945,4,1,2,1,2,0.780338,1,0.783365,Agriculture,Vegetation,Agriculture,Vegetation,Vegetation Gain
1135.0,3,Nagpur,21.178636222637632,79.00274190376918,4,4,2,2,2,0.637256,2,0.633068,Agriculture,Agriculture,Agriculture,Agriculture,No Change
1136.0,3,Nagpur,21.13794254026702,79.27582975014151,4,5,2,1,2,0.796719,1,0.745313,Agriculture,Vegetation,Agriculture,Vegetation,Vegetation Gain
1137.0,3,Nagpur,21.21591630692859,79.04307626002614,1,1,1,1,1,0.625319,1,0.766945,Vegetation,Vegetation,Vegetation,Vegetation,No Change
1138.0,3,Nagpur,21.22543844894026,79.27376362498804,4,4,2,2,2,0.913043,2,0.865858,Agriculture,Agriculture,Agriculture,Agriculture,No Change
1139.0,3,Nagpur,21.251759086764963,79.19336440705933,6,1,3,1,3,0.633841,1,0.599596,Built-up,Vegetation,Built-up,Vegetation,Vegetation Gain
1140.0,3,Nagpur,21.02475481446796,78.95081928034706,4,4,2,2,2,0.875687,2,0.754617,Agriculture,Agriculture,Agriculture,Agriculture,No Change
1141.0,3,Nagpur,21.043888930019705,79.19282541788886,4,4,2,2,2,0.704559,2,0.646217,Agriculture,Agriculture,Agriculture,Agriculture,No Change
1142.0,3,Nagpur,21.21205355120688,79.18150664530896,6,6,3,3,3,0.764165,3,0.754636,Built-up,Built-up,Built-up,Built-up,No Change
1143.0,3,Nagpur,21.26415583768581,78.9668991239328,4,4,2,2,1,0.507224,2,0.370668,Agriculture,Agriculture,Vegetation,Agriculture,Agriculture Gain
1144.0,3,Nagpur,21.267928761879112,79.07918853444774,0,3,0,1,0,0.764249,1,0.691395,Water,Vegetation,Water,Vegetation,Water Loss
1145.0,3,Nagpur,21.20890944771246,78.96743811310327,4,6,2,3,2,0.789313,3,0.798719,Agriculture,Built-up,Agriculture,Built-up,Urban Expansion
1146.0,3,Nagpur,21.148273166034397,79.23333943720264,4,6,2,3,1,0.555963,3,0.561749,Agriculture,Built-up,Vegetation,Built-up,Vegetation Loss
1147.0,3,Nagpur,21.02475481446796,79.19749665736629,4,1,2,1,2,0.820616,1,0.741627,Agriculture,Vegetation,Agriculture,Vegetation,Vegetation Gain
1148.0,3,Nagpur,21.088445368112037,79.28014166350528,4,4,2,2,2,0.88654,2,0.826975,Agriculture,Agriculture,Agriculture,Agriculture,No Change
1149.0,3,Nagpur,21.102818412657943,78.97148053188181,6,6,3,3,3,0.463261,3,0.682645,Built-up,Built-up,Built-up,Built-up,No Change
1150.0,3,Nagpur,21.03733122844563,79.0382253574919,4,4,2,2,2,0.828099,2,0.766179,Agriculture,Agriculture,Agriculture,Agriculture,No Change
1151.0,3,Nagpur,21.03346847272392,79.1540181976149,4,4,2,2,2,0.776991,2,0.562444,Agriculture,Agriculture,Agriculture,Agriculture,No Change
1152.0,3,Nagpur,21.25166925523655,79.19812547806517,4,4,2,2,1,0.687468,2,0.579232,Agriculture,Agriculture,Vegetation,Agriculture,Agriculture Gain
1153.0,3,Nagpur,21.10299807571477,79.28157896795987,4,4,2,2,2,0.473581,2,0.616929,Agriculture,Agriculture,Agriculture,Agriculture,No Change
1154.0,3,Nagpur,21.112969375368497,79.27565008708468,4,4,2,2,2,0.8081,2,0.710571,Agriculture,Agriculture,Agriculture,Agriculture,No Change
1155.0,3,Nagpur,21.04541606600271,79.23199196427647,4,4,2,2,2,0.843311,2,0.717574,Agriculture,Agriculture,Agriculture,Agriculture,No Change
1156.0,3,Nagpur,21.032031168269327,78.95656849816542,4,4,2,2,2,0.779364,2,0.781274,Agriculture,Agriculture,Agriculture,Agriculture,No Change
1157.0,3,Nagpur,21.193368593297198,78.97489412996147,6,6,3,3,3,0.62298,3,0.820512,Built-up,Built-up,Built-up,Built-up,No Change
1158.0,3,Nagpur,21.237565705275877,79.26864322786855,4,4,2,2,2,0.640649,2,0.768188,Agriculture,Agriculture,Agriculture,Agriculture,No Change
1159.0,3,Nagpur,20.99870367122849,78.96348552585314,4,4,2,2,2,0.612483,2,0.521344,Agriculture,Agriculture,Agriculture,Agriculture,No Change
1160.0,3,Nagpur,21.179534537921757,79.23935814960625,4,4,2,2,2,0.954517,2,0.802625,Agriculture,Agriculture,Agriculture,Agriculture,No Change
1161.0,3,Nagpur,21.207202648672634,79.2562464769477,1,1,1,1,1,0.873726,1,0.888754,Vegetation,Vegetation,Vegetation,Vegetation,No Change
1162.0,3,Nagpur,21.05987894207703,79.00274190376918,4,4,2,2,2,0.689274,2,0.549744,Agriculture,Agriculture,Agriculture,Agriculture,No Change
1163.0,3,Nagpur,21.048021180326653,79.23019533370824,4,4,2,2,2,0.887468,2,0.854105,Agriculture,Agriculture,Agriculture,Agriculture,No Change
1164.0,3,Nagpur,21.066077317537456,78.9938485824564,4,4,2,2,2,0.85806,2,0.785945,Agriculture,Agriculture,Agriculture,Agriculture,No Change
1165.0,3,Nagpur,21.22382148142885,79.08143432265804,6,6,3,3,3,0.926189,3,0.700353,Built-up,Built-up,Built-up,Built-up,No Change
1166.0,3,Nagpur,20.972293201875377,79.05134076064003,4,4,2,2,2,0.810827,2,0.691998,Agriculture,Agriculture,Agriculture,Agriculture,No Change
1167.0,3,Nagpur,21.07865373151513,79.12293648878436,6,6,3,3,3,0.957911,3,0.977385,Built-up,Built-up,Built-up,Built-up,No Change
1168.0,3,Nagpur,21.158963117915416,78.9632160312679,4,4,2,2,2,0.917883,2,0.733056,Agriculture,Agriculture,Agriculture,Agriculture,No Change
1169.0,3,Nagpur,21.10030312986241,79.17629641666106,4,4,2,2,2,0.800472,2,0.583648,Agriculture,Agriculture,Agriculture,Agriculture,No Change
1170.0,3,Nagpur,21.1513274380004,79.10856344423846,6,6,3,3,3,0.905781,3,0.955551,Built-up,Built-up,Built-up,Built-up,No Change
1171.0,3,Nagpur,20.965196511130834,79.06751043575419,4,4,2,2,2,0.724652,2,0.715642,Agriculture,Agriculture,Agriculture,Agriculture,No Change
1172.0,3,Nagpur,21.277720398476017,79.04289659696931,4,4,2,2,2,0.654524,2,0.834859,Agriculture,Agriculture,Agriculture,Agriculture,No Change
1173.0,3,Nagpur,21.2535557173332,79.05187974981051,4,1,2,1,2,0.886827,1,0.717173,Agriculture,Vegetation,Agriculture,Vegetation,Vegetation Gain
1174.0,3,Nagpur,21.107489652135367,79.24187343240179,4,4,2,2,2,0.838081,2,0.829406,Agriculture,Agriculture,Agriculture,Agriculture,No Change
1175.0,3,Nagpur,21.23046901453133,79.11242619996017,4,7,2,4,2,0.552067,4,0.978818,Agriculture,Barren,Agriculture,Barren,Agriculture Loss
1176.0,3,Nagpur,21.299190133766476,79.13695020721663,4,4,2,2,2,0.886014,2,0.834938,Agriculture,Agriculture,Agriculture,Agriculture,No Change
1177.0,3,Nagpur,20.989720518387298,79.11431266205682,4,4,2,2,2,0.909928,2,0.736847,Agriculture,Agriculture,Agriculture,Agriculture,No Change
1178.0,3,Nagpur,21.04505673988906,79.15644364888202,4,1,2,1,2,0.626817,1,0.665116,Agriculture,Vegetation,Agriculture,Vegetation,Vegetation Gain
1179.0,3,Nagpur,21.02493447752478,78.97776873887065,5,1,1,1,2,0.686162,1,0.521435,Vegetation,Vegetation,Agriculture,Vegetation,Vegetation Gain
1180.0,3,Nagpur,21.15914278097224,79.02376248141756,6,6,3,3,3,0.818493,3,0.728262,Built-up,Built-up,Built-up,Built-up,No Change
1181.0,3,Nagpur,21.279606860572667,79.07703257776585,4,4,2,2,2,0.486491,2,0.675545,Agriculture,Agriculture,Agriculture,Agriculture,No Change
1182.0,3,Nagpur,21.11907791930051,79.19048979815015,4,4,2,2,2,0.738667,2,0.862462,Agriculture,Agriculture,Agriculture,Agriculture,No Change
1183.0,3,Nagpur,21.07838423692989,79.1532995453876,4,1,2,1,2,0.745343,1,0.651902,Agriculture,Vegetation,Agriculture,Vegetation,Vegetation Gain
1184.0,3,Nagpur,20.96735246781272,79.05152042369686,4,4,2,2,2,0.608748,2,0.507347,Agriculture,Agriculture,Agriculture,Agriculture,No Change
1185.0,3,Nagpur,20.96762196239796,79.29325706665342,6,6,3,3,1,0.643518,2,0.606678,Built-up,Built-up,Vegetation,Agriculture,Agriculture Gain
1186.0,3,Nagpur,21.281762817254556,79.25220405816916,4,4,2,2,2,0.765655,2,0.619762,Agriculture,Agriculture,Agriculture,Agriculture,No Change
1187.0,3,Nagpur,21.06131624653162,79.12805688590385,4,4,2,2,2,0.686282,2,0.773109,Agriculture,Agriculture,Agriculture,Agriculture,No Change
1188.0,3,Nagpur,21.227055416451677,78.97615177135923,4,1,2,1,2,0.742696,1,0.730781,Agriculture,Vegetation,Agriculture,Vegetation,Vegetation Gain
1189.0,3,Nagpur,21.16480216726219,79.0607730711233,6,6,3,3,2,0.521599,2,0.438895,Built-up,Built-up,Agriculture,Agriculture,No Change
1190.0,3,Nagpur,21.04101432111052,79.07981735514663,4,4,2,2,2,0.582291,2,0.858736,Agriculture,Agriculture,Agriculture,Agriculture,No Change
1191.0,3,Nagpur,20.96618465794337,79.29702999084672,6,6,3,3,3,0.650554,3,0.668493,Built-up,Built-up,Built-up,Built-up,No Change
1192.0,3,Nagpur,21.1783667280524,79.13443492442109,6,6,3,3,3,0.911755,3,0.89116,Built-up,Built-up,Built-up,Built-up,No Change
1193.0,3,Nagpur,21.13569675205672,79.2810399787894,5,4,1,2,1,0.813025,2,0.759011,Vegetation,Agriculture,Vegetation,Agriculture,Agriculture Gain
1194.0,3,Nagpur,21.21870108430936,79.15958775237644,4,4,2,2,2,0.811054,2,0.697775,Agriculture,Agriculture,Agriculture,Agriculture,No Change
1195.0,3,Nagpur,20.95253026562475,79.1607555622458,1,5,1,1,1,0.820795,1,0.861349,Vegetation,Vegetation,Vegetation,Vegetation,No Change
1196.0,3,Nagpur,21.054039892730252,79.06598329977119,6,6,3,3,3,0.927007,3,0.978576,Built-up,Built-up,Built-up,Built-up,No Change
1197.0,3,Nagpur,21.16049025389842,79.08071567043075,6,6,3,3,3,0.967986,4,0.610226,Built-up,Built-up,Built-up,Barren,Other Change
1198.0,3,Nagpur,21.07074855701488,79.28391458769858,4,4,2,2,2,0.405077,2,0.708353,Agriculture,Agriculture,Agriculture,Agriculture,No Change
1199.0,3,Nagpur,21.139110350136374,79.0097487629853,4,4,2,2,2,0.695691,2,0.759134,Agriculture,Agriculture,Agriculture,Agriculture,No Change
1200.0,3,Nagpur,21.03796004914452,79.28157896795987,4,4,2,2,2,0.790223,2,0.793167,Agriculture,Agriculture,Agriculture,Agriculture,No Change
1201.0,3,Nagpur,21.00678850878557,79.28795700647711,4,4,2,2,2,0.744166,2,0.875238,Agriculture,Agriculture,Agriculture,Agriculture,No Change
1202.0,3,Nagpur,21.1468358615798,78.96680929240439,5,5,1,1,1,0.651469,1,0.721999,Vegetation,Vegetation,Vegetation,Vegetation,No Change
1203.0,3,Nagpur,21.028258244076024,79.13227896773921,4,4,2,2,2,0.867427,2,0.82828,Agriculture,Agriculture,Agriculture,Agriculture,No Change
1204.0,3,Nagpur,21.20208225155315,78.97381615162053,4,1,2,1,2,0.813435,1,0.625961,Agriculture,Vegetation,Agriculture,Vegetation,Vegetation Gain
1205.0,3,Nagpur,21.011369916734576,79.07631392553856,4,4,2,2,2,0.847756,2,0.883882,Agriculture,Agriculture,Agriculture,Agriculture,No Change
1206.0,3,Nagpur,21.121233875982394,79.13497391359157,6,6,3,3,3,0.950535,3,0.876975,Built-up,Built-up,Built-up,Built-up,No Change
1207.0,3,Nagpur,21.28149332266932,78.98235014681966,4,4,2,2,2,0.782063,2,0.863219,Agriculture,Agriculture,Agriculture,Agriculture,No Change
1208.0,3,Nagpur,21.29083580162416,79.20944425064508,4,5,2,1,2,0.740512,1,0.688544,Agriculture,Vegetation,Agriculture,Vegetation,Vegetation Gain
1209.0,3,Nagpur,20.96726263628431,79.26891272245379,4,4,2,2,2,0.573571,1,0.607646,Agriculture,Agriculture,Agriculture,Vegetation,Vegetation Gain
1210.0,3,Nagpur,21.12240168585175,79.29280790901136,4,4,2,2,2,0.813566,2,0.878009,Agriculture,Agriculture,Agriculture,Agriculture,No Change
1211.0,3,Nagpur,21.0611365834748,78.99977746333158,4,4,2,2,2,0.648549,1,0.599465,Agriculture,Agriculture,Agriculture,Vegetation,Vegetation Gain
1212.0,3,Nagpur,21.277810230004427,79.144226561018,4,4,2,2,2,0.867458,2,0.560265,Agriculture,Agriculture,Agriculture,Agriculture,No Change
1213.0,3,Nagpur,21.027270097263493,79.10191591113596,4,4,2,2,2,0.889989,2,0.842723,Agriculture,Agriculture,Agriculture,Agriculture,No Change
1214.0,3,Nagpur,21.23603856929287,79.02466079670168,4,4,2,2,2,0.782307,2,0.612073,Agriculture,Agriculture,Agriculture,Agriculture,No Change
1215.0,3,Nagpur,21.08278598182208,79.2712483421925,4,5,2,1,2,0.717059,2,0.44431,Agriculture,Vegetation,Agriculture,Agriculture,No Change
1216.0,3,Nagpur,21.116113478862918,78.99366891939957,0,6,0,3,0,0.906409,3,0.8895,Water,Built-up,Water,Built-up,Water Loss
1217.0,3,Nagpur,21.21627563304224,79.14629268617146,4,4,2,2,2,0.890671,2,0.672268,Agriculture,Agriculture,Agriculture,Agriculture,No Change
1218.0,3,Nagpur,21.27466612651001,79.00121476778617,4,5,2,1,2,0.842972,1,0.766258,Agriculture,Vegetation,Agriculture,Vegetation,Vegetation Gain
1219.0,3,Nagpur,21.23523008553716,79.12302632031277,4,4,2,2,2,0.76362,2,0.850999,Agriculture,Agriculture,Agriculture,Agriculture,No Change
1220.0,3,Nagpur,21.04927882172442,79.22004437099768,4,4,2,2,2,0.914985,2,0.697086,Agriculture,Agriculture,Agriculture,Agriculture,No Change
1221.0,3,Nagpur,21.1919312888426,78.96698895546122,1,1,1,1,1,0.834451,1,0.825379,Vegetation,Vegetation,Vegetation,Vegetation,No Change
1222.0,3,Nagpur,21.180073527092222,79.10479052004514,6,6,3,3,3,0.847712,3,0.898733,Built-up,Built-up,Built-up,Built-up,No Change
1223.0,3,Nagpur,21.00454272057527,79.06212054404948,4,5,2,1,2,0.818174,1,0.859224,Agriculture,Vegetation,Agriculture,Vegetation,Vegetation Gain
1224.0,3,Nagpur,21.24574037436136,78.98657222865502,4,4,2,2,2,0.82629,2,0.70888,Agriculture,Agriculture,Agriculture,Agriculture,No Change
1225.0,3,Nagpur,20.96079476623865,79.01729461137191,6,6,3,3,3,0.745221,3,0.650994,Built-up,Built-up,Built-up,Built-up,No Change
1226.0,3,Nagpur,21.04343977237765,79.14189094127929,4,4,2,2,1,0.483875,3,0.469802,Agriculture,Agriculture,Vegetation,Built-up,Vegetation Loss
1227.0,3,Nagpur,20.957291336630583,79.20935441911666,5,5,1,1,1,0.576321,1,0.586677,Vegetation,Vegetation,Vegetation,Vegetation,No Change
1228.0,3,Nagpur,21.244482732963597,79.01082674132624,4,4,2,2,2,0.776571,2,0.825958,Agriculture,Agriculture,Agriculture,Agriculture,No Change
1229.0,3,Nagpur,21.00912412852428,78.9632160312679,1,4,1,2,1,0.698791,2,0.808221,Vegetation,Agriculture,Vegetation,Agriculture,Agriculture Gain
1230.0,3,Nagpur,21.140278160005728,79.05960526125394,6,6,3,3,3,0.957594,3,0.97528,Built-up,Built-up,Built-up,Built-up,No Change
1231.0,3,Nagpur,21.09823700470893,79.13102132634144,6,6,3,3,3,0.987876,3,0.933193,Built-up,Built-up,Built-up,Built-up,No Change
1232.0,3,Nagpur,21.053500903559783,79.29038245774424,4,4,2,2,2,0.790473,2,0.813854,Agriculture,Agriculture,Agriculture,Agriculture,No Change
1233.0,3,Nagpur,21.181151505433167,79.27762638070975,4,4,2,2,2,0.67132,2,0.766989,Agriculture,Agriculture,Agriculture,Agriculture,No Change
1234.0,3,Nagpur,21.235050422480334,79.27609924472674,4,4,2,2,1,0.553386,1,0.431558,Agriculture,Agriculture,Vegetation,Vegetation,No Change
1235.0,3,Nagpur,21.260113418907277,79.20198823378688,1,1,1,1,2,0.588093,1,0.641313,Vegetation,Vegetation,Agriculture,Vegetation,Vegetation Gain
1236.0,3,Nagpur,21.19094314203007,79.12194834197183,6,6,3,3,3,0.902922,3,0.628818,Built-up,Built-up,Built-up,Built-up,No Change
1237.0,3,Nagpur,21.206843322558985,79.20791711466207,6,6,3,3,3,0.732759,3,0.785205,Built-up,Built-up,Built-up,Built-up,No Change
1238.0,3,Nagpur,21.189685500632304,79.21097138662807,4,4,2,2,2,0.72401,2,0.765478,Agriculture,Agriculture,Agriculture,Agriculture,No Change
1239.0,3,Nagpur,21.0979675101237,79.29424521346596,4,4,2,2,2,0.859771,2,0.772209,Agriculture,Agriculture,Agriculture,Agriculture,No Change
1240.0,3,Nagpur,21.259125272094742,78.99932830568952,4,1,2,1,2,0.777606,1,0.788672,Agriculture,Vegetation,Agriculture,Vegetation,Vegetation Gain
1241.0,3,Nagpur,21.17171919494991,79.22022403405451,4,6,2,3,1,0.396645,3,0.962056,Agriculture,Built-up,Vegetation,Built-up,Vegetation Loss
1242.0,3,Nagpur,21.021880205558777,79.21079172357125,4,4,2,2,2,0.81982,2,0.749722,Agriculture,Agriculture,Agriculture,Agriculture,No Change
1243.0,3,Nagpur,21.153932552324346,79.10649731908498,6,6,3,3,3,0.985522,3,0.985473,Built-up,Built-up,Built-up,Built-up,No Change
1244.0,3,Nagpur,21.15177659564246,79.18752535771256,4,5,2,1,2,0.893537,1,0.55296,Agriculture,Vegetation,Agriculture,Vegetation,Vegetation Gain
1245.0,3,Nagpur,20.983162816813223,79.07388847427144,1,1,1,1,1,0.683996,1,0.665531,Vegetation,Vegetation,Vegetation,Vegetation,No Change
1246.0,3,Nagpur,21.273588148169065,79.01989972569585,4,5,2,1,2,0.87093,1,0.707279,Agriculture,Vegetation,Agriculture,Vegetation,Vegetation Gain
1247.0,3,Nagpur,21.181870157660462,79.1285060435459,6,6,3,3,3,0.975534,3,0.985551,Built-up,Built-up,Built-up,Built-up,No Change
1248.0,3,Nagpur,21.14593754629568,79.2201342025261,4,6,2,3,2,0.795927,3,0.482176,Agriculture,Built-up,Agriculture,Built-up,Urban Expansion
1249.0,3,Nagpur,21.08018086749813,79.21258835413948,4,4,2,2,2,0.950638,2,0.78961,Agriculture,Agriculture,Agriculture,Agriculture,No Change
1250.0,3,Nagpur,20.979120398034688,79.27412295110167,4,4,2,2,2,0.809173,2,0.711684,Agriculture,Agriculture,Agriculture,Agriculture,No Change
1251.0,3,Nagpur,21.15671732970512,78.9879197015812,6,6,3,3,3,0.94014,3,0.93952,Built-up,Built-up,Built-up,Built-up,No Change
1252.0,3,Nagpur,20.99717653524549,78.97561278218876,4,4,2,2,2,0.718012,2,0.574709,Agriculture,Agriculture,Agriculture,Agriculture,No Change
1253.0,3,Nagpur,20.96429819584672,79.22830887161159,5,4,1,2,1,0.670489,2,0.758642,Vegetation,Agriculture,Vegetation,Agriculture,Agriculture Gain
1254.0,3,Nagpur,21.197500843604143,79.17629641666106,4,4,2,2,2,0.855832,2,0.754258,Agriculture,Agriculture,Agriculture,Agriculture,No Change
1255.0,3,Nagpur,21.26083207113457,79.17800321570088,4,4,2,2,2,0.786416,2,0.74951,Agriculture,Agriculture,Agriculture,Agriculture,No Change
1256.0,3,Nagpur,21.278439050703312,79.23630387764024,4,4,2,2,2,0.581192,3,0.559962,Agriculture,Agriculture,Agriculture,Built-up,Urban Expansion
1257.0,3,Nagpur,20.987295067120176,79.08008684973186,5,5,1,1,1,0.852835,1,0.852106,Vegetation,Vegetation,Vegetation,Vegetation,No Change
1258.0,3,Nagpur,20.98558826808035,78.98100267389349,4,1,2,1,2,0.780381,1,0.766429,Agriculture,Vegetation,Agriculture,Vegetation,Vegetation Gain
1259.0,3,Nagpur,20.95306925479522,79.18375243351926,1,1,1,1,1,0.666579,1,0.56229,Vegetation,Vegetation,Vegetation,Vegetation,No Change
1260.0,3,Nagpur,20.954596390778224,78.98181115764919,4,4,2,2,2,0.856124,2,0.835308,Agriculture,Agriculture,Agriculture,Agriculture,No Change
1261.0,3,Nagpur,21.026461613507784,79.19102878732062,4,4,2,2,2,0.878868,2,0.781357,Agriculture,Agriculture,Agriculture,Agriculture,No Change
1262.0,3,Nagpur,21.27673225166349,79.20243739142894,5,5,1,1,1,0.811729,1,0.710515,Vegetation,Vegetation,Vegetation,Vegetation,No Change
1263.0,3,Nagpur,21.10209976043065,78.97192968952388,6,6,3,3,3,0.558302,3,0.618345,Built-up,Built-up,Built-up,Built-up,No Change
1264.0,3,Nagpur,21.011190253677757,79.26738558647078,4,1,2,1,2,0.898385,1,0.741497,Agriculture,Vegetation,Agriculture,Vegetation,Vegetation Gain
1265.0,3,Nagpur,20.96950842449461,79.03409310718494,4,5,2,1,2,0.877849,1,0.840809,Agriculture,Vegetation,Agriculture,Vegetation,Vegetation Gain
1266.0,3,Nagpur,21.26271853323122,79.16623528547892,6,6,3,3,3,0.722861,3,0.764101,Built-up,Built-up,Built-up,Built-up,No Change
1267.0,3,Nagpur,21.17342599398974,79.14961645272271,6,6,3,3,3,0.869681,3,0.8909,Built-up,Built-up,Built-up,Built-up,No Change
1268.0,3,Nagpur,21.26640162589611,79.14871813743859,4,6,2,3,2,0.820663,3,0.743323,Agriculture,Built-up,Agriculture,Built-up,Urban Expansion
1269.0,3,Nagpur,21.128689892840587,79.27762638070975,4,4,2,2,2,0.849829,2,0.870847,Agriculture,Agriculture,Agriculture,Agriculture,No Change
1270.0,3,Nagpur,20.98720523559176,79.1855490640875,1,1,1,1,1,0.831099,1,0.931905,Vegetation,Vegetation,Vegetation,Vegetation,No Change
1271.0,3,Nagpur,21.01271738966076,79.20117975003117,7,7,4,4,4,0.983138,4,0.98635,Barren,Barren,Barren,Barren,No Change
1272.0,3,Nagpur,21.0205327326326,79.17845237334295,4,4,2,2,2,0.857545,2,0.829835,Agriculture,Agriculture,Agriculture,Agriculture,No Change
1273.0,3,Nagpur,21.244931890605653,78.97076187965452,4,4,2,2,2,0.712518,2,0.855218,Agriculture,Agriculture,Agriculture,Agriculture,No Change
1274.0,3,Nagpur,21.07964187832766,79.22121218086704,4,4,2,2,2,0.792474,2,0.729795,Agriculture,Agriculture,Agriculture,Agriculture,No Change
1275.0,3,Nagpur,21.151686764114046,79.24367006297003,4,4,2,2,2,0.944709,2,0.836153,Agriculture,Agriculture,Agriculture,Agriculture,No Change
1276.0,3,Nagpur,21.03975667971276,79.2434903999132,4,4,2,2,2,0.877077,2,0.847063,Agriculture,Agriculture,Agriculture,Agriculture,No Change
1277.0,3,Nagpur,20.98999001297253,79.20728829396319,4,6,2,3,2,0.720954,3,0.52203,Agriculture,Built-up,Agriculture,Built-up,Urban Expansion
1278.0,3,Nagpur,20.96618465794337,79.03795586290666,4,4,2,2,2,0.817519,2,0.680816,Agriculture,Agriculture,Agriculture,Agriculture,No Change
1279.0,3,Nagpur,20.969238929909373,79.08610556213546,4,5,2,1,2,0.794294,1,0.582736,Agriculture,Vegetation,Agriculture,Vegetation,Vegetation Gain
1280.0,3,Nagpur,21.118449098601623,79.13281795690968,6,6,3,3,3,0.93472,3,0.830526,Built-up,Built-up,Built-up,Built-up,No Change
1281.0,3,Nagpur,21.09069115632233,79.01531831774685,6,6,3,3,3,0.664399,3,0.530934,Built-up,Built-up,Built-up,Built-up,No Change
1282.0,3,Nagpur,21.102369255015883,78.98243997834807,6,6,3,3,3,0.910039,3,0.864704,Built-up,Built-up,Built-up,Built-up,No Change
1283.0,3,Nagpur,21.085930085316495,79.13048233717096,4,4,2,2,2,0.620297,2,0.789772,Agriculture,Agriculture,Agriculture,Agriculture,No Change
1284.0,3,Nagpur,21.18267864141617,79.01900141041173,1,1,1,1,1,0.697242,1,0.518897,Vegetation,Vegetation,Vegetation,Vegetation,No Change
1285.0,3,Nagpur,21.26370668004375,79.18599822172955,7,7,4,4,4,0.981785,4,0.991417,Barren,Barren,Barren,Barren,No Change
1286.0,3,Nagpur,21.274755958038423,78.97192968952388,4,5,2,1,2,0.926856,1,0.639077,Agriculture,Vegetation,Agriculture,Vegetation,Vegetation Gain
1287.0,3,Nagpur,21.07586895413436,79.09077680161289,6,6,3,3,3,0.82982,3,0.934321,Built-up,Built-up,Built-up,Built-up,No Change
1288.0,3,Nagpur,21.013166547302816,78.98854852228008,4,4,2,2,2,0.750011,2,0.762097,Agriculture,Agriculture,Agriculture,Agriculture,No Change
1289.0,3,Nagpur,21.19139229967213,79.02510995434375,1,1,1,1,1,0.801169,1,0.823428,Vegetation,Vegetation,Vegetation,Vegetation,No Change
1290.0,3,Nagpur,20.9731915171595,79.14979611577954,1,1,1,1,1,0.915573,1,0.945925,Vegetation,Vegetation,Vegetation,Vegetation,No Change
1291.0,3,Nagpur,21.0656281598954,78.96177872681332,6,6,3,3,3,0.775872,3,0.833094,Built-up,Built-up,Built-up,Built-up,No Change
1292.0,3,Nagpur,21.27197118065765,79.03876434666236,4,4,2,2,2,0.701575,2,0.842566,Agriculture,Agriculture,Agriculture,Agriculture,No Change
1293.0,3,Nagpur,21.023676836127017,79.11646861873871,4,4,2,2,2,0.74277,2,0.818703,Agriculture,Agriculture,Agriculture,Agriculture,No Change
1294.0,3,Nagpur,21.179354874864927,79.17773372111566,4,4,2,2,2,0.922203,2,0.777988,Agriculture,Agriculture,Agriculture,Agriculture,No Change
1295.0,3,Nagpur,21.1738751516318,79.22525459964558,4,4,2,2,2,0.685135,2,0.623746,Agriculture,Agriculture,Agriculture,Agriculture,No Change
1296.0,3,Nagpur,21.090331830208683,79.14296891962023,6,6,3,3,2,0.461349,2,0.63842,Built-up,Built-up,Agriculture,Agriculture,No Change
1297.0,3,Nagpur,21.027809086433965,79.21501380540661,4,4,2,2,2,0.902845,2,0.812556,Agriculture,Agriculture,Agriculture,Agriculture,No Change
1298.0,3,Nagpur,21.019993743462123,79.00157409389982,6,6,3,3,3,0.836849,3,0.706458,Built-up,Built-up,Built-up,Built-up,No Change
1299.0,3,Nagpur,21.151507101057224,78.98989599520627,6,6,3,3,3,0.96608,3,0.845145,Built-up,Built-up,Built-up,Built-up,No Change
1300.0,3,Nagpur,21.225348617411846,79.08772252964688,4,7,2,4,2,0.812148,4,0.986918,Agriculture,Barren,Agriculture,Barren,Agriculture Loss
1301.0,3,Nagpur,20.97516781078456,79.08700387741958,4,4,2,2,2,0.802026,2,0.751951,Agriculture,Agriculture,Agriculture,Agriculture,No Change
1302.0,3,Nagpur,21.020802227217832,79.18393209657607,4,6,2,3,3,0.471666,2,0.621909,Agriculture,Built-up,Built-up,Agriculture,Other Change
1303.0,3,Nagpur,21.16974290132485,78.96079058000079,4,4,2,2,2,0.749145,2,0.739529,Agriculture,Agriculture,Agriculture,Agriculture,No Change
1304.0,3,Nagpur,21.075779122605947,79.04936446701497,1,1,1,1,1,0.877029,1,0.823254,Vegetation,Vegetation,Vegetation,Vegetation,No Change
1305.0,3,Nagpur,21.11386769065261,79.00085544167251,6,6,3,3,3,0.895639,3,0.734107,Built-up,Built-up,Built-up,Built-up,No Change
1306.0,3,Nagpur,21.15590884594941,79.28544172368159,4,4,2,2,2,0.725788,2,0.879847,Agriculture,Agriculture,Agriculture,Agriculture,No Change
1307.0,3,Nagpur,21.16147840071095,79.2126781856679,4,5,2,1,1,0.769866,3,0.501585,Agriculture,Vegetation,Vegetation,Built-up,Vegetation Loss
1308.0,3,Nagpur,21.104525211697773,79.29038245774424,4,4,2,2,2,0.785053,2,0.696012,Agriculture,Agriculture,Agriculture,Agriculture,No Change
1309.0,3,Nagpur,21.069670578673936,79.09967012292567,4,6,2,3,2,0.746901,3,0.560733,Agriculture,Built-up,Agriculture,Built-up,Urban Expansion
1310.0,3,Nagpur,21.293710410533343,78.98199082070602,2,4,1,2,1,0.751096,2,0.662303,Vegetation,Agriculture,Vegetation,Agriculture,Agriculture Gain
1311.0,3,Nagpur,21.26676095200976,79.15680297499567,4,6,2,3,2,0.73417,3,0.674703,Agriculture,Built-up,Agriculture,Built-up,Urban Expansion
1312.0,3,Nagpur,21.18761937547883,79.04927463548657,6,6,3,3,3,0.885596,3,0.790159,Built-up,Built-up,Built-up,Built-up,No Change
1313.0,3,Nagpur,21.020712395689426,79.01298269800813,4,4,2,2,2,0.754729,2,0.786988,Agriculture,Agriculture,Agriculture,Agriculture,No Change
1314.0,3,Nagpur,21.163095368222365,79.02349298683234,6,6,3,3,3,0.84584,3,0.916405,Built-up,Built-up,Built-up,Built-up,No Change
1315.0,3,Nagpur,21.141984959045555,79.29981476822749,4,4,2,2,2,0.803945,2,0.816465,Agriculture,Agriculture,Agriculture,Agriculture,No Change
1316.0,3,Nagpur,20.96187274457959,79.26873305939696,4,4,2,2,2,0.54423,1,0.559866,Agriculture,Agriculture,Agriculture,Vegetation,Vegetation Gain
1317.0,3,Nagpur,21.262179544060743,79.11278552607381,5,1,1,1,1,0.663417,1,0.755195,Vegetation,Vegetation,Vegetation,Vegetation,No Change
1318.0,3,Nagpur,21.17621077137051,79.04568137435008,6,6,3,3,3,0.976196,3,0.9108,Built-up,Built-up,Built-up,Built-up,No Change
1319.0,3,Nagpur,21.1776480758251,79.02915237312229,4,5,2,1,2,0.649815,1,0.779978,Agriculture,Vegetation,Agriculture,Vegetation,Vegetation Gain
1320.0,3,Nagpur,21.223372323786784,79.22462577894669,5,4,1,2,1,0.723121,2,0.688287,Vegetation,Agriculture,Vegetation,Agriculture,Agriculture Gain
1321.0,3,Nagpur,21.11710162567545,79.25732445528864,4,4,2,2,2,0.866808,2,0.806545,Agriculture,Agriculture,Agriculture,Agriculture,No Change
1322.0,3,Nagpur,21.269815223975765,79.27870435905069,4,4,2,2,2,0.894335,2,0.818823,Agriculture,Agriculture,Agriculture,Agriculture,No Change
1323.0,3,Nagpur,21.280864501970434,79.02070820945156,4,5,2,1,2,0.846796,1,0.760775,Agriculture,Vegetation,Agriculture,Vegetation,Vegetation Gain
1324.0,3,Nagpur,21.261730386418687,79.10434136240309,4,1,2,1,2,0.538558,1,0.479415,Agriculture,Vegetation,Agriculture,Vegetation,Vegetation Gain
1325.0,3,Nagpur,20.95630318981805,79.01064707826943,4,4,2,2,2,0.702413,2,0.785772,Agriculture,Agriculture,Agriculture,Agriculture,No Change
1326.0,3,Nagpur,21.032749820496623,79.23531573082771,4,4,2,2,2,0.793603,2,0.739515,Agriculture,Agriculture,Agriculture,Agriculture,No Change
1327.0,3,Nagpur,21.17118020577944,79.28948414246013,4,4,2,2,2,0.878479,2,0.866335,Agriculture,Agriculture,Agriculture,Agriculture,No Change
1328.0,3,Nagpur,21.097248857896403,79.11727710249441,6,6,3,3,3,0.885444,3,0.853181,Built-up,Built-up,Built-up,Built-up,No Change
1329.0,3,Nagpur,21.03957701665593,78.96483299877933,4,5,2,1,2,0.711252,1,0.667801,Agriculture,Vegetation,Agriculture,Vegetation,Vegetation Gain
1330.0,3,Nagpur,20.98558826808035,79.24079545406084,4,4,2,2,2,0.673466,2,0.724242,Agriculture,Agriculture,Agriculture,Agriculture,No Change
1331.0,3,Nagpur,21.0941945859304,79.15545550206949,6,6,3,3,3,0.738697,3,0.6185,Built-up,Built-up,Built-up,Built-up,No Change
1332.0,3,Nagpur,21.032390494382973,79.03894400971919,4,4,2,2,2,0.677424,2,0.585823,Agriculture,Agriculture,Agriculture,Agriculture,No Change
1333.0,3,Nagpur,21.27466612651001,79.1893219882808,4,7,2,4,2,0.85209,4,0.989241,Agriculture,Barren,Agriculture,Barren,Agriculture Loss
1334.0,3,Nagpur,21.14171546446032,78.95414304689831,6,6,3,3,3,0.738015,3,0.698436,Built-up,Built-up,Built-up,Built-up,No Change
1335.0,3,Nagpur,21.024395488354312,79.11000074869304,4,4,2,2,3,0.462126,2,0.602669,Agriculture,Agriculture,Built-up,Agriculture,Other Change
1336.0,3,Nagpur,21.030054874644264,79.12733823367655,4,4,2,2,2,0.454793,3,0.578471,Agriculture,Agriculture,Agriculture,Built-up,Urban Expansion
1337.0,3,Nagpur,21.027629423377142,79.29020279468742,4,1,2,1,1,0.507248,1,0.380912,Agriculture,Vegetation,Vegetation,Vegetation,No Change
1338.0,3,Nagpur,21.277181409305545,79.01361151870702,4,5,2,1,2,0.533035,2,0.690401,Agriculture,Vegetation,Agriculture,Agriculture,No Change
1339.0,3,Nagpur,20.983162816813223,79.24977860690204,4,4,2,2,2,0.637158,3,0.421894,Agriculture,Agriculture,Agriculture,Built-up,Urban Expansion
1340.0,3,Nagpur,21.282301806425025,79.26702626035713,4,4,2,2,2,0.838402,2,0.818727,Agriculture,Agriculture,Agriculture,Agriculture,No Change
1341.0,3,Nagpur,21.0363430816331,79.22399695824781,4,4,2,2,2,0.817427,2,0.775521,Agriculture,Agriculture,Agriculture,Agriculture,No Change
1342.0,3,Nagpur,21.02161071097354,79.11530080886935,4,4,2,2,2,0.914532,2,0.79841,Agriculture,Agriculture,Agriculture,Agriculture,No Change
1343.0,3,Nagpur,21.04712286504253,79.15033510495,4,4,2,2,2,0.666919,2,0.864191,Agriculture,Agriculture,Agriculture,Agriculture,No Change
1344.0,3,Nagpur,21.22256384003108,79.10236506877803,1,1,1,1,1,0.56656,1,0.578119,Vegetation,Vegetation,Vegetation,Vegetation,No Change
1345.0,3,Nagpur,21.02816841254761,79.25480917249311,4,4,2,2,2,0.785358,2,0.76705,Agriculture,Agriculture,Agriculture,Agriculture,No Change
1346.0,3,Nagpur,21.03319897813868,79.20117975003117,4,4,2,2,2,0.910556,2,0.76725,Agriculture,Agriculture,Agriculture,Agriculture,No Change
1347.0,3,Nagpur,21.11728128873227,78.99474689774051,6,6,3,3,3,0.578136,3,0.657429,Built-up,Built-up,Built-up,Built-up,No Change
1348.0,3,Nagpur,21.032300662854563,79.21537313152027,4,4,2,2,2,0.653441,2,0.864987,Agriculture,Agriculture,Agriculture,Agriculture,No Change
1349.0,3,Nagpur,21.287152708959272,79.28732818577824,4,1,2,1,2,0.733538,1,0.582916,Agriculture,Vegetation,Agriculture,Vegetation,Vegetation Gain
1350.0,3,Nagpur,21.021520879445127,79.13937565848374,5,6,1,3,1,0.642645,3,0.572581,Vegetation,Built-up,Vegetation,Built-up,Vegetation Loss
1351.0,3,Nagpur,20.982264501529105,79.26469064061843,5,4,1,2,1,0.795362,2,0.793518,Vegetation,Agriculture,Vegetation,Agriculture,Agriculture Gain
1352.0,3,Nagpur,21.12249151738016,79.08170381724328,6,6,3,3,3,0.770133,3,0.879208,Built-up,Built-up,Built-up,Built-up,No Change
1353.0,3,Nagpur,20.979839050261983,79.1006582697382,1,4,1,2,1,0.733836,2,0.588838,Vegetation,Agriculture,Vegetation,Agriculture,Agriculture Gain
1354.0,3,Nagpur,21.20325006142251,78.9969926859508,6,6,3,3,1,0.449916,3,0.44605,Built-up,Built-up,Vegetation,Built-up,Vegetation Loss
1355.0,3,Nagpur,21.2009144416838,79.29963510517067,4,4,2,2,2,0.815694,2,0.836616,Agriculture,Agriculture,Agriculture,Agriculture,No Change
1356.0,3,Nagpur,21.147464682278684,79.0660731312996,6,6,3,3,3,0.970926,3,0.825253,Built-up,Built-up,Built-up,Built-up,No Change
1357.0,3,Nagpur,21.17585144525686,79.05349671732192,6,6,3,3,3,0.967735,3,0.9898,Built-up,Built-up,Built-up,Built-up,No Change
1358.0,3,Nagpur,21.0814385088959,79.15922842626279,4,6,2,3,2,0.769772,3,0.724203,Agriculture,Built-up,Agriculture,Built-up,Urban Expansion
1359.0,3,Nagpur,21.045685560587945,79.21366633248043,4,1,2,1,2,0.896326,1,0.707513,Agriculture,Vegetation,Agriculture,Vegetation,Vegetation Gain
1360.0,3,Nagpur,20.991606980483947,79.03436260177018,1,1,1,1,1,0.689511,1,0.85153,Vegetation,Vegetation,Vegetation,Vegetation,No Change
1361.0,3,Nagpur,21.06796377963411,79.066162962828,6,6,3,3,3,0.764272,3,0.922543,Built-up,Built-up,Built-up,Built-up,No Change
1362.0,3,Nagpur,21.033378641195505,79.09059713855606,4,4,2,2,2,0.695423,2,0.868636,Agriculture,Agriculture,Agriculture,Agriculture,No Change
1363.0,3,Nagpur,21.024036162240662,79.16129455141626,4,4,2,2,2,0.557775,2,0.855298,Agriculture,Agriculture,Agriculture,Agriculture,No Change
1364.0,3,Nagpur,21.255891337071912,79.12203817350024,1,1,1,1,1,0.578949,1,0.670425,Vegetation,Vegetation,Vegetation,Vegetation,No Change
1365.0,3,Nagpur,21.009393623109517,79.12491278240942,4,4,2,2,2,0.832547,2,0.742347,Agriculture,Agriculture,Agriculture,Agriculture,No Change
1366.0,3,Nagpur,21.076048617191184,79.13003317952891,4,4,2,2,2,0.720613,2,0.820977,Agriculture,Agriculture,Agriculture,Agriculture,No Change
1367.0,3,Nagpur,21.05619584941214,79.27304497276073,4,4,2,2,2,0.8524,2,0.729504,Agriculture,Agriculture,Agriculture,Agriculture,No Change
1368.0,3,Nagpur,21.19076347897325,79.0849377522661,6,6,3,3,3,0.766711,3,0.832229,Built-up,Built-up,Built-up,Built-up,No Change
1369.0,3,Nagpur,21.129588208124705,79.05655098928793,4,4,2,2,2,0.671457,2,0.793464,Agriculture,Agriculture,Agriculture,Agriculture,No Change
1370.0,3,Nagpur,21.184385440456,79.13632138651775,6,6,3,3,3,0.716741,3,0.735948,Built-up,Built-up,Built-up,Built-up,No Change
1371.0,3,Nagpur,21.044787245303823,79.03319479190083,6,6,3,3,3,0.547395,3,0.621377,Built-up,Built-up,Built-up,Built-up,No Change
1372.0,3,Nagpur,21.241518292526,79.15967758390485,6,6,3,3,2,0.52018,3,0.744687,Built-up,Built-up,Agriculture,Built-up,Urban Expansion
1373.0,3,Nagpur,21.174683635387503,78.96079058000079,7,7,4,4,4,0.985126,4,0.985937,Barren,Barren,Barren,Barren,No Change
1374.0,3,Nagpur,21.0385888698434,79.14027397376788,4,4,2,2,2,0.837408,2,0.746702,Agriculture,Agriculture,Agriculture,Agriculture,No Change
1375.0,3,Nagpur,21.100931950561293,79.21384599553726,4,4,2,2,2,0.887843,2,0.794172,Agriculture,Agriculture,Agriculture,Agriculture,No Change
1376.0,3,Nagpur,21.18402611434235,79.13605189193251,6,6,3,3,3,0.896954,3,0.913923,Built-up,Built-up,Built-up,Built-up,No Change
1377.0,3,Nagpur,21.138212034852256,79.06769009881101,6,6,3,3,3,0.832035,3,0.907884,Built-up,Built-up,Built-up,Built-up,No Change
1378.0,3,Nagpur,21.03149217909885,79.0923937691243,1,1,1,1,1,0.741892,1,0.653131,Vegetation,Vegetation,Vegetation,Vegetation,No Change
1379.0,3,Nagpur,21.15914278097224,79.26846356481173,4,4,2,2,2,0.823909,2,0.811333,Agriculture,Agriculture,Agriculture,Agriculture,No Change
1380.0,3,Nagpur,21.22256384003108,79.10946175952257,1,7,1,4,1,0.701196,4,0.989187,Vegetation,Barren,Vegetation,Barren,Vegetation Loss
1381.0,3,Nagpur,21.282481469481848,78.98172132612078,4,4,2,2,2,0.869531,2,0.857951,Agriculture,Agriculture,Agriculture,Agriculture,No Change
1382.0,3,Nagpur,21.186451565609477,79.01235387730925,1,4,1,2,1,0.555164,1,0.798843,Vegetation,Agriculture,Vegetation,Vegetation,No Change
1383.0,3,Nagpur,21.27125252843036,78.96779743921692,4,4,2,2,1,0.477313,1,0.417482,Agriculture,Agriculture,Vegetation,Vegetation,No Change
1384.0,3,Nagpur,21.090062335623447,79.24250225310067,4,4,2,2,2,0.762124,2,0.90262,Agriculture,Agriculture,Agriculture,Agriculture,No Change
1385.0,3,Nagpur,21.202621240723623,79.05205941286734,6,6,3,3,3,0.871524,3,0.781768,Built-up,Built-up,Built-up,Built-up,No Change
1386.0,3,Nagpur,21.07236552452629,79.02493029128692,5,5,1,1,1,0.670178,1,0.611593,Vegetation,Vegetation,Vegetation,Vegetation,No Change
1387.0,3,Nagpur,21.042631288621937,79.28059082114734,4,4,2,2,2,0.787941,2,0.747487,Agriculture,Agriculture,Agriculture,Agriculture,No Change
1388.0,3,Nagpur,21.158424128744944,79.01963023111061,4,4,2,2,2,0.797578,2,0.678156,Agriculture,Agriculture,Agriculture,Agriculture,No Change
1389.0,3,Nagpur,20.95342858090887,79.14746049604082,1,4,1,2,1,0.734162,1,0.583941,Vegetation,Agriculture,Vegetation,Vegetation,No Change
1390.0,3,Nagpur,20.970766065892374,78.97785857039906,4,1,2,1,2,0.824921,1,0.809541,Agriculture,Vegetation,Agriculture,Vegetation,Vegetation Gain
1391.0,3,Nagpur,21.26074223960616,79.18159647683737,7,7,4,4,4,0.981019,4,0.987744,Barren,Barren,Barren,Barren,No Change
1392.0,3,Nagpur,21.04191263639464,79.19381356470139,4,4,2,2,2,0.693952,2,0.769847,Agriculture,Agriculture,Agriculture,Agriculture,No Change
1393.0,3,Nagpur,20.98891203463159,79.24699382952127,4,4,2,2,2,0.842471,2,0.854306,Agriculture,Agriculture,Agriculture,Agriculture,No Change
1394.0,3,Nagpur,20.986845909478117,79.19525086915598,4,5,2,1,2,0.805632,1,0.731712,Agriculture,Vegetation,Agriculture,Vegetation,Vegetation Gain
1395.0,3,Nagpur,21.044427919190177,79.09517854650507,4,4,2,2,2,0.835,2,0.768141,Agriculture,Agriculture,Agriculture,Agriculture,No Change
1396.0,3,Nagpur,21.23729621069064,79.10281422642008,6,0,3,0,2,0.469253,0,0.993189,Built-up,Water,Agriculture,Water,Water Gain
1397.0,3,Nagpur,20.98217467000069,78.97696025511495,1,1,1,1,1,0.565375,2,0.641619,Vegetation,Vegetation,Vegetation,Agriculture,Agriculture Gain
1398.0,3,Nagpur,21.228133394792614,79.23756151903801,6,6,3,3,3,0.570336,3,0.695545,Built-up,Built-up,Built-up,Built-up,No Change
1399.0,3,Nagpur,21.013975031058525,79.1021854057212,4,4,2,2,2,0.733602,2,0.706104,Agriculture,Agriculture,Agriculture,Agriculture,No Change
1400.0,3,Nagpur,21.067784116577283,79.05214924439575,4,1,2,1,1,0.518982,1,0.487323,Agriculture,Vegetation,Vegetation,Vegetation,No Change
1401.0,3,Nagpur,21.143961252670618,79.28112981031781,4,4,2,2,2,0.764265,2,0.792856,Agriculture,Agriculture,Agriculture,Agriculture,No Change
1402.0,3,Nagpur,20.999152828870557,79.12527210852308,1,1,1,1,1,0.881828,1,0.766095,Vegetation,Vegetation,Vegetation,Vegetation,No Change
1403.0,3,Nagpur,21.10991510340249,79.21914605571357,4,4,2,2,2,0.703395,3,0.665296,Agriculture,Agriculture,Agriculture,Built-up,Urban Expansion
1404.0,3,Nagpur,21.25247773899226,78.9624075475122,4,4,2,2,2,0.642656,2,0.659814,Agriculture,Agriculture,Agriculture,Agriculture,No Change
1405.0,3,Nagpur,21.113688027595792,79.08152415418645,6,6,3,3,3,0.938702,3,0.869893,Built-up,Built-up,Built-up,Built-up,No Change
1406.0,3,Nagpur,20.99034933908618,79.11628895568188,4,4,2,2,2,0.812698,2,0.667954,Agriculture,Agriculture,Agriculture,Agriculture,No Change
1407.0,3,Nagpur,20.95262009715316,79.28957397398854,5,4,1,2,1,0.687134,2,0.852009,Vegetation,Agriculture,Vegetation,Agriculture,Agriculture Gain
1408.0,3,Nagpur,20.979030566506275,79.1863575478432,5,5,1,1,1,0.74481,1,0.835885,Vegetation,Vegetation,Vegetation,Vegetation,No Change
1409.0,3,Nagpur,21.20459753434869,79.06346801697565,6,6,3,3,3,0.788898,3,0.724534,Built-up,Built-up,Built-up,Built-up,No Change
1410.0,3,Nagpur,21.09823700470893,79.07119352841907,6,6,3,3,3,0.891136,3,0.740236,Built-up,Built-up,Built-up,Built-up,No Change
1411.0,3,Nagpur,21.04703303351412,78.99052481590515,1,4,1,2,1,0.549278,2,0.733129,Vegetation,Agriculture,Vegetation,Agriculture,Agriculture Gain
1412.0,3,Nagpur,21.09850649929417,79.23441741554359,4,4,2,2,2,0.767042,2,0.734243,Agriculture,Agriculture,Agriculture,Agriculture,No Change
1413.0,3,Nagpur,21.16740728158614,79.11359400982953,6,6,3,3,3,0.959143,3,0.828094,Built-up,Built-up,Built-up,Built-up,No Change
1414.0,3,Nagpur,21.176120939842097,79.27088901607885,4,4,2,2,2,0.906729,2,0.785983,Agriculture,Agriculture,Agriculture,Agriculture,No Change
1415.0,3,Nagpur,21.10488453781142,79.14108245752358,6,6,3,3,3,0.98221,3,0.987696,Built-up,Built-up,Built-up,Built-up,No Change
1416.0,3,Nagpur,21.169473406739613,79.11889407000582,6,6,3,3,3,0.96404,3,0.95799,Built-up,Built-up,Built-up,Built-up,No Change
1417.0,3,Nagpur,21.094464080515632,78.99519605538256,6,6,3,3,3,0.790683,3,0.6233,Built-up,Built-up,Built-up,Built-up,No Change
1418.0,3,Nagpur,21.157974971102885,79.08987848632876,6,6,3,3,3,0.952131,3,0.65919,Built-up,Built-up,Built-up,Built-up,No Change
1419.0,3,Nagpur,21.29595619874364,79.01630646455938,5,1,1,1,2,0.53531,2,0.545358,Vegetation,Vegetation,Agriculture,Agriculture,No Change
1420.0,3,Nagpur,21.221935019332197,79.12266699419912,4,4,2,2,2,0.467849,2,0.434333,Agriculture,Agriculture,Agriculture,Agriculture,No Change
1421.0,3,Nagpur,21.28769169812974,79.07730207235109,4,6,2,3,2,0.502196,3,0.741598,Agriculture,Built-up,Agriculture,Built-up,Urban Expansion
1422.0,3,Nagpur,21.24987262466831,79.19291524941727,4,4,2,2,2,0.762902,2,0.760438,Agriculture,Agriculture,Agriculture,Agriculture,No Change
1423.0,3,Nagpur,21.161119074597305,79.29119094149995,4,4,2,2,2,0.886478,2,0.925625,Agriculture,Agriculture,Agriculture,Agriculture,No Change
1424.0,3,Nagpur,21.09302677606104,79.03310496037241,6,4,3,2,3,0.473438,2,0.877183,Built-up,Agriculture,Built-up,Agriculture,Other Change
1425.0,3,Nagpur,21.193907582467663,79.00166392542823,4,4,2,2,2,0.795225,2,0.760213,Agriculture,Agriculture,Agriculture,Agriculture,No Change
1426.0,3,Nagpur,21.12294067502222,79.05170008675368,6,6,3,3,3,0.870071,3,0.714386,Built-up,Built-up,Built-up,Built-up,No Change
1427.0,3,Nagpur,20.98900186616,79.253910857209,4,1,2,1,2,0.778809,1,0.690452,Agriculture,Vegetation,Agriculture,Vegetation,Vegetation Gain
1428.0,3,Nagpur,21.22543844894026,79.1321891362108,4,6,2,3,2,0.718533,3,0.914677,Agriculture,Built-up,Agriculture,Built-up,Urban Expansion
1429.0,3,Nagpur,21.19471606622337,79.06742060422577,6,6,3,3,3,0.900609,3,0.978357,Built-up,Built-up,Built-up,Built-up,No Change
1430.0,3,Nagpur,21.2618202179471,79.2465446718792,4,4,2,2,1,0.471798,1,0.507652,Agriculture,Agriculture,Vegetation,Vegetation,No Change
1431.0,3,Nagpur,21.247896331043247,79.2457361881235,4,4,2,2,2,0.678336,2,0.889127,Agriculture,Agriculture,Agriculture,Agriculture,No Change
1432.0,3,Nagpur,21.196063539149552,79.28571121826683,4,4,2,2,2,0.844082,2,0.761905,Agriculture,Agriculture,Agriculture,Agriculture,No Change
1433.0,3,Nagpur,21.20450770282028,78.95019045964818,4,4,2,2,2,0.713866,2,0.836024,Agriculture,Agriculture,Agriculture,Agriculture,No Change
1434.0,3,Nagpur,21.152135921756106,79.28625020743729,4,4,2,2,2,0.719115,2,0.879216,Agriculture,Agriculture,Agriculture,Agriculture,No Change
1435.0,3,Nagpur,21.251579423708137,79.04101013487266,1,1,1,1,1,0.60579,1,0.580743,Vegetation,Vegetation,Vegetation,Vegetation,No Change
1436.0,3,Nagpur,21.15474103608005,79.17746422653042,6,6,3,3,3,0.86906,3,0.752773,Built-up,Built-up,Built-up,Built-up,No Change
1437.0,3,Nagpur,21.12554578934617,78.98028402166618,1,1,1,1,1,0.848902,1,0.881988,Vegetation,Vegetation,Vegetation,Vegetation,No Change
1438.0,3,Nagpur,21.29514771498793,79.20854593536096,4,5,2,1,1,0.456312,1,0.432784,Agriculture,Vegetation,Vegetation,Vegetation,No Change
1439.0,3,Nagpur,21.060058605133857,79.16443865491068,6,6,3,3,3,0.453431,3,0.584397,Built-up,Built-up,Built-up,Built-up,No Change
1440.0,3,Nagpur,21.05799247998038,79.25615664541928,4,4,2,2,2,0.603376,2,0.857524,Agriculture,Agriculture,Agriculture,Agriculture,No Change
1441.0,3,Nagpur,21.16704795547249,79.25256338428281,4,6,2,3,2,0.774193,3,0.510957,Agriculture,Built-up,Agriculture,Built-up,Urban Expansion
1442.0,3,Nagpur,21.171000542722616,79.27187716289139,4,1,2,1,2,0.766571,1,0.638874,Agriculture,Vegetation,Agriculture,Vegetation,Vegetation Gain
1443.0,3,Nagpur,21.125725452402992,79.16470814949592,6,6,3,3,3,0.674862,3,0.936213,Built-up,Built-up,Built-up,Built-up,No Change
1444.0,3,Nagpur,21.1926499410699,79.09113612772653,6,6,3,3,3,0.547635,1,0.598681,Built-up,Built-up,Built-up,Vegetation,Vegetation Gain
1445.0,3,Nagpur,21.10892695658996,79.18599822172955,4,4,2,2,2,0.580318,2,0.743441,Agriculture,Agriculture,Agriculture,Agriculture,No Change
1446.0,3,Nagpur,21.244931890605653,79.141172289052,4,6,2,3,2,0.771908,3,0.80313,Agriculture,Built-up,Agriculture,Built-up,Urban Expansion
1447.0,3,Nagpur,21.086289411430144,79.28391458769858,4,1,2,1,2,0.775114,1,0.745839,Agriculture,Vegetation,Agriculture,Vegetation,Vegetation Gain
1448.0,3,Nagpur,21.02709043420667,79.26720592341395,4,4,2,2,2,0.751163,2,0.786315,Agriculture,Agriculture,Agriculture,Agriculture,No Change
1449.0,3,Nagpur,21.22525878588344,78.9932197617575,4,4,2,2,2,0.81883,2,0.737464,Agriculture,Agriculture,Agriculture,Agriculture,No Change
1450.0,3,Nagpur,21.19920764264397,79.10272439489167,6,6,3,3,3,0.870897,3,0.880634,Built-up,Built-up,Built-up,Built-up,No Change
1451.0,3,Nagpur,21.134618773715776,78.96357535738156,4,5,2,1,2,0.725996,1,0.790155,Agriculture,Vegetation,Agriculture,Vegetation,Vegetation Gain
1452.0,3,Nagpur,21.19094314203007,79.01415050787749,1,1,1,1,1,0.522031,1,0.694863,Vegetation,Vegetation,Vegetation,Vegetation,No Change
1453.0,3,Nagpur,20.994751083978368,79.06894774020878,4,4,2,2,2,0.823745,2,0.674139,Agriculture,Agriculture,Agriculture,Agriculture,No Change
1454.0,3,Nagpur,21.0100224438084,79.00013678944522,4,4,2,2,2,0.5118,2,0.492158,Agriculture,Agriculture,Agriculture,Agriculture,No Change
1455.0,3,Nagpur,21.289218834112745,79.18348293893402,4,4,2,2,2,0.66644,2,0.70346,Agriculture,Agriculture,Agriculture,Agriculture,No Change
1456.0,3,Nagpur,21.298740976124414,79.0961666933176,4,4,2,2,2,0.838358,2,0.863693,Agriculture,Agriculture,Agriculture,Agriculture,No Change
1457.0,3,Nagpur,21.19516522386543,79.11557030345459,4,6,2,3,2,0.685807,3,0.843604,Agriculture,Built-up,Agriculture,Built-up,Urban Expansion
1458.0,3,Nagpur,21.19911781111556,79.23064449135029,4,4,2,2,2,0.805418,2,0.859378,Agriculture,Agriculture,Agriculture,Agriculture,No Change
1459.0,3,Nagpur,21.009752949223163,79.15114358870572,7,5,4,1,4,0.982279,1,0.506619,Barren,Vegetation,Barren,Vegetation,Other Change
1460.0,3,Nagpur,20.954776053835047,79.18626771631479,5,5,1,1,1,0.721955,1,0.836166,Vegetation,Vegetation,Vegetation,Vegetation,No Change
1461.0,3,Nagpur,21.076048617191184,79.0548441902481,1,5,1,1,1,0.61768,1,0.826899,Vegetation,Vegetation,Vegetation,Vegetation,No Change
1462.0,3,Nagpur,21.29209344302193,79.04047114570218,4,4,2,2,2,0.818841,2,0.863672,Agriculture,Agriculture,Agriculture,Agriculture,No Change
1463.0,3,Nagpur,20.98334247987005,79.28283660935763,5,5,1,1,1,0.839851,1,0.587982,Vegetation,Vegetation,Vegetation,Vegetation,No Change
1464.0,3,Nagpur,21.12563562087458,79.20046109780388,4,4,2,2,2,0.90956,2,0.863539,Agriculture,Agriculture,Agriculture,Agriculture,No Change
1465.0,3,Nagpur,21.08880469422568,79.27017036385155,4,4,2,2,2,0.751581,2,0.906251,Agriculture,Agriculture,Agriculture,Agriculture,No Change
1466.0,3,Nagpur,21.00759699254128,79.17872186792819,7,5,4,1,4,0.986154,1,0.63713,Barren,Vegetation,Barren,Vegetation,Other Change
1467.0,3,Nagpur,21.07811474234466,79.25983973808418,4,1,2,1,2,0.920927,1,0.862852,Agriculture,Vegetation,Agriculture,Vegetation,Vegetation Gain
1468.0,3,Nagpur,21.026820939621437,79.23666320375389,4,4,2,2,2,0.837807,2,0.806918,Agriculture,Agriculture,Agriculture,Agriculture,No Change
1469.0,3,Nagpur,21.20935860535452,79.28229762018717,4,4,2,2,2,0.894652,2,0.846019,Agriculture,Agriculture,Agriculture,Agriculture,No Change
1470.0,3,Nagpur,21.104345548640943,78.97318733092163,4,6,2,3,2,0.76454,3,0.781184,Agriculture,Built-up,Agriculture,Built-up,Urban Expansion
1471.0,3,Nagpur,21.136864561926075,79.18887283063873,6,6,3,3,3,0.675653,3,0.67512,Built-up,Built-up,Built-up,Built-up,No Change
1472.0,3,Nagpur,21.182229483774112,78.97300766786482,5,5,1,1,1,0.687515,1,0.762404,Vegetation,Vegetation,Vegetation,Vegetation,No Change
1473.0,3,Nagpur,20.962142239164827,78.95297523702895,5,5,1,1,1,0.625739,1,0.501012,Vegetation,Vegetation,Vegetation,Vegetation,No Change
1474.0,3,Nagpur,21.208100963956756,79.23810050820849,0,0,0,0,0,0.939348,0,0.984398,Water,Water,Water,Water,No Change
1475.0,3,Nagpur,21.22831305784944,79.01271320342289,4,5,2,1,2,0.82165,1,0.665404,Agriculture,Vegetation,Agriculture,Vegetation,Vegetation Gain
1476.0,3,Nagpur,21.229840193832445,78.95072944881865,4,5,2,1,2,0.853296,1,0.669855,Agriculture,Vegetation,Agriculture,Vegetation,Vegetation Gain
1477.0,3,Nagpur,21.15986143319953,78.99124346813244,4,7,2,4,3,0.816078,3,0.972459,Agriculture,Barren,Built-up,Built-up,No Change
1478.0,3,Nagpur,21.271072865373533,79.0495441300718,4,4,2,2,2,0.79682,2,0.813739,Agriculture,Agriculture,Agriculture,Agriculture,No Change
1479.0,3,Nagpur,21.130486523408827,79.00355038752488,6,6,3,3,3,0.899756,3,0.77074,Built-up,Built-up,Built-up,Built-up,No Change
1480.0,3,Nagpur,21.18402611434235,79.0066944910193,5,4,1,2,1,0.758474,2,0.645528,Vegetation,Agriculture,Vegetation,Agriculture,Agriculture Gain
1481.0,3,Nagpur,21.27888820834537,79.14817914826813,4,7,2,4,2,0.828187,4,0.980747,Agriculture,Barren,Agriculture,Barren,Agriculture Loss
1482.0,3,Nagpur,20.97184404423332,79.14557403394417,4,4,2,2,2,0.46806,1,0.477529,Agriculture,Agriculture,Agriculture,Vegetation,Vegetation Gain
1483.0,3,Nagpur,21.00499187821733,79.06831891950989,1,1,1,1,1,0.884343,1,0.905974,Vegetation,Vegetation,Vegetation,Vegetation,No Change
1484.0,3,Nagpur,21.239182672787287,78.97866705415477,4,5,2,1,2,0.86289,1,0.626774,Agriculture,Vegetation,Agriculture,Vegetation,Vegetation Gain
1485.0,3,Nagpur,20.9807373655461,79.2209426862818,4,5,2,1,2,0.801587,1,0.788695,Agriculture,Vegetation,Agriculture,Vegetation,Vegetation Gain
1486.0,3,Nagpur,21.11494566899356,79.19866446723564,4,4,2,2,2,0.761236,2,0.880631,Agriculture,Agriculture,Agriculture,Agriculture,No Change
1487.0,3,Nagpur,21.003913899876384,78.95980243318826,1,4,1,2,1,0.546918,2,0.474186,Vegetation,Agriculture,Vegetation,Agriculture,Agriculture Gain
1488.0,3,Nagpur,20.9709457289492,79.14108245752358,1,1,1,1,1,0.733125,1,0.674435,Vegetation,Vegetation,Vegetation,Vegetation,No Change
1489.0,3,Nagpur,21.143871421142208,78.96977373284199,4,5,2,1,2,0.546927,1,0.523406,Agriculture,Vegetation,Agriculture,Vegetation,Vegetation Gain
1490.0,3,Nagpur,21.03688207080357,79.07469695802715,4,4,2,2,2,0.870964,2,0.68946,Agriculture,Agriculture,Agriculture,Agriculture,No Change
1491.0,3,Nagpur,21.13964933930685,79.26549912437413,6,6,3,3,3,0.934719,3,0.938714,Built-up,Built-up,Built-up,Built-up,No Change
1492.0,3,Nagpur,21.29029681245369,79.10479052004514,6,6,3,3,3,0.55297,2,0.517389,Built-up,Built-up,Built-up,Agriculture,Other Change
1493.0,3,Nagpur,20.996547714546605,79.13434509289269,4,4,2,2,2,0.709095,2,0.662078,Agriculture,Agriculture,Agriculture,Agriculture,No Change
1494.0,3,Nagpur,21.17585144525686,79.21806807737262,4,4,2,2,2,0.70214,2,0.804952,Agriculture,Agriculture,Agriculture,Agriculture,No Change
1495.0,3,Nagpur,20.983701805983696,79.07451729497032,4,1,2,1,2,0.745224,1,0.59026,Agriculture,Vegetation,Agriculture,Vegetation,Vegetation Gain
1496.0,3,Nagpur,21.021700542501957,79.11548047192618,4,4,2,2,2,0.853908,2,0.779704,Agriculture,Agriculture,Agriculture,Agriculture,No Change
1497.0,3,Nagpur,20.999961312626255,79.27403311957326,4,4,2,2,2,0.83478,2,0.898034,Agriculture,Agriculture,Agriculture,Agriculture,No Change
1498.0,3,Nagpur,21.22930120466197,79.08691404589116,6,6,3,3,3,0.892951,3,0.899063,Built-up,Built-up,Built-up,Built-up,No Change
1499.0,3,Nagpur,21.085660590731266,79.22022403405451,4,4,2,2,2,0.67327,2,0.817126,Agriculture,Agriculture,Agriculture,Agriculture,No Change
1500.0,4,Mumbai,19.26693146650288,72.80580374779906,1,1,1,1,1,0.947393,1,0.757891,Vegetation,Vegetation,Vegetation,Vegetation,No Change
1501.0,4,Mumbai,19.19973748325074,72.88898774310853,1,1,1,1,1,0.791811,1,0.735029,Vegetation,Vegetation,Vegetation,Vegetation,No Change
1502.0,4,Mumbai,19.004353908954744,73.11832763514424,6,6,3,3,3,0.877254,3,0.800559,Built-up,Built-up,Built-up,Built-up,No Change
1503.0,4,Mumbai,19.103258421736303,73.00289412113489,6,6,3,3,3,0.899782,3,0.950057,Built-up,Built-up,Built-up,Built-up,No Change
1504.0,4,Mumbai,18.960785617674947,73.03424532455065,7,6,4,3,4,0.489482,3,0.724459,Barren,Built-up,Barren,Built-up,Urban Expansion
1505.0,4,Mumbai,18.88703393284873,73.12964640772415,1,1,1,1,1,0.891759,1,0.881502,Vegetation,Vegetation,Vegetation,Vegetation,No Change
1506.0,4,Mumbai,19.169643921232733,72.84955170213568,6,6,3,3,3,0.606393,3,0.75694,Built-up,Built-up,Built-up,Built-up,No Change
1507.0,4,Mumbai,18.95611437819753,72.92447119683125,0,0,0,0,0,0.994925,0,0.999669,Water,Water,Water,Water,No Change
1508.0,4,Mumbai,19.00417424589792,72.7962816057874,0,0,0,0,0,0.999534,0,1.0,Water,Water,Water,Water,No Change
1509.0,4,Mumbai,19.20090529312009,72.83454983689089,6,6,3,3,3,0.963062,3,0.990716,Built-up,Built-up,Built-up,Built-up,No Change
1510.0,4,Mumbai,18.991148674278183,73.02616048699358,0,0,0,0,0,0.996902,0,0.869697,Water,Water,Water,Water,No Change
1511.0,4,Mumbai,19.29882165908912,73.01448238830002,1,1,1,1,1,0.799395,1,0.597965,Vegetation,Vegetation,Vegetation,Vegetation,No Change
1512.0,4,Mumbai,19.21985974561501,72.79089171408268,5,5,1,1,1,0.662611,1,0.549991,Vegetation,Vegetation,Vegetation,Vegetation,No Change
1513.0,4,Mumbai,19.151677615550344,72.89383864564277,1,1,1,1,1,0.817495,1,0.807,Vegetation,Vegetation,Vegetation,Vegetation,No Change
1514.0,4,Mumbai,19.15006064803893,72.78244755041196,0,0,0,0,0,1.0,0,1.0,Water,Water,Water,Water,No Change
1515.0,4,Mumbai,19.118889107679983,72.77768647940613,0,0,0,0,0,1.0,0,0.999534,Water,Water,Water,Water,No Change
1516.0,4,Mumbai,19.027889769398676,72.79421548063392,0,0,0,0,0,1.0,0,1.0,Water,Water,Water,Water,No Change
1517.0,4,Mumbai,18.86250992559227,72.98591596226503,0,0,0,0,0,1.0,0,1.0,Water,Water,Water,Water,No Change
1518.0,4,Mumbai,19.087178578150564,72.86356542056795,6,6,3,3,3,0.681291,3,0.71559,Built-up,Built-up,Built-up,Built-up,No Change
1519.0,4,Mumbai,18.97012809662979,72.84407197890256,6,6,3,3,3,0.668186,3,0.857345,Built-up,Built-up,Built-up,Built-up,No Change
1520.0,4,Mumbai,19.210157940546527,72.96750049894058,1,1,1,1,1,0.896817,1,0.73546,Vegetation,Vegetation,Vegetation,Vegetation,No Change
1521.0,4,Mumbai,19.09355661666781,73.11096144981447,4,5,2,1,2,0.836229,1,0.670451,Agriculture,Vegetation,Agriculture,Vegetation,Vegetation Gain
1522.0,4,Mumbai,18.96159410143065,73.14824153410542,6,6,3,3,3,0.553389,3,0.843858,Built-up,Built-up,Built-up,Built-up,No Change
1523.0,4,Mumbai,19.01423537708006,72.8444313050162,6,6,3,3,3,0.753051,3,0.722076,Built-up,Built-up,Built-up,Built-up,No Change
1524.0,4,Mumbai,18.859365822097853,72.89410814022801,0,0,0,0,0,1.0,0,1.0,Water,Water,Water,Water,No Change
1525.0,4,Mumbai,18.98315366824952,72.81083431339013,0,0,0,0,0,0.99995,0,1.0,Water,Water,Water,Water,No Change
1526.0,4,Mumbai,19.2249801427345,72.79080188255426,3,3,1,1,1,0.703811,1,0.68493,Vegetation,Vegetation,Vegetation,Vegetation,No Change
1527.0,4,Mumbai,19.14997081651052,72.94944436172977,6,6,3,3,3,0.837986,3,0.729915,Built-up,Built-up,Built-up,Built-up,No Change
1528.0,4,Mumbai,19.08053104504808,73.1375515822244,6,6,3,3,3,0.700006,3,0.911466,Built-up,Built-up,Built-up,Built-up,No Change
1529.0,4,Mumbai,19.19524590683014,72.78397468639496,5,5,1,1,1,0.757261,1,0.726854,Vegetation,Vegetation,Vegetation,Vegetation,No Change
1530.0,4,Mumbai,19.186442417045768,73.01250609467496,1,1,1,1,1,0.860049,1,0.669379,Vegetation,Vegetation,Vegetation,Vegetation,No Change
1531.0,4,Mumbai,19.29379109349805,72.85161782728916,4,6,2,3,2,0.776639,3,0.607807,Agriculture,Built-up,Agriculture,Built-up,Urban Expansion
1532.0,4,Mumbai,18.90293411337765,72.97944809221937,6,6,3,3,2,0.524783,3,0.666987,Built-up,Built-up,Agriculture,Built-up,Urban Expansion
1533.0,4,Mumbai,18.99375378860213,73.05930832097759,7,7,4,4,4,0.463071,3,0.750566,Barren,Barren,Barren,Built-up,Urban Expansion
1534.0,4,Mumbai,19.008575990790103,72.86374508362478,6,6,3,3,3,0.930974,3,0.787324,Built-up,Built-up,Built-up,Built-up,No Change
1535.0,4,Mumbai,18.99968266947732,73.06164394071631,3,7,1,4,0,0.53915,4,0.991329,Vegetation,Barren,Water,Barren,Water Loss
1536.0,4,Mumbai,19.081698854917438,72.89797089594973,6,6,3,3,2,0.619979,2,0.435394,Built-up,Built-up,Agriculture,Agriculture,No Change
1537.0,4,Mumbai,18.886045786036203,73.02014177458999,7,7,4,4,4,0.983883,4,0.987627,Barren,Barren,Barren,Barren,No Change
1538.0,4,Mumbai,19.188867868312894,72.8796452641537,1,1,1,1,1,0.810984,1,0.75249,Vegetation,Vegetation,Vegetation,Vegetation,No Change
1539.0,4,Mumbai,19.059151141286037,72.96857847728153,0,0,0,0,0,1.0,0,1.0,Water,Water,Water,Water,No Change
1540.0,4,Mumbai,18.88281185101337,73.04439628726121,5,5,1,1,1,0.582751,1,0.532068,Vegetation,Vegetation,Vegetation,Vegetation,No Change
1541.0,4,Mumbai,19.289209685549043,73.09811554125156,6,6,3,3,3,0.87425,3,0.7911,Built-up,Built-up,Built-up,Built-up,No Change
1542.0,4,Mumbai,18.92781744674776,73.13440747872998,1,1,1,1,1,0.878747,1,0.750974,Vegetation,Vegetation,Vegetation,Vegetation,No Change
1543.0,4,Mumbai,19.031123704421503,72.80122233985006,0,0,0,0,0,1.0,0,1.0,Water,Water,Water,Water,No Change
1544.0,4,Mumbai,19.265494162048288,72.86985362755678,6,6,3,3,3,0.536907,3,0.709879,Built-up,Built-up,Built-up,Built-up,No Change
1545.0,4,Mumbai,19.06409187534869,72.82835146143046,6,6,3,3,3,0.577227,3,0.761372,Built-up,Built-up,Built-up,Built-up,No Change
1546.0,4,Mumbai,19.24582105732607,73.05023533660798,6,5,3,1,3,0.846775,1,0.721027,Built-up,Vegetation,Built-up,Vegetation,Vegetation Gain
1547.0,4,Mumbai,18.975338325277683,73.04367763503392,7,5,4,1,4,0.991761,1,0.516526,Barren,Vegetation,Barren,Vegetation,Other Change
1548.0,4,Mumbai,19.114577194316208,73.13629394082663,5,5,1,1,1,0.891349,1,0.615304,Vegetation,Vegetation,Vegetation,Vegetation,No Change
1549.0,4,Mumbai,18.971026411913908,72.89195218354612,0,0,0,0,0,0.999925,0,1.0,Water,Water,Water,Water,No Change
1550.0,4,Mumbai,18.94308880657779,72.76960164184905,0,0,0,0,0,1.0,0,1.0,Water,Water,Water,Water,No Change
1551.0,4,Mumbai,19.220219071728664,72.80849869365142,0,0,0,0,0,0.998688,0,1.0,Water,Water,Water,Water,No Change
1552.0,4,Mumbai,18.99222665261913,73.11617167846236,6,6,3,3,3,0.854179,3,0.808898,Built-up,Built-up,Built-up,Built-up,No Change
1553.0,4,Mumbai,18.981985858380167,73.06883046298925,5,6,1,3,1,0.708249,3,0.958062,Vegetation,Built-up,Vegetation,Built-up,Vegetation Loss
1554.0,4,Mumbai,18.9273682891057,73.09362396483095,1,1,1,1,1,0.840534,1,0.903547,Vegetation,Vegetation,Vegetation,Vegetation,No Change
1555.0,4,Mumbai,19.01486419777894,73.03047240035735,6,6,3,3,3,0.904998,3,0.917243,Built-up,Built-up,Built-up,Built-up,No Change
1556.0,4,Mumbai,19.03318982957498,72.76690669599668,0,0,0,0,0,1.0,0,1.0,Water,Water,Water,Water,No Change
1557.0,4,Mumbai,19.243215943002124,73.02678930769247,1,5,1,1,1,0.706555,1,0.620285,Vegetation,Vegetation,Vegetation,Vegetation,No Change
1558.0,4,Mumbai,19.17575246516475,72.76933214726381,0,0,0,0,0,1.0,0,1.0,Water,Water,Water,Water,No Change
1559.0,4,Mumbai,18.96922978134567,73.04502510796009,7,1,4,1,4,0.984025,1,0.568384,Barren,Vegetation,Barren,Vegetation,Other Change
1560.0,4,Mumbai,18.90778501591189,72.75540826035996,0,0,0,0,0,1.0,0,1.0,Water,Water,Water,Water,No Change
1561.0,4,Mumbai,19.022949035336016,72.99759406095858,0,0,0,0,0,1.0,0,0.995758,Water,Water,Water,Water,No Change
1562.0,4,Mumbai,19.136226592663487,73.14833136563384,5,5,1,1,1,0.78675,1,0.708853,Vegetation,Vegetation,Vegetation,Vegetation,No Change
1563.0,4,Mumbai,19.274297651832654,73.08140687696694,1,1,1,1,1,0.880257,1,0.89281,Vegetation,Vegetation,Vegetation,Vegetation,No Change
1564.0,4,Mumbai,19.12984855414624,72.82583617863493,6,6,3,3,3,0.737384,3,0.493495,Built-up,Built-up,Built-up,Built-up,No Change
1565.0,4,Mumbai,19.104246568548835,72.88701144948347,6,6,3,3,3,0.638949,3,0.834217,Built-up,Built-up,Built-up,Built-up,No Change
1566.0,4,Mumbai,19.059240972814447,73.09982234029138,1,0,1,0,1,0.60438,0,0.768218,Vegetation,Water,Vegetation,Water,Water Gain
1567.0,4,Mumbai,19.21914109338772,73.13566512012775,6,6,3,3,3,0.736653,3,0.801694,Built-up,Built-up,Built-up,Built-up,No Change
1568.0,4,Mumbai,19.136855413362373,72.89267083577342,6,6,3,3,1,0.515634,1,0.522283,Built-up,Built-up,Vegetation,Vegetation,No Change
1569.0,4,Mumbai,19.173866003068092,73.06730332700626,3,0,1,0,0,0.84262,1,0.682258,Vegetation,Water,Water,Vegetation,Water Loss
1570.0,4,Mumbai,19.065708842860104,72.96741066741217,0,0,0,0,0,0.9787,0,1.0,Water,Water,Water,Water,No Change
1571.0,4,Mumbai,18.906078216872068,72.98789225589009,7,6,4,3,4,0.982383,3,0.727007,Barren,Built-up,Barren,Built-up,Urban Expansion
1572.0,4,Mumbai,19.088256556491505,72.88997588992106,6,6,3,3,3,0.871844,3,0.972556,Built-up,Built-up,Built-up,Built-up,No Change
1573.0,4,Mumbai,19.12122472741869,73.0759271537338,5,5,1,1,1,0.787289,1,0.729318,Vegetation,Vegetation,Vegetation,Vegetation,No Change
1574.0,4,Mumbai,19.2046782173134,73.09901385653568,6,6,3,3,3,0.83836,3,0.689436,Built-up,Built-up,Built-up,Built-up,No Change
1575.0,4,Mumbai,18.975787482919745,72.91773383220035,0,0,0,0,0,0.999925,0,1.0,Water,Water,Water,Water,No Change
1576.0,4,Mumbai,18.85927599056944,72.86742817628966,0,0,0,0,0,0.999925,0,1.0,Water,Water,Water,Water,No Change
1577.0,4,Mumbai,19.19578489600061,72.82269207514051,6,6,3,3,3,0.503788,3,0.538554,Built-up,Built-up,Built-up,Built-up,No Change
1578.0,4,Mumbai,19.03193218817721,73.05796084805141,6,6,3,3,2,0.350951,2,0.485196,Built-up,Built-up,Agriculture,Agriculture,No Change
1579.0,4,Mumbai,18.913444402201847,72.7835255287529,0,0,0,0,0,1.0,0,1.0,Water,Water,Water,Water,No Change
1580.0,4,Mumbai,19.107480503571665,72.82933960824299,6,6,3,3,3,0.871117,3,0.833147,Built-up,Built-up,Built-up,Built-up,No Change
1581.0,4,Mumbai,19.082507338673143,72.98807191894691,0,1,0,1,0,0.976405,1,0.881104,Water,Vegetation,Water,Vegetation,Water Loss
1582.0,4,Mumbai,19.04432893909806,72.82754297767475,0,0,0,0,0,0.600979,0,0.617391,Water,Water,Water,Water,No Change
1583.0,4,Mumbai,19.25965511270151,72.96875814033835,6,6,3,3,3,0.927757,3,0.977294,Built-up,Built-up,Built-up,Built-up,No Change
1584.0,4,Mumbai,18.975428156806093,73.05957781556283,5,5,1,1,1,0.477209,1,0.369641,Vegetation,Vegetation,Vegetation,Vegetation,No Change
1585.0,4,Mumbai,19.01055228441517,72.99975001764047,0,0,0,0,0,1.0,0,0.965764,Water,Water,Water,Water,No Change
1586.0,4,Mumbai,19.122751863401696,73.09164767120589,5,5,1,1,1,0.654604,1,0.428626,Vegetation,Vegetation,Vegetation,Vegetation,No Change
1587.0,4,Mumbai,18.851730142182834,72.98744309824804,3,3,1,1,1,0.743721,1,0.713788,Vegetation,Vegetation,Vegetation,Vegetation,No Change
1588.0,4,Mumbai,19.07271570207624,72.8871911125403,4,4,2,2,1,0.6279,1,0.554802,Agriculture,Agriculture,Vegetation,Vegetation,No Change
1589.0,4,Mumbai,19.12023658060616,73.0075653606123,6,6,3,3,3,0.768188,3,0.929574,Built-up,Built-up,Built-up,Built-up,No Change
1590.0,4,Mumbai,19.15266576236288,72.83526848911818,6,6,3,3,3,0.839562,3,0.910505,Built-up,Built-up,Built-up,Built-up,No Change
1591.0,4,Mumbai,19.10227027492377,72.90794219560345,5,7,1,4,3,0.694913,3,0.75636,Vegetation,Barren,Built-up,Built-up,No Change
1592.0,4,Mumbai,18.93832773557196,73.10557155810974,1,1,1,1,1,0.927123,1,0.807469,Vegetation,Vegetation,Vegetation,Vegetation,No Change
1593.0,4,Mumbai,19.140089348385203,72.86266710528383,6,6,3,3,3,0.904838,3,0.735266,Built-up,Built-up,Built-up,Built-up,No Change
1594.0,4,Mumbai,19.05897147822921,72.86500272502253,6,6,3,3,3,0.962319,3,0.989853,Built-up,Built-up,Built-up,Built-up,No Change
1595.0,4,Mumbai,19.175662633636332,73.14491776755418,5,6,1,3,1,0.480112,3,0.710292,Vegetation,Built-up,Vegetation,Built-up,Vegetation Loss
1596.0,4,Mumbai,19.215547832251243,72.83059724964076,6,6,3,3,3,0.909303,3,0.928497,Built-up,Built-up,Built-up,Built-up,No Change
1597.0,4,Mumbai,18.943987121861912,73.00783485519754,7,0,4,0,4,0.982629,0,0.682429,Barren,Water,Barren,Water,Water Gain
1598.0,4,Mumbai,19.08601076828121,73.00442125711788,6,6,3,3,3,0.891305,3,0.957949,Built-up,Built-up,Built-up,Built-up,No Change
1599.0,4,Mumbai,19.19470691765967,72.89671325455195,1,1,1,1,1,0.964849,1,0.947178,Vegetation,Vegetation,Vegetation,Vegetation,No Change
1600.0,4,Mumbai,19.25291774807061,72.88746060712553,1,1,1,1,1,0.905265,1,0.730074,Vegetation,Vegetation,Vegetation,Vegetation,No Change
1601.0,4,Mumbai,19.26243989008228,73.06622534866531,1,1,1,1,1,0.842345,1,0.675462,Vegetation,Vegetation,Vegetation,Vegetation,No Change
1602.0,4,Mumbai,19.124458662441523,72.8106546503333,0,0,0,0,0,1.0,0,1.0,Water,Water,Water,Water,No Change
1603.0,4,Mumbai,19.126973945237054,72.83724478274324,6,6,3,3,3,0.93766,3,0.787155,Built-up,Built-up,Built-up,Built-up,No Change
1604.0,4,Mumbai,19.08286666478679,72.90776253254663,6,6,3,3,3,0.727422,3,0.961907,Built-up,Built-up,Built-up,Built-up,No Change
1605.0,4,Mumbai,18.911018950934725,72.88853858546648,0,0,0,0,0,0.999925,0,1.0,Water,Water,Water,Water,No Change
1606.0,4,Mumbai,19.292443620571877,72.79448497521916,1,1,1,1,1,0.926736,1,0.82574,Vegetation,Vegetation,Vegetation,Vegetation,No Change
1607.0,4,Mumbai,18.945154931731267,73.04170134140885,5,5,1,1,1,0.641142,1,0.768894,Vegetation,Vegetation,Vegetation,Vegetation,No Change
1608.0,4,Mumbai,18.86825914341064,72.96426656391775,5,5,1,1,1,0.613014,1,0.539883,Vegetation,Vegetation,Vegetation,Vegetation,No Change
1609.0,4,Mumbai,19.159043800880124,72.80364779111717,5,6,1,3,1,0.440489,3,0.778432,Vegetation,Built-up,Vegetation,Built-up,Vegetation Loss
1610.0,4,Mumbai,19.19928832560868,72.94872570950248,6,6,3,3,3,0.9048,3,0.879499,Built-up,Built-up,Built-up,Built-up,No Change
1611.0,4,Mumbai,18.93212936011153,73.09182733426272,1,1,1,1,1,0.841098,1,0.720262,Vegetation,Vegetation,Vegetation,Vegetation,No Change
1612.0,4,Mumbai,18.92233772351463,72.76007949983737,0,0,0,0,0,1.0,0,1.0,Water,Water,Water,Water,No Change
1613.0,4,Mumbai,18.89413062359328,73.09128834509225,1,1,1,1,1,0.751729,1,0.769538,Vegetation,Vegetation,Vegetation,Vegetation,No Change
1614.0,4,Mumbai,19.21680547364901,73.10395459059833,6,6,3,3,3,0.749447,3,0.969519,Built-up,Built-up,Built-up,Built-up,No Change
1615.0,4,Mumbai,18.967702645362667,72.97280055911688,0,0,0,0,0,0.999269,0,1.0,Water,Water,Water,Water,No Change
1616.0,4,Mumbai,19.061127434911096,72.97621415719654,0,0,0,0,0,1.0,0,1.0,Water,Water,Water,Water,No Change
1617.0,4,Mumbai,18.88541696533732,73.01340440995908,0,0,0,0,0,0.435858,1,0.435905,Water,Water,Water,Vegetation,Water Loss
1618.0,4,Mumbai,19.17530330752269,73.04969634743752,3,3,1,1,1,0.723121,0,0.530881,Vegetation,Vegetation,Vegetation,Water,Water Gain
1619.0,4,Mumbai,19.011540431227697,72.9060557335068,6,6,3,3,3,0.6604,3,0.524579,Built-up,Built-up,Built-up,Built-up,No Change
1620.0,4,Mumbai,19.2738484941906,72.85898401261893,6,6,3,3,3,0.685828,3,0.942875,Built-up,Built-up,Built-up,Built-up,No Change
1621.0,4,Mumbai,19.131375690129243,72.80203082360576,0,0,0,0,0,1.0,0,1.0,Water,Water,Water,Water,No Change
1622.0,4,Mumbai,18.883979660882726,72.80733088378207,0,0,0,0,0,1.0,0,1.0,Water,Water,Water,Water,No Change
1623.0,4,Mumbai,19.124997651611995,73.10332576989946,1,1,1,1,1,0.567469,1,0.606994,Vegetation,Vegetation,Vegetation,Vegetation,No Change
1624.0,4,Mumbai,19.006330202579807,72.7602591628942,0,0,0,0,0,1.0,0,1.0,Water,Water,Water,Water,No Change
1625.0,4,Mumbai,19.02070324712572,73.11329706955317,6,6,3,3,3,0.558636,3,0.746757,Built-up,Built-up,Built-up,Built-up,No Change
1626.0,4,Mumbai,19.00138946851715,72.95788852540049,0,0,0,0,0,1.0,0,1.0,Water,Water,Water,Water,No Change
1627.0,4,Mumbai,18.89197466691139,72.96345808016204,6,6,3,3,3,0.834251,3,0.914589,Built-up,Built-up,Built-up,Built-up,No Change
1628.0,4,Mumbai,19.121404390475515,72.76915248420698,0,0,0,0,0,1.0,0,1.0,Water,Water,Water,Water,No Change
1629.0,4,Mumbai,18.896825569445635,73.1390787182074,1,1,1,1,1,0.949126,1,0.796344,Vegetation,Vegetation,Vegetation,Vegetation,No Change
1630.0,4,Mumbai,18.97156540108438,72.88952673227901,0,0,0,0,0,0.999925,0,1.0,Water,Water,Water,Water,No Change
1631.0,4,Mumbai,18.852089468296484,72.82754297767475,0,0,0,0,0,1.0,0,1.0,Water,Water,Water,Water,No Change
1632.0,4,Mumbai,19.289928337776335,73.10566138963816,6,6,3,3,3,0.81106,3,0.78564,Built-up,Built-up,Built-up,Built-up,No Change
1633.0,4,Mumbai,18.88460848158161,72.85664839288023,0,0,0,0,0,1.0,0,1.0,Water,Water,Water,Water,No Change
1634.0,4,Mumbai,19.249144823877312,72.9511511607696,1,1,1,1,1,0.616519,1,0.596825,Vegetation,Vegetation,Vegetation,Vegetation,No Change
1635.0,4,Mumbai,19.26387719453687,72.87174008965344,6,6,3,3,3,0.956968,3,0.942436,Built-up,Built-up,Built-up,Built-up,No Change
1636.0,4,Mumbai,19.240520997149765,72.78936457809968,1,1,1,1,1,0.804484,1,0.712968,Vegetation,Vegetation,Vegetation,Vegetation,No Change
1637.0,4,Mumbai,19.01899644808589,73.04987601049434,0,6,0,3,0,0.771917,3,0.575616,Water,Built-up,Water,Built-up,Water Loss
1638.0,4,Mumbai,18.924314017139693,72.7956527850885,0,0,0,0,0,1.0,0,1.0,Water,Water,Water,Water,No Change
1639.0,4,Mumbai,19.233154811819983,73.10260711767215,0,0,0,0,0,1.0,0,0.993272,Water,Water,Water,Water,No Change
1640.0,4,Mumbai,19.215996989893306,73.04403696114755,1,6,1,3,1,0.780411,3,0.875876,Vegetation,Built-up,Vegetation,Built-up,Vegetation Loss
1641.0,4,Mumbai,19.055647711677967,73.0300232427153,6,6,3,3,3,0.743036,3,0.551495,Built-up,Built-up,Built-up,Built-up,No Change
1642.0,4,Mumbai,19.162637062016604,72.97342937981577,1,1,1,1,1,0.891133,1,0.763319,Vegetation,Vegetation,Vegetation,Vegetation,No Change
1643.0,4,Mumbai,19.15832514865283,72.90174382014303,1,1,1,1,1,0.911656,1,0.859481,Vegetation,Vegetation,Vegetation,Vegetation,No Change
1644.0,4,Mumbai,19.164074366471198,72.95070200312755,6,6,3,3,3,0.792722,3,0.76435,Built-up,Built-up,Built-up,Built-up,No Change
1645.0,4,Mumbai,19.16506251328373,72.86706885017601,1,1,1,1,1,0.975718,1,0.714614,Vegetation,Vegetation,Vegetation,Vegetation,No Change
1646.0,4,Mumbai,18.957102525010058,72.82951927129982,6,6,3,3,3,0.690339,3,0.934467,Built-up,Built-up,Built-up,Built-up,No Change
1647.0,4,Mumbai,19.14799452288545,72.916566022331,0,0,0,0,0,0.999855,0,1.0,Water,Water,Water,Water,No Change
1648.0,4,Mumbai,19.163176051187072,73.09883419347885,5,1,1,1,1,0.583084,1,0.69875,Vegetation,Vegetation,Vegetation,Vegetation,No Change
1649.0,4,Mumbai,19.16200824131772,73.0615541091879,5,6,1,3,1,0.573667,3,0.846488,Vegetation,Built-up,Vegetation,Built-up,Vegetation Loss
1650.0,4,Mumbai,18.966175509379664,72.9286034471382,5,1,1,1,1,0.580037,1,0.613907,Vegetation,Vegetation,Vegetation,Vegetation,No Change
1651.0,4,Mumbai,19.222914017581022,72.95923599832668,6,6,3,3,3,0.472499,3,0.639087,Built-up,Built-up,Built-up,Built-up,No Change
1652.0,4,Mumbai,19.01567268153465,73.12874809244003,5,1,1,1,2,0.579202,3,0.466856,Vegetation,Vegetation,Agriculture,Built-up,Urban Expansion
1653.0,4,Mumbai,19.047922200234535,72.91638635927417,6,6,3,3,3,0.933442,3,0.897861,Built-up,Built-up,Built-up,Built-up,No Change
1654.0,4,Mumbai,19.286514739696685,73.12838876632638,1,1,1,1,1,0.536938,1,0.653296,Vegetation,Vegetation,Vegetation,Vegetation,No Change
1655.0,4,Mumbai,19.082687001729965,72.9180033267856,6,6,3,3,3,0.636524,3,0.459319,Built-up,Built-up,Built-up,Built-up,No Change
1656.0,4,Mumbai,18.85487424567725,73.11680049916124,1,1,1,1,1,0.908575,1,0.786148,Vegetation,Vegetation,Vegetation,Vegetation,No Change
1657.0,4,Mumbai,18.96509753103872,72.7880171051735,0,0,0,0,0,0.999534,0,1.0,Water,Water,Water,Water,No Change
1658.0,4,Mumbai,19.10783982968531,73.0923663234332,5,5,1,1,1,0.886895,1,0.485995,Vegetation,Vegetation,Vegetation,Vegetation,No Change
1659.0,4,Mumbai,19.08421413771297,73.08967137758083,6,1,3,1,3,0.966069,1,0.674218,Built-up,Vegetation,Built-up,Vegetation,Vegetation Gain
1660.0,4,Mumbai,19.074781827229717,73.13054472300827,6,6,3,3,3,0.627441,3,0.560977,Built-up,Built-up,Built-up,Built-up,No Change
1661.0,4,Mumbai,19.207283331637345,72.96067330278127,6,6,3,3,3,0.788422,3,0.628016,Built-up,Built-up,Built-up,Built-up,No Change
1662.0,4,Mumbai,19.2430362799453,73.0481692114545,6,6,3,3,3,0.706501,3,0.963879,Built-up,Built-up,Built-up,Built-up,No Change
1663.0,4,Mumbai,19.01899644808589,72.80391728570241,0,0,0,0,0,1.0,0,1.0,Water,Water,Water,Water,No Change
1664.0,4,Mumbai,18.85990481126832,72.80068335067958,0,0,0,0,0,1.0,0,1.0,Water,Water,Water,Water,No Change
1665.0,4,Mumbai,19.15149795249352,72.7790339523323,0,0,0,0,0,0.999676,0,0.997625,Water,Water,Water,Water,No Change
1666.0,4,Mumbai,19.154103066817463,72.80337829653195,1,1,1,1,1,0.976787,1,0.794525,Vegetation,Vegetation,Vegetation,Vegetation,No Change
1667.0,4,Mumbai,19.204768048841807,73.1300057338378,5,6,1,3,1,0.725961,3,0.585812,Vegetation,Built-up,Vegetation,Built-up,Vegetation Loss
1668.0,4,Mumbai,18.88550679686573,72.87730964441498,0,0,0,0,0,1.0,0,1.0,Water,Water,Water,Water,No Change
1669.0,4,Mumbai,19.122392537288047,72.91387107647864,6,6,3,3,3,0.743486,3,0.758571,Built-up,Built-up,Built-up,Built-up,No Change
1670.0,4,Mumbai,19.21033760360335,72.89527595009737,1,1,1,1,1,0.970614,1,0.953285,Vegetation,Vegetation,Vegetation,Vegetation,No Change
1671.0,4,Mumbai,18.92009193530433,72.9940007998221,3,3,1,1,1,0.591904,1,0.764551,Vegetation,Vegetation,Vegetation,Vegetation,No Change
1672.0,4,Mumbai,19.113499215975263,73.14042619113359,1,1,1,1,1,0.716202,1,0.806126,Vegetation,Vegetation,Vegetation,Vegetation,No Change
1673.0,4,Mumbai,18.9394057139129,73.01753666026603,1,6,1,3,1,0.492186,3,0.806047,Vegetation,Built-up,Vegetation,Built-up,Vegetation Loss
1674.0,4,Mumbai,19.21276305487047,72.84452113654461,6,6,3,3,3,0.616178,3,0.683954,Built-up,Built-up,Built-up,Built-up,No Change
1675.0,4,Mumbai,18.996269071397663,72.7730152399287,0,0,0,0,0,1.0,0,1.0,Water,Water,Water,Water,No Change
1676.0,4,Mumbai,19.274656977946307,72.82197342291322,1,1,1,1,1,0.913963,1,0.961852,Vegetation,Vegetation,Vegetation,Vegetation,No Change
1677.0,4,Mumbai,19.207912152336228,72.77382372368442,0,0,0,0,0,0.996759,0,1.0,Water,Water,Water,Water,No Change
1678.0,4,Mumbai,19.2776214183839,72.83805326649896,1,1,1,1,1,0.58264,1,0.534425,Vegetation,Vegetation,Vegetation,Vegetation,No Change
1679.0,4,Mumbai,19.120955232833456,73.06721349547784,5,5,1,1,2,0.511399,2,0.468923,Vegetation,Vegetation,Agriculture,Agriculture,No Change
1680.0,4,Mumbai,18.876164317910888,73.04241999363614,5,3,1,1,1,0.465013,1,0.472528,Vegetation,Vegetation,Vegetation,Vegetation,No Change
1681.0,4,Mumbai,19.05555788014956,72.93102889840533,6,7,3,4,3,0.566115,4,0.986628,Built-up,Barren,Built-up,Barren,Other Change
1682.0,4,Mumbai,19.229112393041447,72.78163906665625,1,6,1,3,1,0.73078,3,0.476622,Vegetation,Built-up,Vegetation,Built-up,Vegetation Loss
1683.0,4,Mumbai,19.198839167966614,72.89581493926784,1,1,1,1,1,0.907821,1,0.957759,Vegetation,Vegetation,Vegetation,Vegetation,No Change
1684.0,4,Mumbai,19.256780503792328,72.76726602211033,0,0,0,0,0,1.0,0,1.0,Water,Water,Water,Water,No Change
1685.0,4,Mumbai,19.128051923578,72.90021668416003,0,0,0,0,0,0.999534,0,0.996776,Water,Water,Water,Water,No Change
1686.0,4,Mumbai,18.93006323495806,73.03047240035735,6,6,3,3,3,0.775744,3,0.868946,Built-up,Built-up,Built-up,Built-up,No Change
1687.0,4,Mumbai,19.01953543725636,72.81514622675391,0,0,0,0,0,0.999215,0,1.0,Water,Water,Water,Water,No Change
1688.0,4,Mumbai,19.15967262157901,72.92770513185408,6,6,3,3,3,0.682019,3,0.79225,Built-up,Built-up,Built-up,Built-up,No Change
1689.0,4,Mumbai,19.246629541081777,72.89761156983607,1,1,1,1,1,0.965786,1,0.96908,Vegetation,Vegetation,Vegetation,Vegetation,No Change
1690.0,4,Mumbai,19.258936460474214,73.04493527643169,6,6,3,3,3,0.840732,3,0.923814,Built-up,Built-up,Built-up,Built-up,No Change
1691.0,4,Mumbai,18.96976877051614,72.92060844110954,0,0,0,0,0,0.997425,0,1.0,Water,Water,Water,Water,No Change
1692.0,4,Mumbai,18.88065589433149,73.02310621502758,5,5,1,1,1,0.608507,1,0.580486,Vegetation,Vegetation,Vegetation,Vegetation,No Change
1693.0,4,Mumbai,19.240520997149765,72.94037137736017,1,1,1,1,1,0.859474,1,0.744865,Vegetation,Vegetation,Vegetation,Vegetation,No Change
1694.0,4,Mumbai,18.85963531668309,73.04996584202274,1,1,1,1,1,0.723344,1,0.773171,Vegetation,Vegetation,Vegetation,Vegetation,No Change
1695.0,4,Mumbai,18.944615942560795,72.75540826035996,0,0,0,0,0,1.0,0,1.0,Water,Water,Water,Water,No Change
1696.0,4,Mumbai,19.2039595650861,73.00657721379977,6,6,3,3,3,0.863612,3,0.70812,Built-up,Built-up,Built-up,Built-up,No Change
1697.0,4,Mumbai,19.24393459522942,72.89895904276226,1,1,1,1,1,0.896538,1,0.943074,Vegetation,Vegetation,Vegetation,Vegetation,No Change
1698.0,4,Mumbai,19.291006316117283,72.7993358777534,1,1,1,1,1,0.758041,1,0.863222,Vegetation,Vegetation,Vegetation,Vegetation,No Change
1699.0,4,Mumbai,18.9213495767021,72.86302643139747,0,0,0,0,0,1.0,0,1.0,Water,Water,Water,Water,No Change
1700.0,4,Mumbai,19.100743138940768,73.02490284559582,6,6,3,3,3,0.788606,3,0.886866,Built-up,Built-up,Built-up,Built-up,No Change
1701.0,4,Mumbai,19.156169191970942,72.98654478296392,3,1,1,1,1,0.700651,1,0.570609,Vegetation,Vegetation,Vegetation,Vegetation,No Change
1702.0,4,Mumbai,19.24105998632024,72.90973882617169,1,1,1,1,1,0.974469,1,0.954726,Vegetation,Vegetation,Vegetation,Vegetation,No Change
1703.0,4,Mumbai,18.87212189913235,73.07143557731321,1,1,1,1,1,0.796794,1,0.93274,Vegetation,Vegetation,Vegetation,Vegetation,No Change
1704.0,4,Mumbai,19.117631466282216,72.8888080800517,6,6,3,3,3,0.879213,3,0.965414,Built-up,Built-up,Built-up,Built-up,No Change
1705.0,4,Mumbai,18.991058842749773,72.9413595241727,0,0,0,0,0,0.999925,0,1.0,Water,Water,Water,Water,No Change
1706.0,4,Mumbai,19.10523471536137,73.03173004175513,0,6,0,3,0,0.95739,1,0.593378,Water,Built-up,Water,Vegetation,Water Loss
1707.0,4,Mumbai,19.228393740814152,72.79448497521916,3,0,1,0,1,0.903125,0,0.682534,Vegetation,Water,Vegetation,Water,Water Gain
1708.0,4,Mumbai,18.967343319249014,73.1157225208203,0,3,0,1,0,0.825973,1,0.609773,Water,Vegetation,Water,Vegetation,Water Loss
1709.0,4,Mumbai,19.28076552187832,73.03406566149384,5,6,1,3,1,0.770398,3,0.604273,Vegetation,Built-up,Vegetation,Built-up,Vegetation Loss
1710.0,4,Mumbai,18.96159410143065,73.08994087216607,1,1,1,1,1,0.95632,1,0.936791,Vegetation,Vegetation,Vegetation,Vegetation,No Change
1711.0,4,Mumbai,19.15374374070382,72.82314123278258,3,5,1,1,1,0.701441,1,0.943258,Vegetation,Vegetation,Vegetation,Vegetation,No Change
1712.0,4,Mumbai,19.23072936055286,73.0097213172942,1,1,1,1,1,0.83575,1,0.716281,Vegetation,Vegetation,Vegetation,Vegetation,No Change
1713.0,4,Mumbai,18.946861730771094,72.98726343519121,3,3,1,1,1,0.810298,1,0.639146,Vegetation,Vegetation,Vegetation,Vegetation,No Change
1714.0,4,Mumbai,19.219320756444542,73.01924345930586,1,0,1,0,1,0.694424,0,0.909797,Vegetation,Water,Vegetation,Water,Water Gain
1715.0,4,Mumbai,18.994741935414662,72.93866457832034,0,0,0,0,0,0.999925,0,1.0,Water,Water,Water,Water,No Change
1716.0,4,Mumbai,19.180603367698996,73.00091782750982,6,6,3,3,3,0.891327,3,0.912858,Built-up,Built-up,Built-up,Built-up,No Change
1717.0,4,Mumbai,19.066517326615813,73.04834887451133,5,1,1,1,1,0.827425,1,0.794122,Vegetation,Vegetation,Vegetation,Vegetation,No Change
1718.0,4,Mumbai,19.044508602154885,72.99759406095858,0,0,0,0,0,1.0,0,0.874011,Water,Water,Water,Water,No Change
1719.0,4,Mumbai,19.1205060751914,72.86401457821,6,6,3,3,3,0.63064,3,0.919381,Built-up,Built-up,Built-up,Built-up,No Change
1720.0,4,Mumbai,18.952341454004223,72.90641505962046,0,0,0,0,0,0.994623,0,0.998991,Water,Water,Water,Water,No Change
1721.0,4,Mumbai,19.16398453494278,73.14563641978148,4,4,2,2,2,0.813154,2,0.788268,Agriculture,Agriculture,Agriculture,Agriculture,No Change
1722.0,4,Mumbai,19.248785497763663,72.83499899453295,0,0,0,0,0,0.997399,0,0.911035,Water,Water,Water,Water,No Change
1723.0,4,Mumbai,18.99213682109072,72.97091409702023,0,0,0,0,0,1.0,0,1.0,Water,Water,Water,Water,No Change
1724.0,4,Mumbai,19.090232850116568,73.05149297800575,5,5,1,1,1,0.671568,2,0.482972,Vegetation,Vegetation,Vegetation,Agriculture,Agriculture Gain
1725.0,4,Mumbai,19.13892153851585,72.87614183454562,6,6,3,3,3,0.745446,3,0.914587,Built-up,Built-up,Built-up,Built-up,No Change
1726.0,4,Mumbai,19.027530443285027,72.79466463827598,0,0,0,0,0,1.0,0,1.0,Water,Water,Water,Water,No Change
1727.0,4,Mumbai,18.97345186318103,73.11150043898493,6,6,3,3,3,0.798801,3,0.862273,Built-up,Built-up,Built-up,Built-up,No Change
1728.0,4,Mumbai,19.03552544931369,73.00639755074295,1,1,1,1,1,0.948468,1,0.783332,Vegetation,Vegetation,Vegetation,Vegetation,No Change
1729.0,4,Mumbai,19.02438633979061,72.95842751457097,0,0,0,0,0,1.0,0,1.0,Water,Water,Water,Water,No Change
1730.0,4,Mumbai,18.963570395055715,72.75298280909284,0,0,0,0,0,1.0,0,1.0,Water,Water,Water,Water,No Change
1731.0,4,Mumbai,19.1934492762619,72.91414057106388,0,0,0,0,0,1.0,0,0.999994,Water,Water,Water,Water,No Change
1732.0,4,Mumbai,18.962582248243184,72.91773383220035,0,0,0,0,0,0.997094,0,0.999823,Water,Water,Water,Water,No Change
1733.0,4,Mumbai,19.05106630372896,72.77535085966741,0,0,0,0,0,1.0,0,1.0,Water,Water,Water,Water,No Change
1734.0,4,Mumbai,18.853436941222665,72.90165398861461,0,0,0,0,0,0.998166,0,1.0,Water,Water,Water,Water,No Change
1735.0,4,Mumbai,19.224081827450377,72.76978130490588,0,0,0,0,0,0.999569,0,1.0,Water,Water,Water,Water,No Change
1736.0,4,Mumbai,19.28067569034991,73.14779237646337,6,6,3,3,3,0.617872,3,0.675917,Built-up,Built-up,Built-up,Built-up,No Change
1737.0,4,Mumbai,18.94488543714603,72.99741439790176,3,3,1,1,1,0.688038,1,0.730755,Vegetation,Vegetation,Vegetation,Vegetation,No Change
1738.0,4,Mumbai,19.181591514511524,73.13180236440604,5,6,1,3,3,0.729216,3,0.819497,Vegetation,Built-up,Built-up,Built-up,No Change
1739.0,4,Mumbai,19.167398133022434,72.87290789952279,4,6,2,3,3,0.657441,3,0.814078,Agriculture,Built-up,Built-up,Built-up,No Change
1740.0,4,Mumbai,19.107570335100075,72.8738062148069,6,6,3,3,3,0.597675,3,0.792167,Built-up,Built-up,Built-up,Built-up,No Change
1741.0,4,Mumbai,18.898083210843403,72.89527595009737,0,0,0,0,0,0.999925,0,1.0,Water,Water,Water,Water,No Change
1742.0,4,Mumbai,19.267290792616528,72.75927101608167,0,0,0,0,0,0.999925,0,1.0,Water,Water,Water,Water,No Change
1743.0,4,Mumbai,18.8800270736326,72.89536578162578,0,0,0,0,0,0.999925,0,1.0,Water,Water,Water,Water,No Change
1744.0,4,Mumbai,19.23108868666651,73.12156157016707,6,6,3,3,3,0.661999,3,0.762943,Built-up,Built-up,Built-up,Built-up,No Change
1745.0,4,Mumbai,18.89080685704204,72.92096776722319,1,1,1,1,1,0.933066,1,0.867569,Vegetation,Vegetation,Vegetation,Vegetation,No Change
1746.0,4,Mumbai,19.057444342246207,73.05957781556283,2,2,1,1,1,0.754684,1,0.770383,Vegetation,Vegetation,Vegetation,Vegetation,No Change
1747.0,4,Mumbai,19.167487964550848,72.97576499955447,6,5,3,1,3,0.620857,1,0.554732,Built-up,Vegetation,Built-up,Vegetation,Vegetation Gain
1748.0,4,Mumbai,19.070649576922765,72.9909465278561,6,6,3,3,3,0.644584,3,0.515607,Built-up,Built-up,Built-up,Built-up,No Change
1749.0,4,Mumbai,19.216176652950125,72.93048990923485,1,1,1,1,1,0.956319,1,0.925281,Vegetation,Vegetation,Vegetation,Vegetation,No Change
1750.0,4,Mumbai,19.073075028189887,73.12892775549686,0,6,0,3,0,0.681574,3,0.859901,Water,Built-up,Water,Built-up,Water Loss
1751.0,4,Mumbai,18.943627795748263,72.86724851323284,0,0,0,0,0,1.0,0,1.0,Water,Water,Water,Water,No Change
1752.0,4,Mumbai,18.94120234448114,72.97872943999207,3,1,1,1,1,0.574658,1,0.734217,Vegetation,Vegetation,Vegetation,Vegetation,No Change
1753.0,4,Mumbai,18.862689588649094,72.78990356727014,0,0,0,0,0,1.0,0,1.0,Water,Water,Water,Water,No Change
1754.0,4,Mumbai,19.075769974042245,72.83850242414101,6,6,3,3,3,0.809973,3,0.811716,Built-up,Built-up,Built-up,Built-up,No Change
1755.0,4,Mumbai,19.11799079239586,73.11401572178048,5,5,1,1,1,0.730289,1,0.823417,Vegetation,Vegetation,Vegetation,Vegetation,No Change
1756.0,4,Mumbai,18.98324349977793,72.95761903081527,0,0,0,0,0,0.999925,0,1.0,Water,Water,Water,Water,No Change
1757.0,4,Mumbai,19.19910866255185,72.98789225589009,0,0,0,0,0,0.63893,0,0.655334,Water,Water,Water,Water,No Change
1758.0,4,Mumbai,19.066607158144222,72.88027408485257,6,6,3,3,3,0.902839,3,0.904949,Built-up,Built-up,Built-up,Built-up,No Change
1759.0,4,Mumbai,18.89143567774092,72.82745314614634,0,0,0,0,0,1.0,0,1.0,Water,Water,Water,Water,No Change
1760.0,4,Mumbai,19.00615053952298,72.95950549291192,0,0,0,0,0,0.999066,0,1.0,Water,Water,Water,Water,No Change
1761.0,4,Mumbai,18.94021419766861,72.78990356727014,0,0,0,0,0,1.0,0,1.0,Water,Water,Water,Water,No Change
1762.0,4,Mumbai,19.028788084682795,72.97307005370212,0,0,0,0,0,0.999925,0,1.0,Water,Water,Water,Water,No Change
1763.0,4,Mumbai,18.96833146606155,72.81613437356644,6,6,3,3,3,0.980471,3,0.980216,Built-up,Built-up,Built-up,Built-up,No Change
1764.0,4,Mumbai,18.891705172326155,73.04259965669297,5,5,1,1,1,0.843803,1,0.852908,Vegetation,Vegetation,Vegetation,Vegetation,No Change
1765.0,4,Mumbai,19.22057839784231,72.87650116065927,1,1,1,1,1,0.759643,1,0.73128,Vegetation,Vegetation,Vegetation,Vegetation,No Change
1766.0,4,Mumbai,18.920181766832744,72.9142304025923,0,0,0,0,0,0.999925,0,1.0,Water,Water,Water,Water,No Change
1767.0,4,Mumbai,18.984860467289348,72.84452113654461,6,6,3,3,3,0.730438,3,0.834688,Built-up,Built-up,Built-up,Built-up,No Change
1768.0,4,Mumbai,19.290826653060456,73.0413420152952,6,6,3,3,3,0.719607,3,0.760547,Built-up,Built-up,Built-up,Built-up,No Change
1769.0,4,Mumbai,19.03301016651816,73.09101885050701,3,3,1,1,1,0.589267,1,0.627962,Vegetation,Vegetation,Vegetation,Vegetation,No Change
1770.0,4,Mumbai,19.145658903146742,72.83805326649896,6,6,3,3,3,0.809616,3,0.610433,Built-up,Built-up,Built-up,Built-up,No Change
1771.0,4,Mumbai,19.174674486823804,72.88180122083557,6,6,3,3,3,0.906322,3,0.773215,Built-up,Built-up,Built-up,Built-up,No Change
1772.0,4,Mumbai,19.106133030645484,73.0375690911019,1,1,1,1,1,0.583652,1,0.682467,Vegetation,Vegetation,Vegetation,Vegetation,No Change
1773.0,4,Mumbai,18.924763174781752,73.04152167835203,6,6,3,3,3,0.487125,3,0.431562,Built-up,Built-up,Built-up,Built-up,No Change
1774.0,4,Mumbai,19.145209745504683,73.0413420152952,6,6,3,3,3,0.806045,3,0.607445,Built-up,Built-up,Built-up,Built-up,No Change
1775.0,4,Mumbai,19.08241750714473,72.86329592598271,6,6,3,3,3,0.798047,3,0.794218,Built-up,Built-up,Built-up,Built-up,No Change
1776.0,4,Mumbai,19.15778615948236,73.02283672044234,1,1,1,1,2,0.44077,2,0.43467,Vegetation,Vegetation,Agriculture,Agriculture,No Change
1777.0,4,Mumbai,18.94263964893573,72.97037510784976,3,1,1,1,1,0.585423,1,0.761857,Vegetation,Vegetation,Vegetation,Vegetation,No Change
1778.0,4,Mumbai,18.901317145866237,73.05814051110823,5,5,1,1,1,0.672779,1,0.811492,Vegetation,Vegetation,Vegetation,Vegetation,No Change
1779.0,4,Mumbai,18.926559805349992,72.8436228212605,0,0,0,0,0,1.0,0,1.0,Water,Water,Water,Water,No Change
1780.0,4,Mumbai,18.96330090047048,72.89347931952913,0,0,0,0,0,0.999925,0,1.0,Water,Water,Water,Water,No Change
1781.0,4,Mumbai,19.09768886697476,73.14078551724724,5,5,1,1,1,0.787141,1,0.798803,Vegetation,Vegetation,Vegetation,Vegetation,No Change
1782.0,4,Mumbai,18.924673343253342,73.060925288489,1,1,1,1,1,0.85405,1,0.848709,Vegetation,Vegetation,Vegetation,Vegetation,No Change
1783.0,4,Mumbai,18.97659596667545,73.11976493959884,1,6,1,3,1,0.654984,3,0.705477,Vegetation,Built-up,Vegetation,Built-up,Vegetation Loss
1784.0,4,Mumbai,19.12814175510641,72.859433170261,6,6,3,3,3,0.674747,3,0.827243,Built-up,Built-up,Built-up,Built-up,No Change
1785.0,4,Mumbai,19.23504127391664,72.97046493937818,1,1,1,1,1,0.873174,1,0.809824,Vegetation,Vegetation,Vegetation,Vegetation,No Change
1786.0,4,Mumbai,19.11493652042985,72.75450994507584,0,0,0,0,0,1.0,0,1.0,Water,Water,Water,Water,No Change
1787.0,4,Mumbai,19.28444861454321,72.97280055911688,3,3,1,1,1,0.499366,1,0.571717,Vegetation,Vegetation,Vegetation,Vegetation,No Change
1788.0,4,Mumbai,18.898532368485466,73.14249231628706,1,1,1,1,1,0.836235,1,0.895949,Vegetation,Vegetation,Vegetation,Vegetation,No Change
1789.0,4,Mumbai,19.279238385895315,72.94854604644566,1,1,1,1,1,0.933737,1,0.818868,Vegetation,Vegetation,Vegetation,Vegetation,No Change
1790.0,4,Mumbai,19.00049115323303,72.97028527632135,0,0,0,0,0,1.0,0,1.0,Water,Water,Water,Water,No Change
1791.0,4,Mumbai,18.865474366029865,72.76987113643429,0,0,0,0,0,1.0,0,1.0,Water,Water,Water,Water,No Change
1792.0,4,Mumbai,19.260373764928808,72.77597968036629,0,0,0,0,0,1.0,0,1.0,Water,Water,Water,Water,No Change
1793.0,4,Mumbai,18.991418168863422,73.00558906698724,0,0,0,0,0,0.999925,0,1.0,Water,Water,Water,Water,No Change
1794.0,4,Mumbai,19.296126713236763,73.02732829686293,1,6,1,3,1,0.946398,3,0.757453,Vegetation,Built-up,Vegetation,Built-up,Vegetation Loss
1795.0,4,Mumbai,18.96851112911837,72.83499899453295,6,6,3,3,3,0.907379,3,0.896676,Built-up,Built-up,Built-up,Built-up,No Change
1796.0,4,Mumbai,18.97012809662979,73.06002697320488,1,0,1,0,1,0.682429,0,0.909767,Vegetation,Water,Vegetation,Water,Water Gain
1797.0,4,Mumbai,18.935902284304834,73.01924345930586,6,6,3,3,3,0.95507,3,0.667676,Built-up,Built-up,Built-up,Built-up,No Change
1798.0,4,Mumbai,19.13999951685679,72.87838762275592,1,1,1,1,1,0.618283,1,0.588807,Vegetation,Vegetation,Vegetation,Vegetation,No Change
1799.0,4,Mumbai,19.128051923578,72.95950549291192,1,1,1,1,1,0.94363,1,0.814514,Vegetation,Vegetation,Vegetation,Vegetation,No Change
1800.0,4,Mumbai,19.28310114161703,73.12281921156485,0,0,0,0,0,0.753206,0,0.814946,Water,Water,Water,Water,No Change
1801.0,4,Mumbai,18.864216724632097,72.89446746634167,0,0,0,0,0,0.999925,0,1.0,Water,Water,Water,Water,No Change
1802.0,4,Mumbai,19.271872200565536,72.76241511957609,0,0,0,0,0,0.999601,0,1.0,Water,Water,Water,Water,No Change
1803.0,4,Mumbai,18.94946684509504,73.02121975293092,7,1,4,1,4,0.982604,1,0.476252,Barren,Vegetation,Barren,Vegetation,Other Change
1804.0,4,Mumbai,19.147006376072923,73.14401945227006,1,1,1,1,1,0.656471,1,0.568961,Vegetation,Vegetation,Vegetation,Vegetation,No Change
1805.0,4,Mumbai,19.24240745924641,73.00603822462931,5,6,1,3,1,0.747276,3,0.926523,Vegetation,Built-up,Vegetation,Built-up,Vegetation Loss
1806.0,4,Mumbai,18.99303513637484,73.12874809244003,0,0,0,0,0,0.933723,0,0.90619,Water,Water,Water,Water,No Change
1807.0,4,Mumbai,19.27726209227025,72.8256565155781,0,0,0,0,0,0.644555,0,0.453378,Water,Water,Water,Water,No Change
1808.0,4,Mumbai,19.21438002238189,73.08077805626804,6,6,3,3,3,0.843471,3,0.97296,Built-up,Built-up,Built-up,Built-up,No Change
1809.0,4,Mumbai,18.951892296362164,73.12425651601943,5,5,1,1,1,0.656115,1,0.818691,Vegetation,Vegetation,Vegetation,Vegetation,No Change
1810.0,4,Mumbai,19.012798072625465,72.9714530861907,0,0,0,0,0,1.0,0,1.0,Water,Water,Water,Water,No Change
1811.0,4,Mumbai,18.85559289790455,72.77732715329248,0,0,0,0,0,1.0,0,1.0,Water,Water,Water,Water,No Change
1812.0,4,Mumbai,19.225788626490203,72.81218178631632,0,0,0,0,0,1.0,0,1.0,Water,Water,Water,Water,No Change
1813.0,4,Mumbai,19.0671461473147,72.87542318231833,6,6,3,3,3,0.938983,3,0.972885,Built-up,Built-up,Built-up,Built-up,No Change
1814.0,4,Mumbai,18.87355920358694,73.0773644581884,1,1,1,1,1,0.92922,1,0.949914,Vegetation,Vegetation,Vegetation,Vegetation,No Change
1815.0,4,Mumbai,19.03732207988193,72.78397468639496,0,0,0,0,0,1.0,0,1.0,Water,Water,Water,Water,No Change
1816.0,4,Mumbai,19.172967687783977,72.93992221971811,6,6,3,3,3,0.909147,3,0.599874,Built-up,Built-up,Built-up,Built-up,No Change
1817.0,4,Mumbai,19.087358241207387,73.04080302612473,1,1,1,1,1,0.942128,1,0.791729,Vegetation,Vegetation,Vegetation,Vegetation,No Change
1818.0,4,Mumbai,18.998964017250024,72.76564905459892,0,0,0,0,0,1.0,0,1.0,Water,Water,Water,Water,No Change
1819.0,4,Mumbai,18.96878062370361,72.77535085966741,0,0,0,0,0,1.0,0,1.0,Water,Water,Water,Water,No Change
1820.0,4,Mumbai,19.223902164393557,73.13350916344586,6,6,3,3,3,0.95258,3,0.94158,Built-up,Built-up,Built-up,Built-up,No Change
1821.0,4,Mumbai,19.2776214183839,72.89842005359179,1,1,1,1,1,0.97445,1,0.932744,Vegetation,Vegetation,Vegetation,Vegetation,No Change
1822.0,4,Mumbai,18.915959684997382,72.9007556733305,0,0,0,0,0,0.999925,0,1.0,Water,Water,Water,Water,No Change
1823.0,4,Mumbai,19.230190371382392,73.03020290577211,6,6,3,3,3,0.787331,3,0.83522,Built-up,Built-up,Built-up,Built-up,No Change
1824.0,4,Mumbai,19.14134698978297,72.76888298962174,0,0,0,0,0,0.998176,0,1.0,Water,Water,Water,Water,No Change
1825.0,4,Mumbai,18.88191353572925,73.08994087216607,1,1,1,1,1,0.808524,1,0.910174,Vegetation,Vegetation,Vegetation,Vegetation,No Change
1826.0,4,Mumbai,19.268997591656355,72.76672703293987,0,0,0,0,0,0.998944,0,1.0,Water,Water,Water,Water,No Change
1827.0,4,Mumbai,19.032650840404507,73.02589099240835,6,6,3,3,3,0.516538,3,0.623541,Built-up,Built-up,Built-up,Built-up,No Change
1828.0,4,Mumbai,19.17575246516475,73.00693653991343,6,1,3,1,3,0.462046,1,0.594449,Built-up,Vegetation,Built-up,Vegetation,Vegetation Gain
1829.0,4,Mumbai,19.173686340011272,72.90192348319985,1,1,1,1,1,0.912279,1,0.864667,Vegetation,Vegetation,Vegetation,Vegetation,No Change
1830.0,4,Mumbai,18.9146122120712,73.00558906698724,7,1,4,1,4,0.99015,1,0.63357,Barren,Vegetation,Barren,Vegetation,Other Change
1831.0,4,Mumbai,19.134699456680487,72.79888672011134,0,0,0,0,0,0.99995,0,1.0,Water,Water,Water,Water,No Change
1832.0,4,Mumbai,18.913893559843903,73.05167264106258,5,6,1,3,1,0.732726,3,0.809452,Vegetation,Built-up,Vegetation,Built-up,Vegetation Loss
1833.0,4,Mumbai,18.92188856587257,73.10781734632005,1,1,1,1,1,0.908742,1,0.877536,Vegetation,Vegetation,Vegetation,Vegetation,No Change
1834.0,4,Mumbai,18.8845186500532,72.85134833270392,0,0,0,0,0,0.999925,0,1.0,Water,Water,Water,Water,No Change
1835.0,4,Mumbai,19.135597771964605,72.87829779122751,1,5,1,1,1,0.855953,1,0.792159,Vegetation,Vegetation,Vegetation,Vegetation,No Change
1836.0,4,Mumbai,18.85882683292738,72.93668828469528,1,1,1,1,1,0.84133,1,0.816685,Vegetation,Vegetation,Vegetation,Vegetation,No Change
1837.0,4,Mumbai,19.206115521767988,72.75918118455326,0,0,0,0,0,0.997185,0,1.0,Water,Water,Water,Water,No Change
1838.0,4,Mumbai,19.21231389722841,73.05589472289793,5,5,1,1,1,0.726619,1,0.656852,Vegetation,Vegetation,Vegetation,Vegetation,No Change
1839.0,4,Mumbai,19.01621167070512,73.01214676856132,6,6,3,3,3,0.901101,3,0.981747,Built-up,Built-up,Built-up,Built-up,No Change
1840.0,4,Mumbai,19.14224530506709,73.14707372423607,5,1,1,1,1,0.740721,1,0.744056,Vegetation,Vegetation,Vegetation,Vegetation,No Change
1841.0,4,Mumbai,19.22749542553003,73.0939832909446,6,6,3,3,3,0.702647,3,0.536006,Built-up,Built-up,Built-up,Built-up,No Change
1842.0,4,Mumbai,19.076578457797957,73.06415922351184,1,1,1,1,1,0.94107,1,0.920879,Vegetation,Vegetation,Vegetation,Vegetation,No Change
1843.0,4,Mumbai,19.039567868092227,72.91378124495023,1,1,1,1,1,0.805132,1,0.840581,Vegetation,Vegetation,Vegetation,Vegetation,No Change
1844.0,4,Mumbai,19.07136822915006,72.92878311019503,4,7,2,4,2,0.744745,4,0.986007,Agriculture,Barren,Agriculture,Barren,Agriculture Loss
1845.0,4,Mumbai,19.11942809685045,73.03244869398242,1,1,1,1,1,0.814128,1,0.747798,Vegetation,Vegetation,Vegetation,Vegetation,No Change
1846.0,4,Mumbai,18.925302163952225,72.85368395244264,0,0,0,0,0,1.0,0,1.0,Water,Water,Water,Water,No Change
1847.0,4,Mumbai,18.99779620738067,72.82673449391905,6,6,3,3,3,0.818248,3,0.78612,Built-up,Built-up,Built-up,Built-up,No Change
1848.0,4,Mumbai,19.29370126196964,73.14123467488929,1,5,1,1,1,0.685589,1,0.6922,Vegetation,Vegetation,Vegetation,Vegetation,No Change
1849.0,4,Mumbai,19.107121177458016,72.89734207525085,6,6,3,3,3,0.561038,3,0.720556,Built-up,Built-up,Built-up,Built-up,No Change
1850.0,4,Mumbai,18.919283451548623,73.01214676856132,7,7,4,4,4,0.981514,4,0.984857,Barren,Barren,Barren,Barren,No Change
1851.0,4,Mumbai,19.04935950468913,72.82502769487922,6,6,3,3,3,0.774056,3,0.718794,Built-up,Built-up,Built-up,Built-up,No Change
1852.0,4,Mumbai,18.92332587032716,73.0015466482087,3,3,1,1,1,0.677179,1,0.73186,Vegetation,Vegetation,Vegetation,Vegetation,No Change
1853.0,4,Mumbai,18.98818423384059,72.87021295367043,0,0,0,0,0,1.0,0,1.0,Water,Water,Water,Water,No Change
1854.0,4,Mumbai,19.00974380065946,72.83113623881124,6,6,3,3,3,0.83701,3,0.83245,Built-up,Built-up,Built-up,Built-up,No Change
1855.0,4,Mumbai,19.26387719453687,73.03056223188577,6,6,3,3,3,0.601324,3,0.936749,Built-up,Built-up,Built-up,Built-up,No Change
1856.0,4,Mumbai,19.017199817517653,72.82161409679956,6,4,3,2,3,0.779836,2,0.662774,Built-up,Agriculture,Built-up,Agriculture,Other Change
1857.0,4,Mumbai,19.17961522088646,72.90866084783075,1,1,1,1,1,0.884605,1,0.811021,Vegetation,Vegetation,Vegetation,Vegetation,No Change
1858.0,4,Mumbai,19.28166383716244,72.82996842894188,5,5,1,1,1,0.788552,1,0.720825,Vegetation,Vegetation,Vegetation,Vegetation,No Change
1859.0,4,Mumbai,19.26235005855387,73.00334327877695,1,1,1,1,1,0.842925,1,0.812326,Vegetation,Vegetation,Vegetation,Vegetation,No Change
1860.0,4,Mumbai,19.10218044339536,72.87452486703421,7,6,4,3,4,0.987699,3,0.854385,Barren,Built-up,Barren,Built-up,Urban Expansion
1861.0,4,Mumbai,19.23845487199629,72.95914616679826,1,1,1,1,1,0.969181,1,0.978954,Vegetation,Vegetation,Vegetation,Vegetation,No Change
1862.0,4,Mumbai,19.165870997039438,72.87766897052863,6,6,3,3,3,0.769642,3,0.561177,Built-up,Built-up,Built-up,Built-up,No Change
1863.0,4,Mumbai,19.10819915579896,73.14285164240071,1,1,1,1,1,0.598557,1,0.755033,Vegetation,Vegetation,Vegetation,Vegetation,No Change
1864.0,4,Mumbai,19.274926472531543,73.14213299017341,6,6,3,3,3,0.55811,3,0.950279,Built-up,Built-up,Built-up,Built-up,No Change
1865.0,4,Mumbai,19.175662633636332,72.79295783923615,0,0,0,0,0,1.0,0,0.999534,Water,Water,Water,Water,No Change
1866.0,4,Mumbai,18.897364558616108,73.13836006598011,1,1,1,1,1,0.935771,1,0.769181,Vegetation,Vegetation,Vegetation,Vegetation,No Change
1867.0,4,Mumbai,18.900957819752584,73.04376746656233,3,1,1,1,3,0.639278,3,0.369451,Vegetation,Vegetation,Built-up,Built-up,No Change
1868.0,4,Mumbai,19.165870997039438,73.0465522439431,6,6,3,3,3,0.7758,3,0.903031,Built-up,Built-up,Built-up,Built-up,No Change
1869.0,4,Mumbai,19.20952911984764,72.9924736638391,6,6,3,3,3,0.708265,3,0.914803,Built-up,Built-up,Built-up,Built-up,No Change
1870.0,4,Mumbai,19.18635258551736,73.1255141574172,5,5,1,1,1,0.841907,1,0.781949,Vegetation,Vegetation,Vegetation,Vegetation,No Change
1871.0,4,Mumbai,19.17413549765333,73.12425651601943,5,5,1,1,1,0.804006,1,0.579377,Vegetation,Vegetation,Vegetation,Vegetation,No Change
1872.0,4,Mumbai,19.204318891199748,72.80993599810601,3,1,1,1,1,0.747818,1,0.70138,Vegetation,Vegetation,Vegetation,Vegetation,No Change
1873.0,4,Mumbai,19.27456714641789,72.99355164218004,1,3,1,1,1,0.740692,0,0.490667,Vegetation,Vegetation,Vegetation,Water,Water Gain
1874.0,4,Mumbai,18.87194223607553,72.77049995713317,0,0,0,0,0,1.0,0,1.0,Water,Water,Water,Water,No Change
1875.0,4,Mumbai,18.90796467896872,73.115003868593,1,1,1,1,1,0.89922,1,0.918656,Vegetation,Vegetation,Vegetation,Vegetation,No Change
1876.0,4,Mumbai,19.02267954075078,72.83454983689089,6,6,3,3,3,0.727489,3,0.632369,Built-up,Built-up,Built-up,Built-up,No Change
1877.0,4,Mumbai,18.90401209171859,72.99768389248699,5,5,1,1,1,0.458409,1,0.452364,Vegetation,Vegetation,Vegetation,Vegetation,No Change
1878.0,4,Mumbai,18.88703393284873,72.79376632299186,0,0,0,0,0,1.0,0,1.0,Water,Water,Water,Water,No Change
1879.0,4,Mumbai,19.09885667684412,73.04987601049434,1,1,1,1,1,0.733468,1,0.866129,Vegetation,Vegetation,Vegetation,Vegetation,No Change
1880.0,4,Mumbai,19.108917808026256,72.8804537479094,6,6,3,3,3,0.749302,3,0.849931,Built-up,Built-up,Built-up,Built-up,No Change
1881.0,4,Mumbai,19.24258712230324,72.99427029440734,6,6,3,3,3,0.713966,3,0.902347,Built-up,Built-up,Built-up,Built-up,No Change
1882.0,4,Mumbai,19.27295017890648,72.96435639544616,6,6,3,3,3,0.516106,1,0.447901,Built-up,Built-up,Built-up,Vegetation,Vegetation Gain
1883.0,4,Mumbai,19.05717484766097,73.08859339923988,3,0,1,0,0,0.549967,0,0.936027,Vegetation,Water,Water,Water,No Change
1884.0,4,Mumbai,19.1070313459296,72.99669574567446,6,6,3,3,3,0.665522,3,0.619749,Built-up,Built-up,Built-up,Built-up,No Change
1885.0,4,Mumbai,18.95575505208388,72.91755416914353,0,0,0,0,0,0.999925,0,1.0,Water,Water,Water,Water,No Change
1886.0,4,Mumbai,18.87391852970059,73.0081941813112,5,5,1,1,1,0.680147,1,0.792351,Vegetation,Vegetation,Vegetation,Vegetation,No Change
1887.0,4,Mumbai,18.879308421405305,73.03694027040302,5,1,1,1,1,0.545835,1,0.732193,Vegetation,Vegetation,Vegetation,Vegetation,No Change
1888.0,4,Mumbai,19.0829564963152,73.1105122921724,6,6,3,3,3,0.885737,3,0.964511,Built-up,Built-up,Built-up,Built-up,No Change
1889.0,4,Mumbai,19.038579721279696,73.04682173852834,1,1,1,1,2,0.389665,2,0.451348,Vegetation,Vegetation,Agriculture,Agriculture,No Change
1890.0,4,Mumbai,19.28265198397497,72.96148178653698,1,1,1,1,1,0.82561,1,0.516137,Vegetation,Vegetation,Vegetation,Vegetation,No Change
1891.0,4,Mumbai,18.99393345165896,72.75468960813267,0,0,0,0,0,1.0,0,1.0,Water,Water,Water,Water,No Change
1892.0,4,Mumbai,19.193718770847138,72.99750422943016,6,6,3,3,3,0.659891,3,0.753271,Built-up,Built-up,Built-up,Built-up,No Change
1893.0,4,Mumbai,18.92422418561128,72.93498148565546,0,0,0,0,0,1.0,0,1.0,Water,Water,Water,Water,No Change
1894.0,4,Mumbai,18.931680202469472,73.03990471084062,4,0,2,0,2,0.658655,0,0.723327,Agriculture,Water,Agriculture,Water,Water Gain
1895.0,4,Mumbai,19.032471177347684,73.05400826080128,5,5,1,1,1,0.697675,1,0.519353,Vegetation,Vegetation,Vegetation,Vegetation,No Change
1896.0,4,Mumbai,18.90895282578125,73.07251355565415,1,1,1,1,1,0.963789,1,0.902455,Vegetation,Vegetation,Vegetation,Vegetation,No Change
1897.0,4,Mumbai,18.96150426990224,72.77067962019,0,0,0,0,0,1.0,0,1.0,Water,Water,Water,Water,No Change
1898.0,4,Mumbai,18.85047250078507,72.99112619091292,3,3,1,1,1,0.736586,1,0.828936,Vegetation,Vegetation,Vegetation,Vegetation,No Change
1899.0,4,Mumbai,19.124458662441523,72.75558792341678,0,0,0,0,0,1.0,0,1.0,Water,Water,Water,Water,No Change
1900.0,4,Mumbai,19.21689530517742,73.14374995768483,6,6,3,3,3,0.922368,3,0.971646,Built-up,Built-up,Built-up,Built-up,No Change
1901.0,4,Mumbai,19.002108120744445,72.99678557720287,0,0,0,0,0,0.999415,0,0.993691,Water,Water,Water,Water,No Change
1902.0,4,Mumbai,19.23288531723475,73.0961392476265,1,1,1,1,1,0.931747,1,0.717885,Vegetation,Vegetation,Vegetation,Vegetation,No Change
1903.0,4,Mumbai,19.23872436658153,72.78460350709385,1,1,1,1,1,0.649036,1,0.786212,Vegetation,Vegetation,Vegetation,Vegetation,No Change
1904.0,4,Mumbai,19.05852232058715,72.94692907893425,1,1,1,1,1,0.96213,1,0.926868,Vegetation,Vegetation,Vegetation,Vegetation,No Change
1905.0,4,Mumbai,19.268099276372237,73.07601698526221,6,6,3,3,3,0.685225,3,0.825921,Built-up,Built-up,Built-up,Built-up,No Change
1906.0,4,Mumbai,19.133890972924775,72.80445627487289,0,0,0,0,0,1.0,0,1.0,Water,Water,Water,Water,No Change
1907.0,4,Mumbai,19.150419974152577,72.9255491751722,5,6,1,3,1,0.828351,3,0.851885,Vegetation,Built-up,Vegetation,Built-up,Vegetation Loss
1908.0,4,Mumbai,19.20952911984764,72.95725970470161,6,6,3,3,3,0.955366,3,0.959478,Built-up,Built-up,Built-up,Built-up,No Change
1909.0,4,Mumbai,19.14224530506709,73.01232643161813,6,6,3,3,3,0.841813,3,0.937649,Built-up,Built-up,Built-up,Built-up,No Change
1910.0,4,Mumbai,18.958988987106707,72.81855982483356,6,6,3,3,3,0.68609,3,0.7095,Built-up,Built-up,Built-up,Built-up,No Change
1911.0,4,Mumbai,19.279148554366905,72.94809688880359,1,1,1,1,1,0.766238,1,0.895775,Vegetation,Vegetation,Vegetation,Vegetation,No Change
1912.0,4,Mumbai,18.962043259072715,73.13710242458234,1,6,1,3,1,0.720887,3,0.627218,Vegetation,Built-up,Vegetation,Built-up,Vegetation Loss
1913.0,4,Mumbai,19.047652705649305,72.9984923762427,0,1,0,1,0,0.862077,1,0.744566,Water,Vegetation,Water,Vegetation,Water Loss
1914.0,4,Mumbai,19.028788084682795,72.84371265278891,6,6,3,3,3,0.941372,3,0.946287,Built-up,Built-up,Built-up,Built-up,No Change
1915.0,4,Mumbai,19.16155908367566,72.96830898269629,1,1,1,1,1,0.875121,1,0.818444,Vegetation,Vegetation,Vegetation,Vegetation,No Change
1916.0,4,Mumbai,19.021960888523484,72.9623801018211,0,0,0,0,0,0.999925,0,1.0,Water,Water,Water,Water,No Change
1917.0,4,Mumbai,19.109546628725138,72.82978876588506,6,6,3,3,3,0.812772,3,0.741777,Built-up,Built-up,Built-up,Built-up,No Change
1918.0,4,Mumbai,18.995370756113548,72.99831271318588,0,0,0,0,0,0.998355,0,0.999847,Water,Water,Water,Water,No Change
1919.0,4,Mumbai,19.107929661213724,72.81523605828232,0,0,0,0,0,1.0,0,1.0,Water,Water,Water,Water,No Change
1920.0,4,Mumbai,19.25920595505945,73.14985850161683,4,1,2,1,2,0.58248,1,0.701294,Agriculture,Vegetation,Agriculture,Vegetation,Vegetation Gain
1921.0,4,Mumbai,19.1137687105605,72.97639382025336,0,0,0,0,0,0.997081,0,0.933155,Water,Water,Water,Water,No Change
1922.0,4,Mumbai,19.213032549455708,72.82134460221432,6,6,3,3,3,0.620305,3,0.545452,Built-up,Built-up,Built-up,Built-up,No Change
1923.0,4,Mumbai,19.115745004185563,72.97010561326452,0,0,0,0,0,0.995365,0,1.0,Water,Water,Water,Water,No Change
1924.0,4,Mumbai,19.004353908954744,72.80068335067958,0,0,0,0,0,1.0,0,1.0,Water,Water,Water,Water,No Change
1925.0,4,Mumbai,18.891345846212506,72.77490170202535,0,0,0,0,0,1.0,0,1.0,Water,Water,Water,Water,No Change
1926.0,4,Mumbai,19.00004199559097,72.84901271296522,6,6,3,3,3,0.791019,3,0.906654,Built-up,Built-up,Built-up,Built-up,No Change
1927.0,4,Mumbai,19.23665824142805,72.9075828694898,1,1,1,1,1,0.98572,1,0.981636,Vegetation,Vegetation,Vegetation,Vegetation,No Change
1928.0,4,Mumbai,18.996269071397663,72.88808942782441,0,0,0,0,0,0.902793,0,0.763871,Water,Water,Water,Water,No Change
1929.0,4,Mumbai,19.162457398959777,73.10359526448468,5,5,1,1,1,0.709481,1,0.642706,Vegetation,Vegetation,Vegetation,Vegetation,No Change
1930.0,4,Mumbai,19.165691333982608,72.77732715329248,0,0,0,0,0,1.0,0,1.0,Water,Water,Water,Water,No Change
1931.0,4,Mumbai,18.871493078433467,72.94549177447965,1,5,1,1,1,0.542568,1,0.753059,Vegetation,Vegetation,Vegetation,Vegetation,No Change
1932.0,4,Mumbai,19.07550047945701,73.0540980923297,1,5,1,1,1,0.858049,1,0.752399,Vegetation,Vegetation,Vegetation,Vegetation,No Change
1933.0,4,Mumbai,19.215727495308062,73.06308124517089,5,5,1,1,1,0.657388,1,0.668538,Vegetation,Vegetation,Vegetation,Vegetation,No Change
1934.0,4,Mumbai,19.04127466713205,72.75091668393937,0,0,0,0,0,1.0,0,1.0,Water,Water,Water,Water,No Change
1935.0,4,Mumbai,19.22695643635956,72.78217805582672,1,6,1,3,1,0.847554,1,0.468049,Vegetation,Built-up,Vegetation,Vegetation,No Change
1936.0,4,Mumbai,19.28624524511145,72.98187354348649,0,0,0,0,0,0.993089,0,0.998099,Water,Water,Water,Water,No Change
1937.0,4,Mumbai,18.914522380542792,72.96534454225869,1,1,1,1,1,0.735611,1,0.7153,Vegetation,Vegetation,Vegetation,Vegetation,No Change
1938.0,4,Mumbai,19.004982729653623,72.94010188277493,0,0,0,0,0,0.999925,0,1.0,Water,Water,Water,Water,No Change
1939.0,4,Mumbai,18.89511877040581,73.03056223188577,4,3,2,1,3,0.503841,1,0.402295,Agriculture,Vegetation,Built-up,Vegetation,Vegetation Gain
1940.0,4,Mumbai,18.92925475120235,73.05391842927287,5,1,1,1,3,0.610998,2,0.445363,Vegetation,Vegetation,Built-up,Agriculture,Other Change
1941.0,4,Mumbai,19.194078096960787,72.85125850117551,1,1,1,1,1,0.761258,1,0.731038,Vegetation,Vegetation,Vegetation,Vegetation,No Change
1942.0,4,Mumbai,19.052323945126727,72.90964899464328,6,6,3,3,3,0.823784,3,0.943643,Built-up,Built-up,Built-up,Built-up,No Change
1943.0,4,Mumbai,19.00731834939234,72.88907757463694,1,1,1,1,1,0.722651,1,0.798509,Vegetation,Vegetation,Vegetation,Vegetation,No Change
1944.0,4,Mumbai,18.88640511214985,72.79421548063392,0,0,0,0,0,1.0,0,1.0,Water,Water,Water,Water,No Change
1945.0,4,Mumbai,18.89080685704204,73.05832017416506,5,7,1,4,1,0.437375,4,0.985344,Vegetation,Barren,Vegetation,Barren,Vegetation Loss
1946.0,4,Mumbai,19.22003940867184,72.9518698129969,1,1,1,1,1,0.781621,1,0.849559,Vegetation,Vegetation,Vegetation,Vegetation,No Change
1947.0,4,Mumbai,19.03516612320004,72.90434893446698,6,6,3,3,3,0.922751,3,0.936696,Built-up,Built-up,Built-up,Built-up,No Change
1948.0,4,Mumbai,19.117631466282216,73.0015466482087,0,0,0,0,0,0.943114,0,0.933025,Water,Water,Water,Water,No Change
1949.0,4,Mumbai,19.11233140610591,73.12578365200244,6,6,3,3,3,0.753722,3,0.782057,Built-up,Built-up,Built-up,Built-up,No Change
1950.0,4,Mumbai,18.950275328850747,72.77508136508217,0,0,0,0,0,1.0,0,1.0,Water,Water,Water,Water,No Change
1951.0,4,Mumbai,19.161289589090423,72.86733834476125,6,6,3,3,3,0.586766,3,0.889832,Built-up,Built-up,Built-up,Built-up,No Change
1952.0,4,Mumbai,18.97659596667545,73.14069568571882,6,6,3,3,1,0.437311,3,0.511353,Built-up,Built-up,Vegetation,Built-up,Vegetation Loss
1953.0,4,Mumbai,18.97390102082309,72.81685302579373,6,6,3,3,3,0.730062,3,0.909829,Built-up,Built-up,Built-up,Built-up,No Change
1954.0,4,Mumbai,19.15446239293112,72.78693912683255,6,6,3,3,3,0.575108,3,0.733995,Built-up,Built-up,Built-up,Built-up,No Change
1955.0,4,Mumbai,18.921708902815748,72.91773383220035,0,0,0,0,0,0.999925,0,1.0,Water,Water,Water,Water,No Change
1956.0,4,Mumbai,18.85235896288172,72.76340326638862,0,0,0,0,0,1.0,0,1.0,Water,Water,Water,Water,No Change
1957.0,4,Mumbai,19.271782369037123,72.82880061907252,0,0,0,0,0,0.932652,0,0.954719,Water,Water,Water,Water,No Change
1958.0,4,Mumbai,18.85864716987056,73.116531004576,1,1,1,1,1,0.76839,1,0.798613,Vegetation,Vegetation,Vegetation,Vegetation,No Change
1959.0,4,Mumbai,18.98135703768128,72.92662715351314,0,0,0,0,0,0.999925,0,1.0,Water,Water,Water,Water,No Change
1960.0,4,Mumbai,19.11367887903209,72.95411560120719,1,1,1,1,1,0.973707,1,0.906546,Vegetation,Vegetation,Vegetation,Vegetation,No Change
1961.0,4,Mumbai,18.86763032271175,73.01699767109557,3,3,1,1,1,0.47088,1,0.660313,Vegetation,Vegetation,Vegetation,Vegetation,No Change
1962.0,4,Mumbai,19.092478638326867,73.06110495154583,1,1,1,1,1,0.902418,1,0.818939,Vegetation,Vegetation,Vegetation,Vegetation,No Change
1963.0,4,Mumbai,19.234592116274577,72.94306632321252,6,6,3,3,3,0.561549,3,0.652024,Built-up,Built-up,Built-up,Built-up,No Change
1964.0,4,Mumbai,18.922427555043043,72.96794965658263,6,6,3,3,3,0.602586,3,0.865577,Built-up,Built-up,Built-up,Built-up,No Change
1965.0,4,Mumbai,19.20988844596129,72.89096403673359,1,1,1,1,1,0.491313,1,0.508958,Vegetation,Vegetation,Vegetation,Vegetation,No Change
1966.0,4,Mumbai,19.0859209367528,72.81559538439596,0,0,0,0,0,1.0,0,1.0,Water,Water,Water,Water,No Change
1967.0,4,Mumbai,19.17395583459651,72.84514995724349,6,6,3,3,3,0.855896,3,0.882245,Built-up,Built-up,Built-up,Built-up,No Change
1968.0,4,Mumbai,18.865923523671924,72.81334959618567,0,0,0,0,0,0.998674,0,1.0,Water,Water,Water,Water,No Change
1969.0,4,Mumbai,19.14287412576597,73.13844989750852,4,1,2,1,2,0.6535,1,0.830563,Agriculture,Vegetation,Agriculture,Vegetation,Vegetation Gain
1970.0,4,Mumbai,18.89466961276375,72.83769394038531,0,0,0,0,0,1.0,0,1.0,Water,Water,Water,Water,No Change
1971.0,4,Mumbai,18.91398339137232,72.76466090778639,0,0,0,0,0,1.0,0,0.999344,Water,Water,Water,Water,No Change
1972.0,4,Mumbai,19.11799079239586,72.96552420531552,0,1,0,1,0,0.969288,1,0.800311,Water,Vegetation,Water,Vegetation,Water Loss
1973.0,4,Mumbai,19.19605439058585,73.03047240035735,0,0,0,0,0,0.971795,0,0.917299,Water,Water,Water,Water,No Change
1974.0,4,Mumbai,19.188598373727658,72.77220675617299,0,0,0,0,0,1.0,0,1.0,Water,Water,Water,Water,No Change
1975.0,4,Mumbai,18.9747095045788,73.09209682884796,5,5,1,1,1,0.567058,1,0.511843,Vegetation,Vegetation,Vegetation,Vegetation,No Change
1976.0,4,Mumbai,19.084034474656143,72.86230777917018,6,6,3,3,3,0.560218,3,0.834826,Built-up,Built-up,Built-up,Built-up,No Change
1977.0,4,Mumbai,18.899879841411643,73.01618918733986,0,3,0,1,0,0.764092,1,0.727158,Water,Vegetation,Water,Vegetation,Water Loss
1978.0,4,Mumbai,19.103258421736303,73.03101138952783,5,5,1,1,1,0.512944,1,0.588068,Vegetation,Vegetation,Vegetation,Vegetation,No Change
1979.0,4,Mumbai,19.296575870878826,73.00963148576578,5,5,1,1,1,0.782006,1,0.437962,Vegetation,Vegetation,Vegetation,Vegetation,No Change
1980.0,4,Mumbai,18.968960286760435,72.9008455048589,0,0,0,0,0,0.999925,0,0.999925,Water,Water,Water,Water,No Change
1981.0,4,Mumbai,19.159133632408537,73.13359899497428,5,5,1,1,1,0.420596,1,0.609234,Vegetation,Vegetation,Vegetation,Vegetation,No Change
1982.0,4,Mumbai,19.12571630383929,72.87811812817068,5,6,1,3,1,0.924296,3,0.793667,Vegetation,Built-up,Vegetation,Built-up,Vegetation Loss
1983.0,4,Mumbai,18.850652163841893,73.12560398894561,5,5,1,1,1,0.751239,1,0.70039,Vegetation,Vegetation,Vegetation,Vegetation,No Change
1984.0,4,Mumbai,19.175662633636332,73.08023906709758,5,4,1,2,1,0.781683,2,0.478788,Vegetation,Agriculture,Vegetation,Agriculture,Agriculture Gain
1985.0,4,Mumbai,19.021871056995074,72.94414430155346,1,1,1,1,1,0.974677,1,0.867974,Vegetation,Vegetation,Vegetation,Vegetation,No Change
1986.0,4,Mumbai,19.273578999605363,72.8632060944543,6,6,3,3,3,0.723717,3,0.869949,Built-up,Built-up,Built-up,Built-up,No Change
1987.0,4,Mumbai,19.286963897338744,73.02831644367546,6,6,3,3,3,0.590662,3,0.836155,Built-up,Built-up,Built-up,Built-up,No Change
1988.0,4,Mumbai,19.04702388495042,72.7902628933838,0,0,0,0,0,1.0,0,1.0,Water,Water,Water,Water,No Change
1989.0,4,Mumbai,19.01198958886976,73.09254598649001,6,6,3,3,3,0.892441,3,0.626602,Built-up,Built-up,Built-up,Built-up,No Change
1990.0,4,Mumbai,18.93051239260012,73.01807564943651,6,6,3,3,3,0.805933,3,0.95419,Built-up,Built-up,Built-up,Built-up,No Change
1991.0,4,Mumbai,19.14143682131138,72.93704761080893,6,6,3,3,3,0.950428,3,0.948113,Built-up,Built-up,Built-up,Built-up,No Change
1992.0,4,Mumbai,18.99869452266479,72.97199207536117,0,0,0,0,0,0.999676,0,1.0,Water,Water,Water,Water,No Change
1993.0,4,Mumbai,19.000221658647792,72.83571764676024,6,6,3,3,3,0.927167,3,0.94029,Built-up,Built-up,Built-up,Built-up,No Change
1994.0,4,Mumbai,19.20952911984764,72.96040380819603,6,6,3,3,3,0.824219,3,0.950963,Built-up,Built-up,Built-up,Built-up,No Change
1995.0,4,Mumbai,19.075590310985422,72.79744941565676,0,0,0,0,0,1.0,0,1.0,Water,Water,Water,Water,No Change
1996.0,4,Mumbai,18.889369552587443,72.81352925924249,0,0,0,0,0,0.998961,0,1.0,Water,Water,Water,Water,No Change
1997.0,4,Mumbai,18.970217928158203,72.85027035436298,7,7,4,4,3,0.813402,3,0.943933,Barren,Barren,Built-up,Built-up,No Change
1998.0,4,Mumbai,18.944975268674444,73.12416668449102,4,5,2,1,2,0.692183,1,0.567078,Agriculture,Vegetation,Agriculture,Vegetation,Vegetation Gain
1999.0,4,Mumbai,18.88344067171225,72.99364147370845,5,1,1,1,1,0.453611,1,0.798574,Vegetation,Vegetation,Vegetation,Vegetation,No Change
2000.0,5,Ahmedabad,22.99377208572954,72.37056999264315,4,4,2,2,1,0.398659,3,0.330909,Agriculture,Agriculture,Vegetation,Built-up,Vegetation Loss
2001.0,5,Ahmedabad,23.09204777781221,72.6077252276507,4,3,2,1,2,0.451816,0,0.662801,Agriculture,Vegetation,Agriculture,Water,Water Gain
2002.0,5,Ahmedabad,22.958198800478403,72.74256235179705,4,6,2,3,2,0.708996,3,0.557054,Agriculture,Built-up,Agriculture,Built-up,Urban Expansion
2003.0,5,Ahmedabad,23.08737653833479,72.68228539623263,6,6,3,3,3,0.442438,3,0.77952,Built-up,Built-up,Built-up,Built-up,No Change
2004.0,5,Ahmedabad,23.114236165329967,72.45644893380498,4,6,2,3,2,0.834616,3,0.784794,Agriculture,Built-up,Agriculture,Built-up,Urban Expansion
2005.0,5,Ahmedabad,22.915438992954314,72.38602101553,4,4,2,2,2,0.545796,1,0.580886,Agriculture,Agriculture,Agriculture,Vegetation,Vegetation Gain
2006.0,5,Ahmedabad,23.156007826041524,72.69944321815932,6,6,3,3,3,0.972645,3,0.994123,Built-up,Built-up,Built-up,Built-up,No Change
2007.0,5,Ahmedabad,22.93960367409713,72.3678750467908,4,4,2,2,2,0.924323,2,0.606367,Agriculture,Agriculture,Agriculture,Agriculture,No Change
2008.0,5,Ahmedabad,22.90735415539724,72.54008208675651,4,4,2,2,2,0.845264,2,0.842506,Agriculture,Agriculture,Agriculture,Agriculture,No Change
2009.0,5,Ahmedabad,23.11567346978456,72.38718882539936,4,5,2,1,1,0.459669,2,0.524995,Agriculture,Vegetation,Vegetation,Agriculture,Agriculture Gain
2010.0,5,Ahmedabad,23.06473899317498,72.6918973697727,6,6,3,3,3,0.847473,3,0.806122,Built-up,Built-up,Built-up,Built-up,No Change
2011.0,5,Ahmedabad,22.94984446833609,72.50486812761902,4,6,2,3,2,0.875256,3,0.952319,Agriculture,Built-up,Agriculture,Built-up,Urban Expansion
2012.0,5,Ahmedabad,22.9100491012496,72.39114141264949,4,1,2,1,2,0.806838,1,0.814591,Agriculture,Vegetation,Agriculture,Vegetation,Vegetation Gain
2013.0,5,Ahmedabad,22.92909338527293,72.63566283298682,4,4,2,2,3,0.641051,2,0.669079,Agriculture,Agriculture,Built-up,Agriculture,Other Change
2014.0,5,Ahmedabad,23.077045912567417,72.59919123245157,0,0,0,0,0,0.997769,0,0.998818,Water,Water,Water,Water,No Change
2015.0,5,Ahmedabad,23.09546137589187,72.4144976100366,6,6,3,3,3,0.6166,3,0.624549,Built-up,Built-up,Built-up,Built-up,No Change
2016.0,5,Ahmedabad,23.075249281999177,72.44944207458884,4,6,2,3,2,0.804101,3,0.727066,Agriculture,Built-up,Agriculture,Built-up,Urban Expansion
2017.0,5,Ahmedabad,23.11037340960825,72.57098413253021,6,6,3,3,3,0.708686,3,0.946358,Built-up,Built-up,Built-up,Built-up,No Change
2018.0,5,Ahmedabad,22.93843586422777,72.59173521559339,4,6,2,3,2,0.743576,3,0.913082,Agriculture,Built-up,Agriculture,Built-up,Urban Expansion
2019.0,5,Ahmedabad,22.91238472098831,72.42141463772433,4,6,2,3,2,0.743156,3,0.952706,Agriculture,Built-up,Agriculture,Built-up,Urban Expansion
2020.0,5,Ahmedabad,23.18673020875841,72.664049595965,4,6,2,3,1,0.721972,2,0.549268,Agriculture,Built-up,Vegetation,Agriculture,Agriculture Gain
2021.0,5,Ahmedabad,22.906096513999472,72.46597107581665,4,4,2,2,1,0.838571,1,0.645237,Agriculture,Agriculture,Vegetation,Vegetation,No Change
2022.0,5,Ahmedabad,23.114325996858376,72.64805958390768,0,0,0,0,0,0.937328,0,0.99407,Water,Water,Water,Water,No Change
2023.0,5,Ahmedabad,23.14163478149561,72.65973768260123,6,6,3,3,3,0.458076,3,0.654955,Built-up,Built-up,Built-up,Built-up,No Change
2024.0,5,Ahmedabad,23.09824615327264,72.63835777883918,4,6,2,3,2,0.857424,3,0.614965,Agriculture,Built-up,Agriculture,Built-up,Urban Expansion
2025.0,5,Ahmedabad,22.983621123018988,72.62075079927044,6,6,3,3,3,0.982246,3,0.975038,Built-up,Built-up,Built-up,Built-up,No Change
2026.0,5,Ahmedabad,23.166338451808898,72.5377464670178,6,6,3,3,3,0.488769,3,0.46348,Built-up,Built-up,Built-up,Built-up,No Change
2027.0,5,Ahmedabad,23.10588183318765,72.62829664765705,6,6,3,3,3,0.877601,3,0.865713,Built-up,Built-up,Built-up,Built-up,No Change
2028.0,5,Ahmedabad,23.134088933109005,72.3573647579666,4,4,2,2,2,0.553344,2,0.412794,Agriculture,Agriculture,Agriculture,Agriculture,No Change
2029.0,5,Ahmedabad,23.17118935434314,72.47737967992497,4,4,2,2,2,0.907985,2,0.836228,Agriculture,Agriculture,Agriculture,Agriculture,No Change
2030.0,5,Ahmedabad,23.01326552739493,72.58472835637725,6,6,3,3,3,0.931357,3,0.877026,Built-up,Built-up,Built-up,Built-up,No Change
2031.0,5,Ahmedabad,23.19589302465643,72.7076178872448,4,4,2,2,2,0.725575,2,0.824149,Agriculture,Agriculture,Agriculture,Agriculture,No Change
2032.0,5,Ahmedabad,23.11396667074473,72.65416812783968,5,5,1,1,1,0.561065,1,0.961202,Vegetation,Vegetation,Vegetation,Vegetation,No Change
2033.0,5,Ahmedabad,23.18403526290605,72.44495049816825,4,4,2,2,2,0.787211,2,0.789942,Agriculture,Agriculture,Agriculture,Agriculture,No Change
2034.0,5,Ahmedabad,23.175141941593267,72.69046006531812,4,4,2,2,2,0.738825,2,0.920644,Agriculture,Agriculture,Agriculture,Agriculture,No Change
2035.0,5,Ahmedabad,23.131843144898703,72.5197801613354,4,4,2,2,2,0.839322,2,0.781145,Agriculture,Agriculture,Agriculture,Agriculture,No Change
2036.0,5,Ahmedabad,22.956402169910167,72.66836150932878,4,4,2,2,2,0.514895,2,0.717083,Agriculture,Agriculture,Agriculture,Agriculture,No Change
2037.0,5,Ahmedabad,23.13651438437613,72.37182763404093,6,6,3,3,3,0.797937,3,0.808636,Built-up,Built-up,Built-up,Built-up,No Change
2038.0,5,Ahmedabad,23.113427681574255,72.63826794731077,1,4,1,2,1,0.553377,2,0.662322,Vegetation,Agriculture,Vegetation,Agriculture,Agriculture Gain
2039.0,5,Ahmedabad,23.191221785179007,72.6271288377877,6,6,3,3,3,0.666625,3,0.441036,Built-up,Built-up,Built-up,Built-up,No Change
2040.0,5,Ahmedabad,23.07497978741394,72.352873181546,4,4,2,2,1,0.626762,3,0.764908,Agriculture,Agriculture,Vegetation,Built-up,Vegetation Loss
2041.0,5,Ahmedabad,23.09052064182921,72.72118244803501,4,4,2,2,2,0.890216,2,0.817197,Agriculture,Agriculture,Agriculture,Agriculture,No Change
2042.0,5,Ahmedabad,23.065367813873863,72.51187498683515,6,6,3,3,3,0.959631,3,0.94018,Built-up,Built-up,Built-up,Built-up,No Change
2043.0,5,Ahmedabad,22.945712218029144,72.55337715296147,6,6,3,3,3,0.946515,3,0.531988,Built-up,Built-up,Built-up,Built-up,No Change
2044.0,5,Ahmedabad,23.061235563566918,72.66611572111847,6,6,3,3,2,0.553784,2,0.602789,Built-up,Built-up,Agriculture,Agriculture,No Change
2045.0,5,Ahmedabad,22.929362879858168,72.54062107592698,6,6,3,3,3,0.758378,3,0.904705,Built-up,Built-up,Built-up,Built-up,No Change
2046.0,5,Ahmedabad,22.99044831917829,72.60871337446324,6,6,3,3,3,0.863235,3,0.873925,Built-up,Built-up,Built-up,Built-up,No Change
2047.0,5,Ahmedabad,23.19095229059377,72.73932841677421,4,4,2,2,3,0.381437,2,0.494088,Agriculture,Agriculture,Built-up,Agriculture,Other Change
2048.0,5,Ahmedabad,22.96808026860372,72.6167083804919,6,6,3,3,3,0.888784,3,0.984326,Built-up,Built-up,Built-up,Built-up,No Change
2049.0,5,Ahmedabad,23.03042334932161,72.43965043799194,6,6,3,3,3,0.546305,3,0.556388,Built-up,Built-up,Built-up,Built-up,No Change
2050.0,5,Ahmedabad,23.02188935412248,72.36302414425656,6,6,3,3,3,0.869015,3,0.865707,Built-up,Built-up,Built-up,Built-up,No Change
2051.0,5,Ahmedabad,22.925949281778514,72.49274087128342,4,4,2,2,2,0.624103,2,0.794568,Agriculture,Agriculture,Agriculture,Agriculture,No Change
2052.0,5,Ahmedabad,23.183675936792405,72.6001793792641,6,6,3,3,3,0.776268,2,0.506395,Built-up,Built-up,Built-up,Agriculture,Other Change
2053.0,5,Ahmedabad,23.190143806838066,72.68336337457357,4,4,2,2,2,0.815999,2,0.803883,Agriculture,Agriculture,Agriculture,Agriculture,No Change
2054.0,5,Ahmedabad,23.132022807955533,72.74121487887086,4,4,2,2,2,0.873753,2,0.872678,Agriculture,Agriculture,Agriculture,Agriculture,No Change
2055.0,5,Ahmedabad,23.04515571998117,72.64320868137344,6,6,3,3,3,0.979693,3,0.902392,Built-up,Built-up,Built-up,Built-up,No Change
2056.0,5,Ahmedabad,23.16049940246212,72.45950320577099,5,4,1,2,1,0.690928,2,0.821488,Vegetation,Agriculture,Vegetation,Agriculture,Agriculture Gain
2057.0,5,Ahmedabad,23.08962232654509,72.35826307325071,4,4,2,2,2,0.897446,2,0.791992,Agriculture,Agriculture,Agriculture,Agriculture,No Change
2058.0,5,Ahmedabad,22.994939895598893,72.45168786279915,1,1,1,1,1,0.686399,1,0.698452,Vegetation,Vegetation,Vegetation,Vegetation,No Change
2059.0,5,Ahmedabad,23.15546883687105,72.51870218299446,6,6,3,3,3,0.602049,3,0.566638,Built-up,Built-up,Built-up,Built-up,No Change
2060.0,5,Ahmedabad,23.015241821019995,72.5753858774224,0,0,0,0,0,0.993633,0,0.999224,Water,Water,Water,Water,No Change
2061.0,5,Ahmedabad,22.94885632152356,72.68722613029529,6,6,3,3,3,0.786378,3,0.832146,Built-up,Built-up,Built-up,Built-up,No Change
2062.0,5,Ahmedabad,23.177657224388803,72.44584881345237,6,6,3,3,3,0.631165,3,0.727857,Built-up,Built-up,Built-up,Built-up,No Change
2063.0,5,Ahmedabad,22.98883135166688,72.61284562477019,6,6,3,3,3,0.93872,3,0.95086,Built-up,Built-up,Built-up,Built-up,No Change
2064.0,5,Ahmedabad,23.02736907735561,72.61868467411696,6,6,3,3,3,0.87692,3,0.91821,Built-up,Built-up,Built-up,Built-up,No Change
2065.0,5,Ahmedabad,22.963678523711533,72.70950434934146,6,6,3,3,3,0.565156,3,0.585156,Built-up,Built-up,Built-up,Built-up,No Change
2066.0,5,Ahmedabad,23.151426418092512,72.67770398828362,0,1,0,1,3,0.447132,3,0.454915,Water,Vegetation,Built-up,Built-up,No Change
2067.0,5,Ahmedabad,23.01092990765622,72.7294469486489,6,6,3,3,3,0.789828,3,0.944913,Built-up,Built-up,Built-up,Built-up,No Change
2068.0,5,Ahmedabad,23.11540397519932,72.45375398795262,4,6,2,3,2,0.819122,3,0.748447,Agriculture,Built-up,Agriculture,Built-up,Urban Expansion
2069.0,5,Ahmedabad,22.981554997865512,72.42482823580397,4,6,2,3,2,0.809873,3,0.685578,Agriculture,Built-up,Agriculture,Built-up,Urban Expansion
2070.0,5,Ahmedabad,23.02350632163389,72.72450621458624,4,4,2,2,2,0.878666,2,0.823935,Agriculture,Agriculture,Agriculture,Agriculture,No Change
2071.0,5,Ahmedabad,23.10004278384088,72.56550440929709,6,7,3,4,3,0.570701,4,0.987737,Built-up,Barren,Built-up,Barren,Other Change
2072.0,5,Ahmedabad,23.126093927080344,72.55490428894448,1,4,1,2,1,0.682845,2,0.830764,Vegetation,Agriculture,Vegetation,Agriculture,Agriculture Gain
2073.0,5,Ahmedabad,23.19355740491772,72.61904400023062,4,6,2,3,2,0.810711,3,0.418306,Agriculture,Built-up,Agriculture,Built-up,Urban Expansion
2074.0,5,Ahmedabad,22.95209025654639,72.52292426482983,4,4,2,2,2,0.623953,2,0.741967,Agriculture,Agriculture,Agriculture,Agriculture,No Change
2075.0,5,Ahmedabad,22.90115577993681,72.48169159328874,4,4,2,2,1,0.708126,1,0.424486,Agriculture,Agriculture,Vegetation,Vegetation,No Change
2076.0,5,Ahmedabad,23.00212641787185,72.40389748968398,4,4,2,2,2,0.899743,2,0.735493,Agriculture,Agriculture,Agriculture,Agriculture,No Change
2077.0,5,Ahmedabad,23.088274853618916,72.6595580195444,6,6,3,3,3,0.826656,3,0.866764,Built-up,Built-up,Built-up,Built-up,No Change
2078.0,5,Ahmedabad,23.08881384278938,72.5964064550708,6,6,3,3,3,0.810009,3,0.747284,Built-up,Built-up,Built-up,Built-up,No Change
2079.0,5,Ahmedabad,22.97733291603015,72.68866343474988,4,6,2,3,2,0.885389,3,0.498243,Agriculture,Built-up,Agriculture,Built-up,Urban Expansion
2080.0,5,Ahmedabad,22.9265781024774,72.49813076298813,4,4,2,2,2,0.588498,2,0.511941,Agriculture,Agriculture,Agriculture,Agriculture,No Change
2081.0,5,Ahmedabad,23.140736466211493,72.5805961060703,4,4,2,2,2,0.671429,2,0.857618,Agriculture,Agriculture,Agriculture,Agriculture,No Change
2082.0,5,Ahmedabad,23.055755840333784,72.53729730937575,6,6,3,3,3,0.636515,3,0.717415,Built-up,Built-up,Built-up,Built-up,No Change
2083.0,5,Ahmedabad,23.075518776584413,72.66306144915247,6,6,3,3,3,0.815227,3,0.882734,Built-up,Built-up,Built-up,Built-up,No Change
2084.0,5,Ahmedabad,23.049647296401773,72.54026174981334,6,6,3,3,3,0.976698,3,0.980619,Built-up,Built-up,Built-up,Built-up,No Change
2085.0,5,Ahmedabad,23.10156991982388,72.74049622664357,4,1,2,1,2,0.644018,1,0.861837,Agriculture,Vegetation,Agriculture,Vegetation,Vegetation Gain
2086.0,5,Ahmedabad,23.18825734474141,72.74534712917782,4,4,2,2,2,0.735896,2,0.784627,Agriculture,Agriculture,Agriculture,Agriculture,No Change
2087.0,5,Ahmedabad,23.042281111071997,72.49471716490848,6,6,3,3,3,0.784687,3,0.801462,Built-up,Built-up,Built-up,Built-up,No Change
2088.0,5,Ahmedabad,22.939873168682368,72.6556952638227,4,4,2,2,2,0.525072,2,0.671744,Agriculture,Agriculture,Agriculture,Agriculture,No Change
2089.0,5,Ahmedabad,22.952359751131628,72.62164911455456,6,6,3,3,3,0.952456,3,0.817533,Built-up,Built-up,Built-up,Built-up,No Change
2090.0,5,Ahmedabad,22.901515106050464,72.71875699676788,4,4,2,2,2,0.879069,2,0.664816,Agriculture,Agriculture,Agriculture,Agriculture,No Change
2091.0,5,Ahmedabad,23.10660048541495,72.5009155403689,4,6,2,3,2,0.632058,3,0.872131,Agriculture,Built-up,Agriculture,Built-up,Urban Expansion
2092.0,5,Ahmedabad,22.91292371015878,72.74543696070623,4,6,2,3,2,0.788902,3,0.627809,Agriculture,Built-up,Agriculture,Built-up,Urban Expansion
2093.0,5,Ahmedabad,23.148102651541272,72.38422438496177,4,4,2,2,2,0.778038,2,0.825017,Agriculture,Agriculture,Agriculture,Agriculture,No Change
2094.0,5,Ahmedabad,23.1618468753883,72.59649628659922,4,4,2,2,2,0.835868,2,0.753557,Agriculture,Agriculture,Agriculture,Agriculture,No Change
2095.0,5,Ahmedabad,23.00437220608215,72.48753064263552,4,6,2,3,2,0.736987,3,0.572891,Agriculture,Built-up,Agriculture,Built-up,Urban Expansion
2096.0,5,Ahmedabad,22.98128550328028,72.41180266418424,4,4,2,2,2,0.883058,2,0.812976,Agriculture,Agriculture,Agriculture,Agriculture,No Change
2097.0,5,Ahmedabad,23.15079759739363,72.59227420476385,4,4,2,2,2,0.700727,2,0.680443,Agriculture,Agriculture,Agriculture,Agriculture,No Change
2098.0,5,Ahmedabad,23.14711450472874,72.63287805560606,4,1,2,1,2,0.782423,1,0.57395,Agriculture,Vegetation,Agriculture,Vegetation,Vegetation Gain
2099.0,5,Ahmedabad,23.07210517850476,72.58535717707613,6,6,3,3,3,0.628297,3,0.519014,Built-up,Built-up,Built-up,Built-up,No Change
2100.0,5,Ahmedabad,23.01443333726429,72.54637029374534,6,6,3,3,3,0.934664,3,0.989753,Built-up,Built-up,Built-up,Built-up,No Change
2101.0,5,Ahmedabad,23.194365888673428,72.72127227956342,4,4,2,2,2,0.760499,2,0.84628,Agriculture,Agriculture,Agriculture,Agriculture,No Change
2102.0,5,Ahmedabad,23.18699970334365,72.44719628637856,4,4,2,2,2,0.77353,2,0.811001,Agriculture,Agriculture,Agriculture,Agriculture,No Change
2103.0,5,Ahmedabad,22.944903734273435,72.74929971642794,4,6,2,3,2,0.779713,3,0.618436,Agriculture,Built-up,Agriculture,Built-up,Urban Expansion
2104.0,5,Ahmedabad,23.12708207389288,72.59065723725244,4,4,2,2,2,0.497402,3,0.381098,Agriculture,Agriculture,Agriculture,Built-up,Urban Expansion
2105.0,5,Ahmedabad,23.1234888127564,72.72522486681355,4,4,2,2,2,0.876945,2,0.818878,Agriculture,Agriculture,Agriculture,Agriculture,No Change
2106.0,5,Ahmedabad,23.133909270052182,72.42177396383796,4,4,2,2,2,0.832986,2,0.91801,Agriculture,Agriculture,Agriculture,Agriculture,No Change
2107.0,5,Ahmedabad,23.039137007577573,72.71112131685287,4,4,2,2,2,0.664703,2,0.76331,Agriculture,Agriculture,Agriculture,Agriculture,No Change
2108.0,5,Ahmedabad,22.961073409387588,72.60287432511646,6,6,3,3,3,0.936075,3,0.957671,Built-up,Built-up,Built-up,Built-up,No Change
2109.0,5,Ahmedabad,23.07147635780588,72.54385501094981,6,6,3,3,3,0.880363,3,0.916063,Built-up,Built-up,Built-up,Built-up,No Change
2110.0,5,Ahmedabad,23.00724681499133,72.35853256783595,4,4,2,2,2,0.891715,2,0.795479,Agriculture,Agriculture,Agriculture,Agriculture,No Change
2111.0,5,Ahmedabad,23.10857677904001,72.35637661115406,4,4,2,2,2,0.891786,2,0.777265,Agriculture,Agriculture,Agriculture,Agriculture,No Change
2112.0,5,Ahmedabad,23.11055307266508,72.69908389204566,4,4,2,2,2,0.655621,2,0.873922,Agriculture,Agriculture,Agriculture,Agriculture,No Change
2113.0,5,Ahmedabad,23.11405650227314,72.39527366295644,4,6,2,3,2,0.805167,3,0.488602,Agriculture,Built-up,Agriculture,Built-up,Urban Expansion
2114.0,5,Ahmedabad,22.93178833112529,72.39293804321773,4,4,2,2,2,0.823167,2,0.775902,Agriculture,Agriculture,Agriculture,Agriculture,No Change
2115.0,5,Ahmedabad,22.949934299864506,72.66791235168672,6,6,3,3,3,0.82594,3,0.900831,Built-up,Built-up,Built-up,Built-up,No Change
2116.0,5,Ahmedabad,23.054318535879197,72.62362540817962,6,6,3,3,3,0.942561,3,0.98194,Built-up,Built-up,Built-up,Built-up,No Change
2117.0,5,Ahmedabad,23.088993505846208,72.72378756235895,4,4,2,2,2,0.702311,2,0.505009,Agriculture,Agriculture,Agriculture,Agriculture,No Change
2118.0,5,Ahmedabad,23.08081883676072,72.38647017317207,4,1,2,1,2,0.551078,1,0.782293,Agriculture,Vegetation,Agriculture,Vegetation,Vegetation Gain
2119.0,5,Ahmedabad,23.040664143560576,72.50603593748838,6,6,3,3,3,0.848558,3,0.816367,Built-up,Built-up,Built-up,Built-up,No Change
2120.0,5,Ahmedabad,22.979039715069977,72.52660735749471,4,6,2,3,2,0.75302,3,0.79139,Agriculture,Built-up,Agriculture,Built-up,Urban Expansion
2121.0,5,Ahmedabad,23.0836934456699,72.60386247192899,4,4,2,2,2,0.831163,2,0.860969,Agriculture,Agriculture,Agriculture,Agriculture,No Change
2122.0,5,Ahmedabad,23.10345638192053,72.48762047416393,4,4,2,2,2,0.884608,2,0.833684,Agriculture,Agriculture,Agriculture,Agriculture,No Change
2123.0,5,Ahmedabad,23.179633518013866,72.65309014949875,1,5,1,1,1,0.930516,1,0.837622,Vegetation,Vegetation,Vegetation,Vegetation,No Change
2124.0,5,Ahmedabad,22.9281052384604,72.51654622631258,4,4,2,2,2,0.486422,1,0.521425,Agriculture,Agriculture,Agriculture,Vegetation,Vegetation Gain
2125.0,5,Ahmedabad,23.07291366226047,72.4182705342299,1,1,1,1,1,0.566223,1,0.845975,Vegetation,Vegetation,Vegetation,Vegetation,No Change
2126.0,5,Ahmedabad,22.984160112189457,72.52975146098913,7,6,4,3,4,0.989495,3,0.701074,Barren,Built-up,Barren,Built-up,Urban Expansion
2127.0,5,Ahmedabad,22.91427118308496,72.72800964419432,4,4,2,2,2,0.491357,3,0.810218,Agriculture,Agriculture,Agriculture,Built-up,Urban Expansion
2128.0,5,Ahmedabad,22.994670401013657,72.40057372313275,4,4,2,2,2,0.815022,2,0.841697,Agriculture,Agriculture,Agriculture,Agriculture,No Change
2129.0,5,Ahmedabad,22.966014143450245,72.56065350676285,6,6,3,3,3,0.638289,3,0.977551,Built-up,Built-up,Built-up,Built-up,No Change
2130.0,5,Ahmedabad,23.191581111292656,72.53244640684149,4,4,2,2,2,0.777454,2,0.880639,Agriculture,Agriculture,Agriculture,Agriculture,No Change
2131.0,5,Ahmedabad,22.988561857081645,72.7233384047169,6,6,3,3,3,0.646444,2,0.625879,Built-up,Built-up,Built-up,Agriculture,Other Change
2132.0,5,Ahmedabad,23.194006562559775,72.72800964419432,4,6,2,3,2,0.891459,3,0.574242,Agriculture,Built-up,Agriculture,Built-up,Urban Expansion
2133.0,5,Ahmedabad,22.974637970177792,72.74399965625165,4,6,2,3,2,0.610383,3,0.780708,Agriculture,Built-up,Agriculture,Built-up,Urban Expansion
2134.0,5,Ahmedabad,23.175411436178504,72.36814454137603,4,4,2,2,2,0.802734,2,0.768704,Agriculture,Agriculture,Agriculture,Agriculture,No Change
2135.0,5,Ahmedabad,23.134268596165832,72.44198605773066,4,4,2,2,2,0.81297,2,0.822498,Agriculture,Agriculture,Agriculture,Agriculture,No Change
2136.0,5,Ahmedabad,23.02790806652608,72.57430789908146,0,0,0,0,0,0.998936,0,0.998772,Water,Water,Water,Water,No Change
2137.0,5,Ahmedabad,23.115224312142495,72.74399965625165,4,4,2,2,2,0.864106,2,0.868566,Agriculture,Agriculture,Agriculture,Agriculture,No Change
2138.0,5,Ahmedabad,23.10435469720465,72.47720001686814,6,6,3,3,3,0.941225,3,0.922917,Built-up,Built-up,Built-up,Built-up,No Change
2139.0,5,Ahmedabad,23.11055307266508,72.44818443319109,4,6,2,3,1,0.611425,3,0.430448,Agriculture,Built-up,Vegetation,Built-up,Vegetation Loss
2140.0,5,Ahmedabad,23.1475636623708,72.40075338618958,3,4,1,2,1,0.578275,2,0.702037,Vegetation,Agriculture,Vegetation,Agriculture,Agriculture Gain
2141.0,5,Ahmedabad,23.05386937823713,72.36509026941003,4,4,2,2,1,0.490481,2,0.483195,Agriculture,Agriculture,Vegetation,Agriculture,Agriculture Gain
2142.0,5,Ahmedabad,23.137233036603423,72.3656292585805,4,4,2,2,2,0.797971,2,0.731194,Agriculture,Agriculture,Agriculture,Agriculture,No Change
2143.0,5,Ahmedabad,23.064020340947685,72.39374652697344,4,4,2,2,2,0.790112,2,0.753235,Agriculture,Agriculture,Agriculture,Agriculture,No Change
2144.0,5,Ahmedabad,23.06932040112399,72.54394484247823,6,6,3,3,3,0.994773,3,0.983074,Built-up,Built-up,Built-up,Built-up,No Change
2145.0,5,Ahmedabad,23.03805902923663,72.63000344669688,6,6,3,3,3,0.929961,3,0.807309,Built-up,Built-up,Built-up,Built-up,No Change
2146.0,5,Ahmedabad,23.14388056970591,72.35475964364265,4,4,2,2,2,0.9164,2,0.929238,Agriculture,Agriculture,Agriculture,Agriculture,No Change
2147.0,5,Ahmedabad,23.073183156845705,72.53738714090414,6,6,3,3,3,0.978726,3,0.932696,Built-up,Built-up,Built-up,Built-up,No Change
2148.0,5,Ahmedabad,23.11055307266508,72.71534339868823,1,1,1,1,1,0.905729,1,0.791021,Vegetation,Vegetation,Vegetation,Vegetation,No Change
2149.0,5,Ahmedabad,23.1227701605291,72.59065723725244,4,4,2,2,2,0.772185,2,0.799981,Agriculture,Agriculture,Agriculture,Agriculture,No Change
2150.0,5,Ahmedabad,23.128519378347463,72.74301150943911,4,4,2,2,2,0.879008,2,0.879199,Agriculture,Agriculture,Agriculture,Agriculture,No Change
2151.0,5,Ahmedabad,23.17972334954228,72.37218696015456,4,4,2,2,2,0.730406,2,0.85104,Agriculture,Agriculture,Agriculture,Agriculture,No Change
2152.0,5,Ahmedabad,23.09007148418715,72.43497919851453,4,1,2,1,2,0.86209,1,0.660534,Agriculture,Vegetation,Agriculture,Vegetation,Vegetation Gain
2153.0,5,Ahmedabad,23.180082675655925,72.73968774288787,4,4,2,2,2,0.887616,2,0.802857,Agriculture,Agriculture,Agriculture,Agriculture,No Change
2154.0,5,Ahmedabad,22.99161612904765,72.58742330222961,6,6,3,3,3,0.722818,3,0.968772,Built-up,Built-up,Built-up,Built-up,No Change
2155.0,5,Ahmedabad,22.911127079590543,72.54412450553505,6,6,3,3,3,0.766262,3,0.888658,Built-up,Built-up,Built-up,Built-up,No Change
2156.0,5,Ahmedabad,23.052162579197308,72.52166662343205,6,6,3,3,3,0.967196,3,0.963369,Built-up,Built-up,Built-up,Built-up,No Change
2157.0,5,Ahmedabad,23.106420822358125,72.48501535983998,6,6,3,3,3,0.577529,3,0.660395,Built-up,Built-up,Built-up,Built-up,No Change
2158.0,5,Ahmedabad,23.18169964316734,72.71489424104617,4,4,2,2,2,0.785426,2,0.854117,Agriculture,Agriculture,Agriculture,Agriculture,No Change
2159.0,5,Ahmedabad,23.0799205214766,72.67994977649391,6,6,3,3,3,0.991757,3,0.946213,Built-up,Built-up,Built-up,Built-up,No Change
2160.0,5,Ahmedabad,23.082435804272134,72.71139081143811,4,4,2,2,2,0.55069,1,0.533074,Agriculture,Agriculture,Agriculture,Vegetation,Vegetation Gain
2161.0,5,Ahmedabad,23.126183758608757,72.39329736933138,4,4,2,2,2,0.732726,2,0.858898,Agriculture,Agriculture,Agriculture,Agriculture,No Change
2162.0,5,Ahmedabad,23.18394543137764,72.67869213509616,4,6,2,3,2,0.824877,3,0.73215,Agriculture,Built-up,Agriculture,Built-up,Urban Expansion
2163.0,5,Ahmedabad,23.167236767093016,72.53343455365402,6,6,3,3,3,0.792838,3,0.887585,Built-up,Built-up,Built-up,Built-up,No Change
2164.0,5,Ahmedabad,23.140736466211493,72.38045146076847,4,4,2,2,2,0.868919,2,0.847967,Agriculture,Agriculture,Agriculture,Agriculture,No Change
2165.0,5,Ahmedabad,23.07641709186853,72.45007089528774,4,1,2,1,2,0.530815,1,0.91269,Agriculture,Vegetation,Agriculture,Vegetation,Vegetation Gain
2166.0,5,Ahmedabad,23.19050313295171,72.7189366598247,4,4,2,2,2,0.843003,2,0.899854,Agriculture,Agriculture,Agriculture,Agriculture,No Change
2167.0,5,Ahmedabad,23.120704035375628,72.46309646690747,6,6,3,3,3,0.474628,2,0.48146,Built-up,Built-up,Built-up,Agriculture,Other Change
2168.0,5,Ahmedabad,23.00239591245709,72.58230290511013,6,6,3,3,3,0.816396,3,0.853249,Built-up,Built-up,Built-up,Built-up,No Change
2169.0,5,Ahmedabad,22.980836345638217,72.62578136486151,6,6,3,3,3,0.576518,3,0.611283,Built-up,Built-up,Built-up,Built-up,No Change
2170.0,5,Ahmedabad,22.95011396292133,72.5204089820343,7,0,4,0,4,0.984377,0,0.581904,Barren,Water,Barren,Water,Water Gain
2171.0,5,Ahmedabad,22.92541029260804,72.37236662321139,4,4,2,2,2,0.695825,2,0.693171,Agriculture,Agriculture,Agriculture,Agriculture,No Change
2172.0,5,Ahmedabad,22.920918716187444,72.54331602177933,6,6,3,3,3,0.850442,3,0.948198,Built-up,Built-up,Built-up,Built-up,No Change
2173.0,5,Ahmedabad,22.945712218029144,72.36284448119973,4,1,2,1,2,0.701564,1,0.864333,Agriculture,Vegetation,Agriculture,Vegetation,Vegetation Gain
2174.0,5,Ahmedabad,23.096808848818046,72.4828594031581,6,6,3,3,3,0.840756,3,0.556943,Built-up,Built-up,Built-up,Built-up,No Change
2175.0,5,Ahmedabad,23.012816369752876,72.57287059462688,6,7,3,4,3,0.828484,4,0.978482,Built-up,Barren,Built-up,Barren,Other Change
2176.0,5,Ahmedabad,23.06384067789086,72.48762047416393,4,6,2,3,2,0.790424,3,0.879239,Agriculture,Built-up,Agriculture,Built-up,Urban Expansion
2177.0,5,Ahmedabad,22.904299883431232,72.45429297712309,4,6,2,3,2,0.764917,3,0.929199,Agriculture,Built-up,Agriculture,Built-up,Urban Expansion
2178.0,5,Ahmedabad,22.99017882459306,72.48564418053887,6,6,3,3,3,0.913241,3,0.73605,Built-up,Built-up,Built-up,Built-up,No Change
2179.0,5,Ahmedabad,22.94930547916562,72.49840025757337,4,4,2,2,2,0.639267,2,0.762121,Agriculture,Agriculture,Agriculture,Agriculture,No Change
2180.0,5,Ahmedabad,22.941579967722195,72.63566283298682,4,6,2,3,2,0.813898,3,0.927211,Agriculture,Built-up,Agriculture,Built-up,Urban Expansion
2181.0,5,Ahmedabad,23.15124675503569,72.4587845535437,4,6,2,3,2,0.606874,2,0.453264,Agriculture,Built-up,Agriculture,Agriculture,No Change
2182.0,5,Ahmedabad,23.044796393867525,72.49597480630624,6,6,3,3,3,0.463986,3,0.538405,Built-up,Built-up,Built-up,Built-up,No Change
2183.0,5,Ahmedabad,22.995029727127307,72.4287808230541,4,4,2,2,2,0.751003,2,0.760435,Agriculture,Agriculture,Agriculture,Agriculture,No Change
2184.0,5,Ahmedabad,23.06842208583987,72.45564045004927,6,6,3,3,2,0.485667,2,0.541457,Built-up,Built-up,Agriculture,Agriculture,No Change
2185.0,5,Ahmedabad,23.193287910332483,72.63063226739575,6,6,3,3,3,0.874899,3,0.571899,Built-up,Built-up,Built-up,Built-up,No Change
2186.0,5,Ahmedabad,23.19966594884973,72.65434779089651,6,6,3,3,3,0.612915,3,0.770808,Built-up,Built-up,Built-up,Built-up,No Change
2187.0,5,Ahmedabad,23.036531893253628,72.74085555275722,4,1,2,1,2,0.898085,1,0.469576,Agriculture,Vegetation,Agriculture,Vegetation,Vegetation Gain
2188.0,5,Ahmedabad,23.00562984747992,72.37676836810358,4,4,2,2,1,0.67024,2,0.567028,Agriculture,Agriculture,Vegetation,Agriculture,Agriculture Gain
2189.0,5,Ahmedabad,23.09626985964757,72.74328100402434,1,1,1,1,2,0.499728,1,0.581857,Vegetation,Vegetation,Agriculture,Vegetation,Vegetation Gain
2190.0,5,Ahmedabad,22.900976116879992,72.47621187005561,4,6,2,3,2,0.757071,3,0.537506,Agriculture,Built-up,Agriculture,Built-up,Urban Expansion
2191.0,5,Ahmedabad,23.19355740491772,72.54331602177933,4,6,2,3,2,0.800667,3,0.759295,Agriculture,Built-up,Agriculture,Built-up,Urban Expansion
2192.0,5,Ahmedabad,23.093574913795216,72.57466722519511,6,6,3,3,3,0.478473,3,0.786059,Built-up,Built-up,Built-up,Built-up,No Change
2193.0,5,Ahmedabad,23.19032346989489,72.57062480641657,1,4,1,2,1,0.712075,2,0.728303,Vegetation,Agriculture,Vegetation,Agriculture,Agriculture Gain
2194.0,5,Ahmedabad,23.19903712815085,72.36140717674513,4,4,2,2,3,0.684695,2,0.529584,Agriculture,Agriculture,Built-up,Agriculture,Other Change
2195.0,5,Ahmedabad,22.981554997865512,72.53235657531309,4,4,2,2,2,0.82134,2,0.85242,Agriculture,Agriculture,Agriculture,Agriculture,No Change
2196.0,5,Ahmedabad,22.972392181967493,72.54205838038158,4,4,2,2,2,0.833344,2,0.698,Agriculture,Agriculture,Agriculture,Agriculture,No Change
2197.0,5,Ahmedabad,22.97347016030844,72.67222426505049,6,6,3,3,3,0.486691,3,0.498539,Built-up,Built-up,Built-up,Built-up,No Change
2198.0,5,Ahmedabad,22.966912458734363,72.59577763437191,6,6,3,3,3,0.927293,3,0.960907,Built-up,Built-up,Built-up,Built-up,No Change
2199.0,5,Ahmedabad,23.172716490326145,72.71175013755175,4,4,2,2,2,0.785341,2,0.888695,Agriculture,Agriculture,Agriculture,Agriculture,No Change
2200.0,5,Ahmedabad,23.13840084647278,72.37820567255817,6,6,3,3,3,0.615137,3,0.552467,Built-up,Built-up,Built-up,Built-up,No Change
2201.0,5,Ahmedabad,22.94499356580185,72.4152162622639,4,4,2,2,2,0.892924,2,0.679112,Agriculture,Agriculture,Agriculture,Agriculture,No Change
2202.0,5,Ahmedabad,23.031770822247797,72.7210926165066,6,6,3,3,3,0.97629,3,0.92019,Built-up,Built-up,Built-up,Built-up,No Change
2203.0,5,Ahmedabad,22.92379332509663,72.63135091962305,1,1,1,1,1,0.508942,1,0.757384,Vegetation,Vegetation,Vegetation,Vegetation,No Change
2204.0,5,Ahmedabad,23.030782675435265,72.52292426482983,6,6,3,3,3,0.898829,3,0.793625,Built-up,Built-up,Built-up,Built-up,No Change
2205.0,5,Ahmedabad,23.106330990829715,72.54493298929076,6,6,3,3,3,0.908809,3,0.960895,Built-up,Built-up,Built-up,Built-up,No Change
2206.0,5,Ahmedabad,23.11028357807984,72.50235284482349,6,6,3,3,3,0.692592,3,0.814015,Built-up,Built-up,Built-up,Built-up,No Change
2207.0,5,Ahmedabad,23.16642828333731,72.52813449347772,4,4,2,2,2,0.888832,2,0.80109,Agriculture,Agriculture,Agriculture,Agriculture,No Change
2208.0,5,Ahmedabad,23.048569318060828,72.55679075104113,6,6,3,3,3,0.659029,3,0.805858,Built-up,Built-up,Built-up,Built-up,No Change
2209.0,5,Ahmedabad,23.18313694762193,72.72351806777371,4,6,2,3,2,0.733201,3,0.479022,Agriculture,Built-up,Agriculture,Built-up,Urban Expansion
2210.0,5,Ahmedabad,22.94274777759155,72.5565212564559,5,6,1,3,1,0.480778,3,0.909486,Vegetation,Built-up,Vegetation,Built-up,Vegetation Loss
2211.0,5,Ahmedabad,23.048569318060828,72.57879947550207,6,6,3,3,3,0.798009,3,0.974859,Built-up,Built-up,Built-up,Built-up,No Change
2212.0,5,Ahmedabad,22.911216911118952,72.44863359083314,4,6,2,3,2,0.701934,3,0.887301,Agriculture,Built-up,Agriculture,Built-up,Urban Expansion
2213.0,5,Ahmedabad,23.111451387949195,72.38575152094478,5,5,1,1,1,0.542083,1,0.685322,Vegetation,Vegetation,Vegetation,Vegetation,No Change
2214.0,5,Ahmedabad,23.062223710379445,72.74184369956976,4,4,2,2,2,0.731887,2,0.74043,Agriculture,Agriculture,Agriculture,Agriculture,No Change
2215.0,5,Ahmedabad,23.145048379575265,72.43003846445187,4,1,2,1,2,0.785275,1,0.614638,Agriculture,Vegetation,Agriculture,Vegetation,Vegetation Gain
2216.0,5,Ahmedabad,23.152773891018693,72.52696668360836,4,6,2,3,2,0.902613,3,0.873906,Agriculture,Built-up,Agriculture,Built-up,Urban Expansion
2217.0,5,Ahmedabad,22.930620521255936,72.67402089561872,4,1,2,1,2,0.792264,1,0.691694,Agriculture,Vegetation,Agriculture,Vegetation,Vegetation Gain
2218.0,5,Ahmedabad,22.95783947436476,72.49202221905611,4,4,2,2,2,0.912623,2,0.730292,Agriculture,Agriculture,Agriculture,Agriculture,No Change
2219.0,5,Ahmedabad,23.059888090640733,72.60035904232093,6,6,3,3,1,0.547742,3,0.584592,Built-up,Built-up,Vegetation,Built-up,Vegetation Loss
2220.0,5,Ahmedabad,23.140826297739903,72.74660477057559,4,4,2,2,2,0.787434,2,0.840047,Agriculture,Agriculture,Agriculture,Agriculture,No Change
2221.0,5,Ahmedabad,23.087196875277968,72.55211951156372,6,6,3,3,3,0.948124,3,0.931881,Built-up,Built-up,Built-up,Built-up,No Change
2222.0,5,Ahmedabad,23.04273026871405,72.67842264051092,6,6,3,3,3,0.853839,3,0.963348,Built-up,Built-up,Built-up,Built-up,No Change
2223.0,5,Ahmedabad,22.98532792205881,72.63979508329378,6,6,3,3,3,0.995504,3,0.973059,Built-up,Built-up,Built-up,Built-up,No Change
2224.0,5,Ahmedabad,22.96385818676836,72.47342709267484,6,6,3,3,3,0.63986,3,0.859194,Built-up,Built-up,Built-up,Built-up,No Change
2225.0,5,Ahmedabad,22.93053068972752,72.36293431272814,4,4,2,2,1,0.581537,1,0.562151,Agriculture,Agriculture,Vegetation,Vegetation,No Change
2226.0,5,Ahmedabad,23.193377741860896,72.68426168985769,4,4,2,2,2,0.794124,2,0.854024,Agriculture,Agriculture,Agriculture,Agriculture,No Change
2227.0,5,Ahmedabad,23.11684127965391,72.55975519147873,6,6,3,3,3,0.961053,3,0.876395,Built-up,Built-up,Built-up,Built-up,No Change
2228.0,5,Ahmedabad,22.914450846141783,72.53873461383033,6,6,3,3,3,0.688584,3,0.547305,Built-up,Built-up,Built-up,Built-up,No Change
2229.0,5,Ahmedabad,22.91498983531225,72.55553310964336,4,4,2,2,2,0.7385,2,0.805452,Agriculture,Agriculture,Agriculture,Agriculture,No Change
2230.0,5,Ahmedabad,23.17298598491138,72.5189716775797,4,1,2,1,2,0.658909,1,0.509182,Agriculture,Vegetation,Agriculture,Vegetation,Vegetation Gain
2231.0,5,Ahmedabad,22.995928042411425,72.46372528760635,6,6,3,3,3,0.749173,3,0.773894,Built-up,Built-up,Built-up,Built-up,No Change
2232.0,5,Ahmedabad,23.117110774239148,72.69971271274454,4,4,2,2,2,0.777333,3,0.368702,Agriculture,Agriculture,Agriculture,Built-up,Urban Expansion
2233.0,5,Ahmedabad,22.957480148251108,72.69971271274454,4,6,2,3,2,0.719505,3,0.76737,Agriculture,Built-up,Agriculture,Built-up,Urban Expansion
2234.0,5,Ahmedabad,23.083334119556252,72.54071090745539,6,6,3,3,3,0.965859,3,0.940375,Built-up,Built-up,Built-up,Built-up,No Change
2235.0,5,Ahmedabad,22.97086504598449,72.60152685219029,6,6,3,3,3,0.888903,3,0.971157,Built-up,Built-up,Built-up,Built-up,No Change
2236.0,5,Ahmedabad,22.946790196370088,72.63296788713447,6,6,3,3,3,0.931946,3,0.915469,Built-up,Built-up,Built-up,Built-up,No Change
2237.0,5,Ahmedabad,22.90322190509029,72.57799099174635,1,1,1,1,2,0.657654,1,0.660373,Vegetation,Vegetation,Agriculture,Vegetation,Vegetation Gain
2238.0,5,Ahmedabad,23.12232100288704,72.48609333818092,6,6,3,3,3,0.615703,3,0.888149,Built-up,Built-up,Built-up,Built-up,No Change
2239.0,5,Ahmedabad,23.158882434950705,72.46695922262919,4,4,2,2,2,0.820293,2,0.746436,Agriculture,Agriculture,Agriculture,Agriculture,No Change
2240.0,5,Ahmedabad,22.91561865601114,72.45860489048687,4,4,2,2,2,0.687943,2,0.564368,Agriculture,Agriculture,Agriculture,Agriculture,No Change
2241.0,5,Ahmedabad,23.16966221836014,72.3858413524732,4,1,2,1,2,0.737553,1,0.773377,Agriculture,Vegetation,Agriculture,Vegetation,Vegetation Gain
2242.0,5,Ahmedabad,22.97859055742792,72.4595930372994,6,6,3,3,3,0.681144,3,0.850003,Built-up,Built-up,Built-up,Built-up,No Change
2243.0,5,Ahmedabad,23.09285626156792,72.53819562465986,6,6,3,3,3,0.955721,3,0.912642,Built-up,Built-up,Built-up,Built-up,No Change
2244.0,5,Ahmedabad,23.010570581542574,72.52633786290949,6,6,3,3,3,0.802325,3,0.645073,Built-up,Built-up,Built-up,Built-up,No Change
2245.0,5,Ahmedabad,23.103276718863707,72.38808714068348,4,4,2,2,2,0.731051,2,0.792311,Agriculture,Agriculture,Agriculture,Agriculture,No Change
2246.0,5,Ahmedabad,23.12555493790987,72.46543208664617,4,4,2,2,2,0.844593,2,0.906976,Agriculture,Agriculture,Agriculture,Agriculture,No Change
2247.0,5,Ahmedabad,22.90654567164153,72.49247137669818,4,4,2,2,2,0.87379,2,0.636323,Agriculture,Agriculture,Agriculture,Agriculture,No Change
2248.0,5,Ahmedabad,23.126632916250816,72.74831156961541,4,4,2,2,2,0.654035,2,0.658377,Agriculture,Agriculture,Agriculture,Agriculture,No Change
2249.0,5,Ahmedabad,22.94984446833609,72.49534598560736,4,4,2,2,2,0.625917,2,0.832288,Agriculture,Agriculture,Agriculture,Agriculture,No Change
2250.0,5,Ahmedabad,23.175052110064858,72.43057745362233,4,4,2,2,2,0.752083,2,0.812758,Agriculture,Agriculture,Agriculture,Agriculture,No Change
2251.0,5,Ahmedabad,23.0122773805824,72.4490827484752,4,6,2,3,2,0.896366,3,0.725638,Agriculture,Built-up,Agriculture,Built-up,Urban Expansion
2252.0,5,Ahmedabad,22.970056562228784,72.44018942716242,4,4,2,2,2,0.861439,2,0.786516,Agriculture,Agriculture,Agriculture,Agriculture,No Change
2253.0,5,Ahmedabad,22.999700966604728,72.50145452953937,6,6,3,3,3,0.735057,3,0.86398,Built-up,Built-up,Built-up,Built-up,No Change
2254.0,5,Ahmedabad,23.14513821110368,72.74426915083687,4,6,2,3,2,0.833532,3,0.611044,Agriculture,Built-up,Agriculture,Built-up,Urban Expansion
2255.0,5,Ahmedabad,23.112259871704904,72.55301782684784,4,4,2,2,2,0.73904,2,0.729291,Agriculture,Agriculture,Agriculture,Agriculture,No Change
2256.0,5,Ahmedabad,22.900796453823165,72.64410699665756,1,6,1,3,1,0.685315,3,0.759115,Vegetation,Built-up,Vegetation,Built-up,Vegetation Loss
2257.0,5,Ahmedabad,22.95146143584751,72.55795856091049,6,6,3,3,3,0.975275,3,0.975383,Built-up,Built-up,Built-up,Built-up,No Change
2258.0,5,Ahmedabad,22.921098379244267,72.62694917473087,1,4,1,2,1,0.847431,2,0.885556,Vegetation,Agriculture,Vegetation,Agriculture,Agriculture Gain
2259.0,5,Ahmedabad,23.19212010046313,72.69054989684653,4,4,2,2,2,0.841097,2,0.876782,Agriculture,Agriculture,Agriculture,Agriculture,No Change
2260.0,5,Ahmedabad,22.919481411732853,72.38700916234254,4,0,2,0,2,0.657645,0,0.809405,Agriculture,Water,Agriculture,Water,Water Gain
2261.0,5,Ahmedabad,23.11585313284138,72.53505152116544,4,1,2,1,2,0.716806,1,0.57599,Agriculture,Vegetation,Agriculture,Vegetation,Vegetation Gain
2262.0,5,Ahmedabad,23.136694047432957,72.67069712906749,4,4,2,2,2,0.759202,2,0.765262,Agriculture,Agriculture,Agriculture,Agriculture,No Change
2263.0,5,Ahmedabad,22.93538159226177,72.49992739355636,6,6,3,3,3,0.997572,3,0.823756,Built-up,Built-up,Built-up,Built-up,No Change
2264.0,5,Ahmedabad,23.037250545480923,72.74031656358675,1,1,1,1,1,0.607543,1,0.765886,Vegetation,Vegetation,Vegetation,Vegetation,No Change
2265.0,5,Ahmedabad,23.09698851187487,72.37937348242752,4,4,2,2,2,0.72737,2,0.84922,Agriculture,Agriculture,Agriculture,Agriculture,No Change
2266.0,5,Ahmedabad,23.19804898133832,72.48474586525475,4,4,2,2,2,0.829811,2,0.817913,Agriculture,Agriculture,Agriculture,Agriculture,No Change
2267.0,5,Ahmedabad,23.137233036603423,72.39329736933138,0,0,0,0,0,0.878637,0,0.901812,Water,Water,Water,Water,No Change
2268.0,5,Ahmedabad,23.043718415526584,72.57808082327476,6,6,3,3,3,0.780304,3,0.88559,Built-up,Built-up,Built-up,Built-up,No Change
2269.0,5,Ahmedabad,23.003653553854853,72.37955314548435,4,4,2,2,2,0.798945,2,0.779504,Agriculture,Agriculture,Agriculture,Agriculture,No Change
2270.0,5,Ahmedabad,22.96852942624578,72.38727865692778,4,4,2,2,2,0.857619,2,0.870155,Agriculture,Agriculture,Agriculture,Agriculture,No Change
2271.0,5,Ahmedabad,23.16346384289972,72.73744195467756,6,6,3,3,3,0.67322,3,0.729072,Built-up,Built-up,Built-up,Built-up,No Change
2272.0,5,Ahmedabad,22.9799380303541,72.47333726114643,4,4,2,2,1,0.435135,2,0.687085,Agriculture,Agriculture,Vegetation,Agriculture,Agriculture Gain
2273.0,5,Ahmedabad,23.01461300032111,72.48258990857286,6,6,3,3,3,0.655617,3,0.651303,Built-up,Built-up,Built-up,Built-up,No Change
2274.0,5,Ahmedabad,23.06950006418081,72.58032661148506,6,6,3,3,3,0.584176,3,0.623517,Built-up,Built-up,Built-up,Built-up,No Change
2275.0,5,Ahmedabad,22.9792193781268,72.35880206242119,4,4,2,2,2,0.824585,2,0.737317,Agriculture,Agriculture,Agriculture,Agriculture,No Change
2276.0,5,Ahmedabad,22.933674793221943,72.4738762503169,4,4,2,2,2,0.630876,3,0.704235,Agriculture,Agriculture,Agriculture,Built-up,Urban Expansion
2277.0,5,Ahmedabad,23.068601748896693,72.48483569678316,4,6,2,3,2,0.609596,3,0.708923,Agriculture,Built-up,Agriculture,Built-up,Urban Expansion
2278.0,5,Ahmedabad,23.016768957003,72.691088886017,4,6,2,3,2,0.90783,3,0.725593,Agriculture,Built-up,Agriculture,Built-up,Urban Expansion
2279.0,5,Ahmedabad,23.14900096682539,72.42887065458251,6,6,3,3,3,0.446921,2,0.489098,Built-up,Built-up,Built-up,Agriculture,Other Change
2280.0,5,Ahmedabad,22.960893746330765,72.67033780295384,4,4,2,2,2,0.777726,2,0.813259,Agriculture,Agriculture,Agriculture,Agriculture,No Change
2281.0,5,Ahmedabad,22.936729065187947,72.41252131641154,4,4,2,2,2,0.429496,3,0.375131,Agriculture,Agriculture,Agriculture,Built-up,Urban Expansion
2282.0,5,Ahmedabad,23.191221785179007,72.518163193824,4,4,2,2,2,0.846636,2,0.621996,Agriculture,Agriculture,Agriculture,Agriculture,No Change
2283.0,5,Ahmedabad,22.94598171261438,72.68821427710782,4,4,2,2,2,0.86087,2,0.561074,Agriculture,Agriculture,Agriculture,Agriculture,No Change
2284.0,5,Ahmedabad,22.961342903972824,72.64338834443025,6,6,3,3,3,0.789571,3,0.767554,Built-up,Built-up,Built-up,Built-up,No Change
2285.0,5,Ahmedabad,23.183765768320814,72.42375025746303,4,4,2,2,2,0.90743,2,0.827131,Agriculture,Agriculture,Agriculture,Agriculture,No Change
2286.0,5,Ahmedabad,22.95523436004081,72.606916743895,6,6,3,3,3,0.737275,3,0.939903,Built-up,Built-up,Built-up,Built-up,No Change
2287.0,5,Ahmedabad,22.965205659694536,72.5325362383699,4,4,2,2,2,0.860896,2,0.730948,Agriculture,Agriculture,Agriculture,Agriculture,No Change
2288.0,5,Ahmedabad,23.157894288138174,72.53801596160304,6,6,3,3,2,0.449813,3,0.844091,Built-up,Built-up,Agriculture,Built-up,Urban Expansion
2289.0,5,Ahmedabad,23.100312278426117,72.64320868137344,4,6,2,3,2,0.779386,3,0.772897,Agriculture,Built-up,Agriculture,Built-up,Urban Expansion
2290.0,5,Ahmedabad,22.90295241050505,72.50037655119843,1,1,1,1,1,0.554578,1,0.617538,Vegetation,Vegetation,Vegetation,Vegetation,No Change
2291.0,5,Ahmedabad,23.18601155653112,72.36976150888745,4,4,2,2,2,0.625064,2,0.638632,Agriculture,Agriculture,Agriculture,Agriculture,No Change
2292.0,5,Ahmedabad,23.099683457727227,72.34999857263682,5,4,1,2,2,0.455865,2,0.634204,Vegetation,Agriculture,Agriculture,Agriculture,No Change
2293.0,5,Ahmedabad,23.07965102689136,72.61024051044625,5,4,1,2,1,0.483992,2,0.6202,Vegetation,Agriculture,Vegetation,Agriculture,Agriculture Gain
2294.0,5,Ahmedabad,23.12789055764858,72.62443389193533,1,1,1,1,1,0.679473,1,0.887425,Vegetation,Vegetation,Vegetation,Vegetation,No Change
2295.0,5,Ahmedabad,22.96897858388784,72.57170278475752,6,6,3,3,3,0.825185,3,0.956728,Built-up,Built-up,Built-up,Built-up,No Change
2296.0,5,Ahmedabad,23.15879260342229,72.55050254405229,4,6,2,3,2,0.822888,3,0.901926,Agriculture,Built-up,Agriculture,Built-up,Urban Expansion
2297.0,5,Ahmedabad,23.02611143595784,72.57484688825194,0,0,0,0,0,0.998213,0,0.99703,Water,Water,Water,Water,No Change
2298.0,5,Ahmedabad,22.92945271138658,72.51385128046022,4,4,2,2,2,0.919109,2,0.750231,Agriculture,Agriculture,Agriculture,Agriculture,No Change
2299.0,5,Ahmedabad,23.038687849935517,72.52517005304013,6,6,3,3,3,0.957008,3,0.904894,Built-up,Built-up,Built-up,Built-up,No Change
2300.0,5,Ahmedabad,23.01587064171888,72.53675832020527,6,6,3,3,3,0.956239,3,0.94367,Built-up,Built-up,Built-up,Built-up,No Change
2301.0,5,Ahmedabad,23.0212605334236,72.40560428872382,6,6,3,3,2,0.607948,2,0.450897,Built-up,Built-up,Agriculture,Agriculture,No Change
2302.0,5,Ahmedabad,22.92217635758521,72.58966909043991,4,4,2,2,2,0.826027,2,0.752712,Agriculture,Agriculture,Agriculture,Agriculture,No Change
2303.0,5,Ahmedabad,23.10004278384088,72.57107396405863,6,6,3,3,3,0.883421,3,0.939581,Built-up,Built-up,Built-up,Built-up,No Change
2304.0,5,Ahmedabad,22.94328676676202,72.60197600983234,4,6,2,3,0,0.414744,3,0.966198,Agriculture,Built-up,Water,Built-up,Water Loss
2305.0,5,Ahmedabad,23.039226839105982,72.40910771833188,1,5,1,1,1,0.741039,1,0.746012,Vegetation,Vegetation,Vegetation,Vegetation,No Change
2306.0,5,Ahmedabad,22.944903734273435,72.68255489081787,4,4,2,2,2,0.591933,3,0.464762,Agriculture,Agriculture,Agriculture,Built-up,Urban Expansion
2307.0,5,Ahmedabad,22.975805780047143,72.73492667188204,6,6,3,3,3,0.927446,3,0.974456,Built-up,Built-up,Built-up,Built-up,No Change
2308.0,5,Ahmedabad,23.05198291614048,72.42195362689479,1,1,1,1,1,0.558172,1,0.777439,Vegetation,Vegetation,Vegetation,Vegetation,No Change
2309.0,5,Ahmedabad,23.07480012435712,72.72369773083054,5,1,1,1,1,0.694269,1,0.680923,Vegetation,Vegetation,Vegetation,Vegetation,No Change
2310.0,5,Ahmedabad,22.905288030243764,72.65937835648758,4,4,2,2,2,0.747613,2,0.836345,Agriculture,Agriculture,Agriculture,Agriculture,No Change
2311.0,5,Ahmedabad,23.10929543126731,72.64805958390768,0,0,0,0,0,0.656779,0,0.998739,Water,Water,Water,Water,No Change
2312.0,5,Ahmedabad,23.18628105111635,72.63341704477652,6,6,3,3,3,0.65753,3,0.740288,Built-up,Built-up,Built-up,Built-up,No Change
2313.0,5,Ahmedabad,22.954605539341927,72.38656000470048,4,4,2,2,2,0.787435,2,0.78572,Agriculture,Agriculture,Agriculture,Agriculture,No Change
2314.0,5,Ahmedabad,23.12860920987588,72.4859136751241,1,1,1,1,1,0.656266,1,0.669408,Vegetation,Vegetation,Vegetation,Vegetation,No Change
2315.0,5,Ahmedabad,23.10588183318765,72.6489578991918,0,0,0,0,0,0.9824,0,0.823204,Water,Water,Water,Water,No Change
2316.0,5,Ahmedabad,22.91292371015878,72.63593232757206,4,4,2,2,2,0.679457,2,0.781405,Agriculture,Agriculture,Agriculture,Agriculture,No Change
2317.0,5,Ahmedabad,23.039137007577573,72.47270844044755,6,6,3,3,3,0.533293,3,0.652329,Built-up,Built-up,Built-up,Built-up,No Change
2318.0,5,Ahmedabad,22.90600668247106,72.68596848889752,4,4,2,2,2,0.550736,2,0.753139,Agriculture,Agriculture,Agriculture,Agriculture,No Change
2319.0,5,Ahmedabad,22.90286257897664,72.42967913833822,6,6,3,3,3,0.941296,3,0.960261,Built-up,Built-up,Built-up,Built-up,No Change
2320.0,5,Ahmedabad,22.913552530857665,72.36697673150668,4,7,2,4,2,0.42624,2,0.527934,Agriculture,Barren,Agriculture,Agriculture,No Change
2321.0,5,Ahmedabad,22.927835743875164,72.38961427666649,4,4,2,2,2,0.75143,2,0.527674,Agriculture,Agriculture,Agriculture,Agriculture,No Change
2322.0,5,Ahmedabad,22.954425876285104,72.6504850351748,4,6,2,3,2,0.761024,3,0.708918,Agriculture,Built-up,Agriculture,Built-up,Urban Expansion
2323.0,5,Ahmedabad,22.97077521445608,72.40605344636587,4,4,2,2,2,0.616273,2,0.409532,Agriculture,Agriculture,Agriculture,Agriculture,No Change
2324.0,5,Ahmedabad,23.061235563566918,72.48555434901046,4,4,2,2,2,0.472804,2,0.407253,Agriculture,Agriculture,Agriculture,Agriculture,No Change
2325.0,5,Ahmedabad,23.181879306224165,72.74660477057559,6,6,3,3,3,0.667512,3,0.547407,Built-up,Built-up,Built-up,Built-up,No Change
2326.0,5,Ahmedabad,22.91561865601114,72.48699165346504,0,0,0,0,0,0.978504,0,0.901292,Water,Water,Water,Water,No Change
2327.0,5,Ahmedabad,23.035992904083155,72.5955979713151,6,6,3,3,3,0.974909,3,0.970747,Built-up,Built-up,Built-up,Built-up,No Change
2328.0,5,Ahmedabad,23.03347762128762,72.57125362711545,6,6,3,3,3,0.640753,3,0.8267,Built-up,Built-up,Built-up,Built-up,No Change
2329.0,5,Ahmedabad,23.038687849935517,72.43740464978164,6,6,3,3,3,0.417122,3,0.630972,Built-up,Built-up,Built-up,Built-up,No Change
2330.0,5,Ahmedabad,22.928823890687696,72.74840140114382,1,6,1,3,1,0.73384,3,0.489651,Vegetation,Built-up,Vegetation,Built-up,Vegetation Loss
2331.0,5,Ahmedabad,23.066355960686398,72.53442270046655,6,6,3,3,3,0.976903,3,0.973562,Built-up,Built-up,Built-up,Built-up,No Change
2332.0,5,Ahmedabad,22.94607154414279,72.58490801943407,6,6,3,3,2,0.674198,2,0.54958,Built-up,Built-up,Agriculture,Agriculture,No Change
2333.0,5,Ahmedabad,23.049377801816537,72.59281319393432,6,6,3,3,3,0.775914,3,0.908872,Built-up,Built-up,Built-up,Built-up,No Change
2334.0,5,Ahmedabad,23.04695235054941,72.51537841644323,6,6,3,3,3,0.97751,3,0.831893,Built-up,Built-up,Built-up,Built-up,No Change
2335.0,5,Ahmedabad,23.10435469720465,72.4700134945952,6,6,3,3,3,0.922536,3,0.922695,Built-up,Built-up,Built-up,Built-up,No Change
2336.0,5,Ahmedabad,22.982632976206457,72.40111271230322,1,1,1,1,2,0.753598,1,0.698728,Vegetation,Vegetation,Agriculture,Vegetation,Vegetation Gain
2337.0,5,Ahmedabad,22.962870039955828,72.65111385587369,6,6,3,3,3,0.727873,3,0.891059,Built-up,Built-up,Built-up,Built-up,No Change
2338.0,5,Ahmedabad,23.02458429997484,72.56981632266087,6,6,3,3,3,0.874043,3,0.839175,Built-up,Built-up,Built-up,Built-up,No Change
2339.0,5,Ahmedabad,23.0288063818102,72.35916138853484,4,0,2,0,2,0.586988,1,0.495259,Agriculture,Water,Agriculture,Vegetation,Vegetation Gain
2340.0,5,Ahmedabad,23.087196875277968,72.62084063079885,6,6,3,3,3,0.608421,3,0.694928,Built-up,Built-up,Built-up,Built-up,No Change
2341.0,5,Ahmedabad,23.11279886087537,72.62703900625928,0,1,0,1,0,0.664539,1,0.61325,Water,Vegetation,Water,Vegetation,Water Loss
2342.0,5,Ahmedabad,22.924242482738688,72.62865597377069,1,4,1,2,1,0.669369,2,0.815782,Vegetation,Agriculture,Vegetation,Agriculture,Agriculture Gain
2343.0,5,Ahmedabad,23.066805118328453,72.55903653925144,6,6,3,3,3,0.750815,3,0.910497,Built-up,Built-up,Built-up,Built-up,No Change
2344.0,5,Ahmedabad,23.12708207389288,72.45680825991863,6,6,3,3,3,0.97079,3,0.991702,Built-up,Built-up,Built-up,Built-up,No Change
2345.0,5,Ahmedabad,22.97302100266638,72.46381511913476,6,4,3,2,3,0.701385,2,0.706824,Built-up,Agriculture,Built-up,Agriculture,Other Change
2346.0,5,Ahmedabad,23.095012218249806,72.73950807983104,4,4,2,2,2,0.476381,3,0.77611,Agriculture,Agriculture,Agriculture,Built-up,Urban Expansion
2347.0,5,Ahmedabad,22.95011396292133,72.67851247203933,4,4,2,2,2,0.744406,2,0.676854,Agriculture,Agriculture,Agriculture,Agriculture,No Change
2348.0,5,Ahmedabad,23.1821488008094,72.56909767043356,6,6,3,3,3,0.616494,3,0.807233,Built-up,Built-up,Built-up,Built-up,No Change
2349.0,5,Ahmedabad,22.99341275961589,72.62829664765705,6,6,3,3,3,0.989305,3,0.985833,Built-up,Built-up,Built-up,Built-up,No Change
2350.0,5,Ahmedabad,23.0949223867214,72.6391662625949,6,6,3,3,3,0.488887,3,0.653034,Built-up,Built-up,Built-up,Built-up,No Change
2351.0,5,Ahmedabad,23.109834420437775,72.53343455365402,4,6,2,3,2,0.530589,3,0.865708,Agriculture,Built-up,Agriculture,Built-up,Urban Expansion
2352.0,5,Ahmedabad,23.044167573168643,72.53612949950639,6,6,3,3,3,0.797803,3,0.68847,Built-up,Built-up,Built-up,Built-up,No Change
2353.0,5,Ahmedabad,23.0716560208627,72.52265477024459,6,6,3,3,3,0.662854,3,0.419307,Built-up,Built-up,Built-up,Built-up,No Change
2354.0,5,Ahmedabad,23.08638839152226,72.50639526360203,4,6,2,3,3,0.532486,3,0.840301,Agriculture,Built-up,Built-up,Built-up,No Change
2355.0,5,Ahmedabad,23.18852683932665,72.7248655406999,4,4,2,2,2,0.842421,2,0.884175,Agriculture,Agriculture,Agriculture,Agriculture,No Change
2356.0,5,Ahmedabad,23.087915527505263,72.50109520342572,4,6,2,3,2,0.81611,3,0.653472,Agriculture,Built-up,Agriculture,Built-up,Urban Expansion
2357.0,5,Ahmedabad,23.123668475813226,72.68390236374404,6,6,3,3,3,0.90065,3,0.977023,Built-up,Built-up,Built-up,Built-up,No Change
2358.0,5,Ahmedabad,23.08270529885737,72.65156301351574,6,6,3,3,3,0.662475,3,0.722489,Built-up,Built-up,Built-up,Built-up,No Change
2359.0,5,Ahmedabad,23.005180689837857,72.58930976432626,6,6,3,3,3,0.739233,3,0.833001,Built-up,Built-up,Built-up,Built-up,No Change
2360.0,5,Ahmedabad,23.15870277189388,72.45240651502644,4,1,2,1,2,0.814602,1,0.717614,Agriculture,Vegetation,Agriculture,Vegetation,Vegetation Gain
2361.0,5,Ahmedabad,22.903401568147117,72.70177883789802,4,4,2,2,2,0.796105,2,0.766835,Agriculture,Agriculture,Agriculture,Agriculture,No Change
2362.0,5,Ahmedabad,23.0904308103008,72.46983383153837,5,4,1,2,1,0.637147,2,0.834275,Vegetation,Agriculture,Vegetation,Agriculture,Agriculture Gain
2363.0,5,Ahmedabad,23.14064663468308,72.53469219505179,4,6,2,3,2,0.772512,3,0.693703,Agriculture,Built-up,Agriculture,Built-up,Urban Expansion
2364.0,5,Ahmedabad,23.10803778986954,72.51474959574433,4,4,2,2,2,0.89612,2,0.798001,Agriculture,Agriculture,Agriculture,Agriculture,No Change
2365.0,5,Ahmedabad,23.128070220705407,72.68740579335211,4,6,2,3,2,0.867616,3,0.843302,Agriculture,Built-up,Agriculture,Built-up,Urban Expansion
2366.0,5,Ahmedabad,23.069589895709225,72.48726114805028,4,6,2,3,2,0.579857,3,0.905109,Agriculture,Built-up,Agriculture,Built-up,Urban Expansion
2367.0,5,Ahmedabad,23.08692738069273,72.64365783901549,4,4,2,2,2,0.756649,2,0.693578,Agriculture,Agriculture,Agriculture,Agriculture,No Change
2368.0,5,Ahmedabad,22.965564985808182,72.4979510999313,6,6,3,3,2,0.742843,3,0.863572,Built-up,Built-up,Agriculture,Built-up,Urban Expansion
2369.0,5,Ahmedabad,23.084591760954023,72.56505525165502,6,6,3,3,3,0.851752,3,0.967373,Built-up,Built-up,Built-up,Built-up,No Change
2370.0,5,Ahmedabad,23.140736466211493,72.71175013755175,4,4,2,2,2,0.549679,3,0.517023,Agriculture,Agriculture,Agriculture,Built-up,Urban Expansion
2371.0,5,Ahmedabad,23.059618596055497,72.5362193310348,6,6,3,3,3,0.878207,3,0.919618,Built-up,Built-up,Built-up,Built-up,No Change
2372.0,5,Ahmedabad,22.90313207356188,72.6633309437377,4,1,2,1,2,0.871362,1,0.876289,Agriculture,Vegetation,Agriculture,Vegetation,Vegetation Gain
2373.0,5,Ahmedabad,23.18349627373558,72.66162414469788,6,6,3,3,3,0.92277,3,0.810296,Built-up,Built-up,Built-up,Built-up,No Change
2374.0,5,Ahmedabad,23.079740858419772,72.54726860902946,6,6,3,3,3,0.898053,3,0.82712,Built-up,Built-up,Built-up,Built-up,No Change
2375.0,5,Ahmedabad,22.938166369642538,72.37793617797294,6,6,3,3,3,0.492175,3,0.771984,Built-up,Built-up,Built-up,Built-up,No Change
2376.0,5,Ahmedabad,22.92325433592616,72.6294644575264,4,4,2,2,2,0.77862,2,0.702002,Agriculture,Agriculture,Agriculture,Agriculture,No Change
2377.0,5,Ahmedabad,22.91094741653372,72.40785007693411,4,3,2,1,2,0.598839,1,0.579227,Agriculture,Vegetation,Agriculture,Vegetation,Vegetation Gain
2378.0,5,Ahmedabad,23.198318475923557,72.47809833215226,4,4,2,2,2,0.907343,2,0.868561,Agriculture,Agriculture,Agriculture,Agriculture,No Change
2379.0,5,Ahmedabad,23.044257404697056,72.71785868148376,4,4,2,2,2,0.767848,2,0.764209,Agriculture,Agriculture,Agriculture,Agriculture,No Change
2380.0,5,Ahmedabad,23.137502531188662,72.49588497477782,4,4,2,2,1,0.649868,1,0.456655,Agriculture,Agriculture,Vegetation,Vegetation,No Change
2381.0,5,Ahmedabad,23.02018255508265,72.40111271230322,5,7,1,4,1,0.589861,4,0.984526,Vegetation,Barren,Vegetation,Barren,Vegetation Loss
2382.0,5,Ahmedabad,23.05377954670872,72.4144976100366,4,4,2,2,2,0.53646,2,0.488507,Agriculture,Agriculture,Agriculture,Agriculture,No Change
2383.0,5,Ahmedabad,23.14136528691037,72.61994231551473,4,4,2,2,2,0.724552,2,0.762809,Agriculture,Agriculture,Agriculture,Agriculture,No Change
2384.0,5,Ahmedabad,22.94131047313696,72.52633786290949,4,6,2,3,2,0.74771,3,0.838863,Agriculture,Built-up,Agriculture,Built-up,Urban Expansion
2385.0,5,Ahmedabad,22.985777079700878,72.73142324227396,4,6,2,3,2,0.867165,3,0.708491,Agriculture,Built-up,Agriculture,Built-up,Urban Expansion
2386.0,5,Ahmedabad,23.124836285682576,72.36077835604625,1,4,1,2,1,0.397034,2,0.508389,Vegetation,Agriculture,Vegetation,Agriculture,Agriculture Gain
2387.0,5,Ahmedabad,23.17343514255344,72.49822059451654,4,4,2,2,2,0.872796,2,0.854343,Agriculture,Agriculture,Agriculture,Agriculture,No Change
2388.0,5,Ahmedabad,23.03895734452075,72.38476337413225,4,4,2,2,2,0.680251,2,0.804672,Agriculture,Agriculture,Agriculture,Agriculture,No Change
2389.0,5,Ahmedabad,23.096808848818046,72.61365410852589,6,6,3,3,3,0.708031,3,0.898702,Built-up,Built-up,Built-up,Built-up,No Change
2390.0,5,Ahmedabad,22.91642713976685,72.7316927368592,4,6,2,3,2,0.793902,3,0.724704,Agriculture,Built-up,Agriculture,Built-up,Urban Expansion
2391.0,5,Ahmedabad,22.924961134965983,72.55697041409796,6,6,3,3,3,0.926282,3,0.949665,Built-up,Built-up,Built-up,Built-up,No Change
2392.0,5,Ahmedabad,23.162655359144008,72.51385128046022,4,4,2,2,2,0.922889,2,0.889807,Agriculture,Agriculture,Agriculture,Agriculture,No Change
2393.0,5,Ahmedabad,22.987214384155465,72.51430043810228,6,6,3,3,3,0.963664,3,0.972228,Built-up,Built-up,Built-up,Built-up,No Change
2394.0,5,Ahmedabad,23.17298598491138,72.64931722530544,4,4,2,2,2,0.378563,2,0.656232,Agriculture,Agriculture,Agriculture,Agriculture,No Change
2395.0,5,Ahmedabad,23.14819248306968,72.4453098242819,6,6,3,3,3,0.971691,3,0.954764,Built-up,Built-up,Built-up,Built-up,No Change
2396.0,5,Ahmedabad,23.17559109923533,72.5010053718973,4,4,2,2,2,0.626584,2,0.808183,Agriculture,Agriculture,Agriculture,Agriculture,No Change
2397.0,5,Ahmedabad,23.141724613024024,72.48016445730573,4,4,2,2,2,0.472958,2,0.771618,Agriculture,Agriculture,Agriculture,Agriculture,No Change
2398.0,5,Ahmedabad,23.13606522673407,72.498759583687,4,6,2,3,2,0.761531,3,0.858323,Agriculture,Built-up,Agriculture,Built-up,Urban Expansion
2399.0,5,Ahmedabad,23.190413301423305,72.71498407257458,4,4,2,2,2,0.804081,2,0.820029,Agriculture,Agriculture,Agriculture,Agriculture,No Change
2400.0,5,Ahmedabad,23.11486498602885,72.36473094329638,4,4,2,2,2,0.721027,2,0.834834,Agriculture,Agriculture,Agriculture,Agriculture,No Change
2401.0,5,Ahmedabad,23.135077079921537,72.58670465000232,6,6,3,3,2,0.535198,3,0.415842,Built-up,Built-up,Agriculture,Built-up,Urban Expansion
2402.0,5,Ahmedabad,22.97553628546191,72.44971156917408,4,4,2,2,2,0.744881,2,0.741819,Agriculture,Agriculture,Agriculture,Agriculture,No Change
2403.0,5,Ahmedabad,22.974188812535733,72.37946331395594,4,6,2,3,2,0.744254,3,0.774258,Agriculture,Built-up,Agriculture,Built-up,Urban Expansion
2404.0,5,Ahmedabad,22.92118821077268,72.53154809155737,1,1,1,1,1,0.879043,1,0.595426,Vegetation,Vegetation,Vegetation,Vegetation,No Change
2405.0,5,Ahmedabad,23.156097657569934,72.37578022129105,4,4,2,2,2,0.853304,2,0.83854,Agriculture,Agriculture,Agriculture,Agriculture,No Change
2406.0,5,Ahmedabad,23.060876237453265,72.70447378375039,4,4,2,2,2,0.794947,2,0.818208,Agriculture,Agriculture,Agriculture,Agriculture,No Change
2407.0,5,Ahmedabad,23.083962940255137,72.41952817562768,4,6,2,3,2,0.820951,3,0.754014,Agriculture,Built-up,Agriculture,Built-up,Urban Expansion
2408.0,5,Ahmedabad,23.196611676883727,72.40138220688846,4,4,2,2,2,0.802922,2,0.765274,Agriculture,Agriculture,Agriculture,Agriculture,No Change
2409.0,5,Ahmedabad,23.09052064182921,72.62641018556039,0,0,0,0,0,0.934106,0,0.988741,Water,Water,Water,Water,No Change
2410.0,5,Ahmedabad,23.083873108726724,72.4866323273514,4,4,2,2,2,0.850046,2,0.75728,Agriculture,Agriculture,Agriculture,Agriculture,No Change
2411.0,5,Ahmedabad,22.968888752359423,72.62838647918545,6,6,3,3,3,0.82454,3,0.984539,Built-up,Built-up,Built-up,Built-up,No Change
2412.0,5,Ahmedabad,22.94184946230743,72.42518756191762,4,4,2,2,2,0.633284,2,0.895262,Agriculture,Agriculture,Agriculture,Agriculture,No Change
2413.0,5,Ahmedabad,23.095012218249806,72.51430043810228,6,6,3,3,1,0.502576,3,0.830895,Built-up,Built-up,Vegetation,Built-up,Vegetation Loss
2414.0,5,Ahmedabad,23.044616730810706,72.72136211109184,4,4,2,2,1,0.661287,1,0.69108,Agriculture,Agriculture,Vegetation,Vegetation,No Change
2415.0,5,Ahmedabad,23.19005397530965,72.69989237580137,4,4,2,2,2,0.819438,2,0.748606,Agriculture,Agriculture,Agriculture,Agriculture,No Change
2416.0,5,Ahmedabad,23.15403153241646,72.60907270057689,4,4,2,2,2,0.781707,2,0.642225,Agriculture,Agriculture,Agriculture,Agriculture,No Change
2417.0,5,Ahmedabad,23.194365888673428,72.3588918939496,4,5,2,1,2,0.81884,1,0.589154,Agriculture,Vegetation,Agriculture,Vegetation,Vegetation Gain
2418.0,5,Ahmedabad,23.096629185761223,72.44477083511143,4,6,2,3,2,0.768418,3,0.648658,Agriculture,Built-up,Agriculture,Built-up,Urban Expansion
2419.0,5,Ahmedabad,23.153402711717572,72.47621187005561,4,6,2,3,2,0.894703,3,0.588267,Agriculture,Built-up,Agriculture,Built-up,Urban Expansion
2420.0,5,Ahmedabad,22.98910084625212,72.68947191850559,4,4,2,2,2,0.891899,2,0.885283,Agriculture,Agriculture,Agriculture,Agriculture,No Change
2421.0,5,Ahmedabad,22.94535289191549,72.63781878966871,6,6,3,3,3,0.555387,3,0.892857,Built-up,Built-up,Built-up,Built-up,No Change
2422.0,5,Ahmedabad,22.93133917348323,72.4302181275087,4,4,2,2,1,0.514468,1,0.583337,Agriculture,Agriculture,Vegetation,Vegetation,No Change
2423.0,5,Ahmedabad,22.9401426632676,72.4949866594937,4,0,2,0,2,0.802588,0,0.777595,Agriculture,Water,Agriculture,Water,Water Gain
2424.0,5,Ahmedabad,23.175052110064858,72.59586746590033,4,4,2,2,2,0.739133,2,0.889979,Agriculture,Agriculture,Agriculture,Agriculture,No Change
2425.0,5,Ahmedabad,23.05503718810649,72.68363286915881,4,4,2,2,2,0.701072,2,0.810046,Agriculture,Agriculture,Agriculture,Agriculture,No Change
2426.0,5,Ahmedabad,23.05279139989619,72.70034153344344,4,4,2,2,2,0.917172,2,0.850898,Agriculture,Agriculture,Agriculture,Agriculture,No Change
2427.0,5,Ahmedabad,22.94643087025644,72.63287805560606,6,6,3,3,3,0.893981,3,0.707911,Built-up,Built-up,Built-up,Built-up,No Change
2428.0,5,Ahmedabad,23.1234888127564,72.44288437301478,6,6,3,3,3,0.457483,3,0.715338,Built-up,Built-up,Built-up,Built-up,No Change
2429.0,5,Ahmedabad,22.937357885886836,72.74831156961541,1,4,1,2,1,0.711265,2,0.744919,Vegetation,Agriculture,Vegetation,Agriculture,Agriculture Gain
2430.0,5,Ahmedabad,22.92325433592616,72.57727233951906,4,4,2,2,2,0.664137,2,0.646764,Agriculture,Agriculture,Agriculture,Agriculture,No Change
2431.0,5,Ahmedabad,23.04506588845276,72.64240019761772,6,6,3,3,3,0.980108,3,0.974376,Built-up,Built-up,Built-up,Built-up,No Change
2432.0,5,Ahmedabad,23.11037340960825,72.55867721313778,4,6,2,3,2,0.494403,2,0.662608,Agriculture,Built-up,Agriculture,Agriculture,No Change
2433.0,5,Ahmedabad,22.97814139978586,72.59757426494016,6,6,3,3,3,0.978918,3,0.948529,Built-up,Built-up,Built-up,Built-up,No Change
2434.0,5,Ahmedabad,23.040933638145813,72.51501909032957,6,6,3,3,3,0.554606,3,0.526001,Built-up,Built-up,Built-up,Built-up,No Change
2435.0,5,Ahmedabad,23.152324733376638,72.52786499889248,4,4,2,2,2,0.829979,2,0.826558,Agriculture,Agriculture,Agriculture,Agriculture,No Change
2436.0,5,Ahmedabad,22.94373592440408,72.6001793792641,4,6,2,3,2,0.69909,3,0.976389,Agriculture,Built-up,Agriculture,Built-up,Urban Expansion
2437.0,5,Ahmedabad,22.9814651663371,72.35296301307442,6,6,3,3,3,0.750585,3,0.685525,Built-up,Built-up,Built-up,Built-up,No Change
2438.0,5,Ahmedabad,23.17783688744563,72.66243262845359,6,6,3,3,2,0.559094,3,0.488791,Built-up,Built-up,Agriculture,Built-up,Urban Expansion
2439.0,5,Ahmedabad,23.16283502220083,72.59092673183767,0,0,0,0,0,0.750498,0,0.820365,Water,Water,Water,Water,No Change
2440.0,5,Ahmedabad,22.911755900289425,72.50379014927807,4,4,2,2,2,0.859615,2,0.715001,Agriculture,Agriculture,Agriculture,Agriculture,No Change
2441.0,5,Ahmedabad,22.955593686154455,72.41126367501377,4,4,2,2,2,0.917899,2,0.668974,Agriculture,Agriculture,Agriculture,Agriculture,No Change
2442.0,5,Ahmedabad,23.121063361489277,72.49462733338007,4,4,2,2,2,0.742852,2,0.863582,Agriculture,Agriculture,Agriculture,Agriculture,No Change
2443.0,5,Ahmedabad,23.100402109954526,72.6730327488062,6,6,3,3,3,0.860759,3,0.735493,Built-up,Built-up,Built-up,Built-up,No Change
2444.0,5,Ahmedabad,23.155558668399465,72.38979393972332,4,1,2,1,2,0.779057,1,0.622872,Agriculture,Vegetation,Agriculture,Vegetation,Vegetation Gain
2445.0,5,Ahmedabad,22.954605539341927,72.48025428883415,6,6,3,3,3,0.639452,3,0.894929,Built-up,Built-up,Built-up,Built-up,No Change
2446.0,5,Ahmedabad,23.04353875246976,72.71031283309716,4,4,2,2,2,0.831033,2,0.775017,Agriculture,Agriculture,Agriculture,Agriculture,No Change
2447.0,5,Ahmedabad,23.02377581621913,72.58014694842824,6,6,3,3,3,0.654936,3,0.853154,Built-up,Built-up,Built-up,Built-up,No Change
2448.0,5,Ahmedabad,23.02575210984419,72.65443762242492,6,6,3,3,3,0.894211,3,0.875913,Built-up,Built-up,Built-up,Built-up,No Change
2449.0,5,Ahmedabad,22.943646092875667,72.58625549236025,6,6,3,3,3,0.713893,3,0.922967,Built-up,Built-up,Built-up,Built-up,No Change
2450.0,5,Ahmedabad,23.066894949856867,72.5671213768085,6,6,3,3,3,0.992461,3,0.934603,Built-up,Built-up,Built-up,Built-up,No Change
2451.0,5,Ahmedabad,23.11854807869374,72.50756307347139,6,6,3,3,3,0.532316,3,0.743154,Built-up,Built-up,Built-up,Built-up,No Change
2452.0,5,Ahmedabad,23.1129785239322,72.74319117249593,6,6,3,3,3,0.724562,3,0.809942,Built-up,Built-up,Built-up,Built-up,No Change
2453.0,5,Ahmedabad,23.176848740633098,72.39742961963833,4,4,2,2,2,0.81702,2,0.841615,Agriculture,Agriculture,Agriculture,Agriculture,No Change
2454.0,5,Ahmedabad,23.09887497397152,72.38269724897877,4,4,2,2,2,0.866714,2,0.892796,Agriculture,Agriculture,Agriculture,Agriculture,No Change
2455.0,5,Ahmedabad,23.10076143606817,72.55777889785367,6,6,3,3,3,0.978141,3,0.97739,Built-up,Built-up,Built-up,Built-up,No Change
2456.0,5,Ahmedabad,22.961432735501237,72.74453864542211,4,4,2,2,2,0.839714,2,0.847331,Agriculture,Agriculture,Agriculture,Agriculture,No Change
2457.0,5,Ahmedabad,23.06967972723764,72.43192492654852,4,4,2,2,2,0.798456,2,0.779675,Agriculture,Agriculture,Agriculture,Agriculture,No Change
2458.0,5,Ahmedabad,23.09132912558492,72.51268347059086,4,4,2,2,3,0.582517,2,0.527486,Agriculture,Agriculture,Built-up,Agriculture,Other Change
2459.0,5,Ahmedabad,23.142263602194493,72.41063485431489,2,2,1,1,1,0.765558,1,0.761002,Vegetation,Vegetation,Vegetation,Vegetation,No Change
2460.0,5,Ahmedabad,23.065727139987512,72.57224177392798,6,6,3,3,3,0.636717,3,0.847926,Built-up,Built-up,Built-up,Built-up,No Change
2461.0,5,Ahmedabad,23.00455186913897,72.41153316959901,4,4,2,2,2,0.852021,2,0.77478,Agriculture,Agriculture,Agriculture,Agriculture,No Change
2462.0,5,Ahmedabad,22.924332314267097,72.71929598593836,4,4,2,2,2,0.728571,2,0.775952,Agriculture,Agriculture,Agriculture,Agriculture,No Change
2463.0,5,Ahmedabad,23.011558728355105,72.39985507090545,4,4,2,2,2,0.901377,2,0.863804,Agriculture,Agriculture,Agriculture,Agriculture,No Change
2464.0,5,Ahmedabad,23.13606522673407,72.69674827230695,4,4,2,2,2,0.460556,2,0.634187,Agriculture,Agriculture,Agriculture,Agriculture,No Change
2465.0,5,Ahmedabad,23.17568093076374,72.57772149716112,6,6,3,3,3,0.652939,3,0.650358,Built-up,Built-up,Built-up,Built-up,No Change
2466.0,5,Ahmedabad,23.14513821110368,72.41575525143436,1,1,1,1,1,0.697629,1,0.723761,Vegetation,Vegetation,Vegetation,Vegetation,No Change
2467.0,5,Ahmedabad,23.10426486567624,72.70474327833561,4,6,2,3,3,0.51568,2,0.554557,Agriculture,Built-up,Built-up,Agriculture,Other Change
2468.0,5,Ahmedabad,23.14837214612651,72.51052751390898,4,0,2,0,2,0.765423,0,0.634654,Agriculture,Water,Agriculture,Water,Water Gain
2469.0,5,Ahmedabad,23.14432972734797,72.38611084705842,4,4,2,2,2,0.795205,2,0.819666,Agriculture,Agriculture,Agriculture,Agriculture,No Change
2470.0,5,Ahmedabad,23.04183195342993,72.70905519169939,4,6,2,3,2,0.92604,3,0.899949,Agriculture,Built-up,Agriculture,Built-up,Urban Expansion
2471.0,5,Ahmedabad,23.146306020973032,72.52804466194931,4,4,2,2,2,0.837047,2,0.844319,Agriculture,Agriculture,Agriculture,Agriculture,No Change
2472.0,5,Ahmedabad,23.177747055917216,72.70025170191502,4,4,2,2,2,0.762126,1,0.528009,Agriculture,Agriculture,Agriculture,Vegetation,Vegetation Gain
2473.0,5,Ahmedabad,23.06375084636245,72.52543954762537,6,6,3,3,3,0.907835,3,0.982041,Built-up,Built-up,Built-up,Built-up,No Change
2474.0,5,Ahmedabad,22.994939895598893,72.42258244759367,4,5,2,1,2,0.723788,1,0.669886,Agriculture,Vegetation,Agriculture,Vegetation,Vegetation Gain
2475.0,5,Ahmedabad,23.07677641798218,72.41395862086613,1,1,1,1,2,0.498459,2,0.45534,Vegetation,Vegetation,Agriculture,Agriculture,No Change
2476.0,5,Ahmedabad,22.912294889459897,72.72405705694419,4,6,2,3,1,0.448878,2,0.643557,Agriculture,Built-up,Vegetation,Agriculture,Agriculture Gain
2477.0,5,Ahmedabad,22.962241219256946,72.40039406007593,4,4,2,2,2,0.911385,2,0.897576,Agriculture,Agriculture,Agriculture,Agriculture,No Change
2478.0,5,Ahmedabad,22.956312338381757,72.47755934298179,6,6,3,3,3,0.723327,3,0.786578,Built-up,Built-up,Built-up,Built-up,No Change
2479.0,5,Ahmedabad,23.16687744097937,72.5715231217007,4,6,2,3,2,0.750287,3,0.784966,Agriculture,Built-up,Agriculture,Built-up,Urban Expansion
2480.0,5,Ahmedabad,22.97877022048474,72.47549321782832,4,1,2,1,2,0.759961,1,0.730105,Agriculture,Vegetation,Agriculture,Vegetation,Vegetation Gain
2481.0,5,Ahmedabad,23.16535030499637,72.65677324216364,4,6,2,3,2,0.900329,3,0.465261,Agriculture,Built-up,Agriculture,Built-up,Urban Expansion
2482.0,5,Ahmedabad,22.99215511821812,72.5520296800353,6,6,3,3,3,0.937589,3,0.687882,Built-up,Built-up,Built-up,Built-up,No Change
2483.0,5,Ahmedabad,22.95577334921128,72.49777143687447,6,6,3,3,3,0.688231,2,0.71487,Built-up,Built-up,Built-up,Agriculture,Other Change
2484.0,5,Ahmedabad,23.08090866828913,72.7452572976494,4,4,2,2,2,0.812134,2,0.803827,Agriculture,Agriculture,Agriculture,Agriculture,No Change
2485.0,5,Ahmedabad,23.124836285682576,72.53487185810862,4,6,2,3,2,0.771566,3,0.887548,Agriculture,Built-up,Agriculture,Built-up,Urban Expansion
2486.0,5,Ahmedabad,23.167775756263488,72.55571277270019,4,4,2,2,2,0.560009,2,0.734958,Agriculture,Agriculture,Agriculture,Agriculture,No Change
2487.0,5,Ahmedabad,23.069949221822878,72.49597480630624,1,6,1,3,1,0.698114,3,0.589104,Vegetation,Built-up,Vegetation,Built-up,Vegetation Loss
2488.0,5,Ahmedabad,23.1964320138269,72.74660477057559,4,4,2,2,2,0.881246,2,0.803935,Agriculture,Agriculture,Agriculture,Agriculture,No Change
2489.0,5,Ahmedabad,23.100402109954526,72.70195850095485,6,6,3,3,3,0.483828,3,0.606526,Built-up,Built-up,Built-up,Built-up,No Change
2490.0,5,Ahmedabad,23.15492984770058,72.7452572976494,4,4,2,2,2,0.880552,2,0.906785,Agriculture,Agriculture,Agriculture,Agriculture,No Change
2491.0,5,Ahmedabad,22.90825247068136,72.35017823569365,4,4,2,2,2,0.568126,2,0.388514,Agriculture,Agriculture,Agriculture,Agriculture,No Change
2492.0,5,Ahmedabad,23.161936706916716,72.62658984861721,4,4,2,2,2,0.872606,2,0.890779,Agriculture,Agriculture,Agriculture,Agriculture,No Change
2493.0,5,Ahmedabad,23.19858797050879,72.48753064263552,4,4,2,2,3,0.424542,2,0.643777,Agriculture,Agriculture,Built-up,Agriculture,Other Change
2494.0,5,Ahmedabad,22.951191941262277,72.46354562454952,4,4,2,2,2,0.787016,2,0.796823,Agriculture,Agriculture,Agriculture,Agriculture,No Change
2495.0,5,Ahmedabad,23.072195010033173,72.45321499878216,5,1,1,1,1,0.4907,1,0.528993,Vegetation,Vegetation,Vegetation,Vegetation,No Change
2496.0,5,Ahmedabad,22.908521965266598,72.59766409646858,6,6,3,3,3,0.870616,3,0.785552,Built-up,Built-up,Built-up,Built-up,No Change
2497.0,5,Ahmedabad,23.01263670669605,72.7324113890865,6,6,3,3,3,0.617204,3,0.958254,Built-up,Built-up,Built-up,Built-up,No Change
2498.0,5,Ahmedabad,23.166248620280484,72.45842522743004,6,6,3,3,3,0.762203,3,0.642712,Built-up,Built-up,Built-up,Built-up,No Change
2499.0,5,Ahmedabad,23.107408969170656,72.35080705639253,4,4,2,2,2,0.536209,2,0.517901,Agriculture,Agriculture,Agriculture,Agriculture,No Change
2500.0,6,Jaipur,27.009421068800624,75.90274568980111,4,4,2,2,2,0.588346,2,0.486032,Agriculture,Agriculture,Agriculture,Agriculture,No Change
2501.0,6,Jaipur,27.03915530470498,76.07656969727825,1,1,1,1,1,0.685636,1,0.869773,Vegetation,Vegetation,Vegetation,Vegetation,No Change
2502.0,6,Jaipur,27.07607606288229,75.70556548493688,4,4,2,2,3,0.544092,2,0.87813,Agriculture,Agriculture,Built-up,Agriculture,Other Change
2503.0,6,Jaipur,26.81547479895922,75.91451362002309,4,6,2,3,2,0.813858,3,0.616377,Agriculture,Built-up,Agriculture,Built-up,Urban Expansion
2504.0,6,Jaipur,26.92408111680927,76.06228648426074,6,4,3,2,3,0.525697,2,0.973673,Built-up,Agriculture,Built-up,Agriculture,Other Change
2505.0,6,Jaipur,26.83793268106221,75.96993967305325,1,4,1,2,1,0.510598,2,0.877127,Vegetation,Agriculture,Vegetation,Agriculture,Agriculture Gain
2506.0,6,Jaipur,27.092874558695325,75.86663341537951,4,5,2,1,2,0.85733,1,0.730659,Agriculture,Vegetation,Agriculture,Vegetation,Vegetation Gain
2507.0,6,Jaipur,26.83541739826667,75.81767523239499,6,6,3,3,3,0.714644,3,0.854604,Built-up,Built-up,Built-up,Built-up,No Change
2508.0,6,Jaipur,26.846736170846576,75.6148356412408,5,6,1,3,1,0.653923,3,0.82999,Vegetation,Built-up,Vegetation,Built-up,Vegetation Loss
2509.0,6,Jaipur,26.840627626914564,75.96607691733153,6,6,3,3,2,0.528084,2,0.475465,Built-up,Built-up,Agriculture,Agriculture,No Change
2510.0,6,Jaipur,26.788166014321984,75.8605248714475,6,6,3,3,3,0.651866,3,0.827169,Built-up,Built-up,Built-up,Built-up,No Change
2511.0,6,Jaipur,27.076345557467526,76.07019165876099,5,5,1,1,1,0.624034,1,0.725095,Vegetation,Vegetation,Vegetation,Vegetation,No Change
2512.0,6,Jaipur,27.04750963684729,75.78344942007004,4,6,2,3,2,0.478807,2,0.372082,Agriculture,Built-up,Agriculture,Agriculture,No Change
2513.0,6,Jaipur,26.994329372027416,75.70260104449929,4,6,2,3,2,0.731611,3,0.693518,Agriculture,Built-up,Agriculture,Built-up,Urban Expansion
2514.0,6,Jaipur,26.93755584607106,76.03156410154385,5,5,1,1,1,0.611323,1,0.511853,Vegetation,Vegetation,Vegetation,Vegetation,No Change
2515.0,6,Jaipur,27.04508418558017,75.60540333075755,6,6,3,3,2,0.441436,3,0.827768,Built-up,Built-up,Agriculture,Built-up,Urban Expansion
2516.0,6,Jaipur,27.030172151863784,75.88711500385743,4,4,2,2,2,0.784139,2,0.773973,Agriculture,Agriculture,Agriculture,Agriculture,No Change
2517.0,6,Jaipur,27.04427570182446,75.8529790230609,1,1,1,1,1,0.700658,1,0.679918,Vegetation,Vegetation,Vegetation,Vegetation,No Change
2518.0,6,Jaipur,27.016966917187226,75.9980569414462,1,5,1,1,1,0.745407,1,0.768007,Vegetation,Vegetation,Vegetation,Vegetation,No Change
2519.0,6,Jaipur,26.80721029834532,75.7568592876601,5,6,1,3,1,0.507471,3,0.81268,Vegetation,Built-up,Vegetation,Built-up,Vegetation Loss
2520.0,6,Jaipur,26.99783280163548,75.79656482321819,6,6,3,3,3,0.808272,3,0.830258,Built-up,Built-up,Built-up,Built-up,No Change
2521.0,6,Jaipur,27.000078589845774,75.65175639941812,4,4,2,2,2,0.912265,2,0.802461,Agriculture,Agriculture,Agriculture,Agriculture,No Change
2522.0,6,Jaipur,26.89093328282526,75.86259099660097,5,1,1,1,1,0.797579,1,0.726762,Vegetation,Vegetation,Vegetation,Vegetation,No Change
2523.0,6,Jaipur,26.80208990122584,76.02078431813442,4,6,2,3,2,0.828254,3,0.587791,Agriculture,Built-up,Agriculture,Built-up,Urban Expansion
2524.0,6,Jaipur,26.756545316320977,76.01647240477064,4,4,2,2,2,0.804941,2,0.854008,Agriculture,Agriculture,Agriculture,Agriculture,No Change
2525.0,6,Jaipur,26.860929552335666,75.65436151374206,4,4,2,2,2,0.821471,2,0.856685,Agriculture,Agriculture,Agriculture,Agriculture,No Change
2526.0,6,Jaipur,26.79634068340747,76.00272818092361,4,4,2,2,2,0.885651,2,0.771184,Agriculture,Agriculture,Agriculture,Agriculture,No Change
2527.0,6,Jaipur,27.08191511222907,76.09273937239239,1,1,1,1,1,0.931787,1,0.890121,Vegetation,Vegetation,Vegetation,Vegetation,No Change
2528.0,6,Jaipur,26.826434245425475,75.62444761478089,5,5,1,1,1,0.557933,1,0.701193,Vegetation,Vegetation,Vegetation,Vegetation,No Change
2529.0,6,Jaipur,27.07922016637671,76.06641873456769,1,4,1,2,1,0.60967,2,0.927368,Vegetation,Agriculture,Vegetation,Agriculture,Agriculture Gain
2530.0,6,Jaipur,26.76454032234964,75.73404207944347,6,6,3,3,3,0.544508,3,0.543657,Built-up,Built-up,Built-up,Built-up,No Change
2531.0,6,Jaipur,27.087933824632668,75.81578877029834,4,4,2,2,2,0.784031,2,0.916122,Agriculture,Agriculture,Agriculture,Agriculture,No Change
2532.0,6,Jaipur,26.840986953028214,75.94811061164916,4,6,2,3,2,0.772782,3,0.632131,Agriculture,Built-up,Agriculture,Built-up,Urban Expansion
2533.0,6,Jaipur,26.867217759324504,75.83411440209439,5,1,1,1,1,0.669613,1,0.799637,Vegetation,Vegetation,Vegetation,Vegetation,No Change
2534.0,6,Jaipur,26.774511622003367,76.03246241682797,4,6,2,3,2,0.913475,2,0.495278,Agriculture,Built-up,Agriculture,Agriculture,No Change
2535.0,6,Jaipur,26.94168809637801,75.92915615915423,5,0,1,0,3,0.489145,0,0.966288,Vegetation,Water,Built-up,Water,Water Gain
2536.0,6,Jaipur,27.04202991361416,75.74248624311419,6,6,3,3,3,0.612865,3,0.717966,Built-up,Built-up,Built-up,Built-up,No Change
2537.0,6,Jaipur,26.97178165839601,76.07387475142588,4,5,2,1,2,0.762034,1,0.838251,Agriculture,Vegetation,Agriculture,Vegetation,Vegetation Gain
2538.0,6,Jaipur,27.027028048369367,75.95439881863798,6,4,3,2,3,0.51541,2,0.791558,Built-up,Agriculture,Built-up,Agriculture,Other Change
2539.0,6,Jaipur,27.00079724207308,75.88567769940285,6,6,3,3,3,0.824764,3,0.660469,Built-up,Built-up,Built-up,Built-up,No Change
2540.0,6,Jaipur,26.850419263511466,75.70960790371542,6,6,3,3,3,0.544046,3,0.476625,Built-up,Built-up,Built-up,Built-up,No Change
2541.0,6,Jaipur,26.938454161355185,75.90912372831836,4,4,2,2,2,0.890922,2,0.782752,Agriculture,Agriculture,Agriculture,Agriculture,No Change
2542.0,6,Jaipur,26.84413105652263,75.98745682109359,4,4,2,2,2,0.71783,3,0.412919,Agriculture,Agriculture,Agriculture,Built-up,Urban Expansion
2543.0,6,Jaipur,26.910606387547475,75.60010327058124,4,6,2,3,2,0.911304,3,0.544393,Agriculture,Built-up,Agriculture,Built-up,Urban Expansion
2544.0,6,Jaipur,26.993790382856943,75.84462469091858,1,1,1,1,1,0.841198,1,0.838697,Vegetation,Vegetation,Vegetation,Vegetation,No Change
2545.0,6,Jaipur,26.92138617095691,75.91738822893227,4,4,2,2,2,0.797598,2,0.800852,Agriculture,Agriculture,Agriculture,Agriculture,No Change
2546.0,6,Jaipur,26.94438304223037,75.65894292169108,5,5,1,1,1,0.53248,1,0.675578,Vegetation,Vegetation,Vegetation,Vegetation,No Change
2547.0,6,Jaipur,27.04661132156317,75.9634718030076,6,6,3,3,2,0.620392,2,0.62295,Built-up,Built-up,Agriculture,Agriculture,No Change
2548.0,6,Jaipur,26.85185656796606,75.66424298186737,5,6,1,3,2,0.516342,2,0.58559,Vegetation,Built-up,Agriculture,Agriculture,No Change
2549.0,6,Jaipur,26.80451535249296,76.0860020077615,6,6,3,3,1,0.415705,2,0.377805,Built-up,Built-up,Vegetation,Agriculture,Agriculture Gain
2550.0,6,Jaipur,26.809366255027204,75.67071085191304,5,5,1,1,3,0.441612,2,0.402299,Vegetation,Vegetation,Built-up,Agriculture,Other Change
2551.0,6,Jaipur,26.76013857745745,75.68634153785672,4,5,2,1,2,0.767093,1,0.635438,Agriculture,Vegetation,Agriculture,Vegetation,Vegetation Gain
2552.0,6,Jaipur,26.79625085187906,75.6652311286799,5,6,1,3,1,0.778072,3,0.447402,Vegetation,Built-up,Vegetation,Built-up,Vegetation Loss
2553.0,6,Jaipur,26.877638216620287,75.79620549710454,6,6,3,3,3,0.868847,3,0.9442,Built-up,Built-up,Built-up,Built-up,No Change
2554.0,6,Jaipur,26.80388653179408,75.79117493151347,6,6,3,3,3,0.833481,3,0.683654,Built-up,Built-up,Built-up,Built-up,No Change
2555.0,6,Jaipur,26.97537491953249,75.90005074394875,4,4,2,2,2,0.846137,2,0.956892,Agriculture,Agriculture,Agriculture,Agriculture,No Change
2556.0,6,Jaipur,27.05029441422806,75.61753058709317,4,4,2,2,2,0.835894,2,0.94697,Agriculture,Agriculture,Agriculture,Agriculture,No Change
2557.0,6,Jaipur,27.032148445488847,76.03102511237338,4,4,2,2,2,0.884115,2,0.787293,Agriculture,Agriculture,Agriculture,Agriculture,No Change
2558.0,6,Jaipur,26.94743731419637,75.67834653182805,4,6,2,3,2,0.77034,3,0.466784,Agriculture,Built-up,Agriculture,Built-up,Urban Expansion
2559.0,6,Jaipur,26.79490337895288,76.0018298656395,4,4,2,2,2,0.974362,2,0.922863,Agriculture,Agriculture,Agriculture,Agriculture,No Change
2560.0,6,Jaipur,26.90809110475194,75.62696289757642,4,4,2,2,2,0.829941,2,0.723154,Agriculture,Agriculture,Agriculture,Agriculture,No Change
2561.0,6,Jaipur,26.92488960056497,75.79422920347947,6,6,3,3,3,0.945578,3,0.96692,Built-up,Built-up,Built-up,Built-up,No Change
2562.0,6,Jaipur,26.97330879437902,75.62112384822964,4,6,2,3,2,0.83048,3,0.461442,Agriculture,Built-up,Agriculture,Built-up,Urban Expansion
2563.0,6,Jaipur,26.97214098450966,75.92951548526787,5,5,1,1,1,0.583073,1,0.592368,Vegetation,Vegetation,Vegetation,Vegetation,No Change
2564.0,6,Jaipur,27.008612585044915,76.07432390906794,1,1,1,1,1,0.577263,1,0.665053,Vegetation,Vegetation,Vegetation,Vegetation,No Change
2565.0,6,Jaipur,27.028555184352367,75.6117813692748,6,6,3,3,3,0.511574,3,0.753642,Built-up,Built-up,Built-up,Built-up,No Change
2566.0,6,Jaipur,26.944652536815607,75.82261596645765,5,5,1,1,1,0.701511,1,0.806832,Vegetation,Vegetation,Vegetation,Vegetation,No Change
2567.0,6,Jaipur,27.02469242863065,75.7200283610112,6,6,3,3,3,0.542043,3,0.754198,Built-up,Built-up,Built-up,Built-up,No Change
2568.0,6,Jaipur,26.84493954027834,75.62840020203102,4,4,2,2,2,0.731155,2,0.765316,Agriculture,Agriculture,Agriculture,Agriculture,No Change
2569.0,6,Jaipur,27.057480936501012,76.09633263352887,4,4,2,2,2,0.79346,2,0.644303,Agriculture,Agriculture,Agriculture,Agriculture,No Change
2570.0,6,Jaipur,26.932165954366344,75.76314749464893,6,6,3,3,3,0.9109,3,0.754638,Built-up,Built-up,Built-up,Built-up,No Change
2571.0,6,Jaipur,27.032507771602493,76.00748925192946,1,1,1,1,1,0.692465,1,0.881801,Vegetation,Vegetation,Vegetation,Vegetation,No Change
2572.0,6,Jaipur,26.864073655830083,76.08330706190914,5,5,1,1,1,0.579234,1,0.639216,Vegetation,Vegetation,Vegetation,Vegetation,No Change
2573.0,6,Jaipur,26.809456086555617,75.91424412543785,5,5,1,1,1,0.453123,1,0.781723,Vegetation,Vegetation,Vegetation,Vegetation,No Change
2574.0,6,Jaipur,26.941867759434835,75.67906518405535,4,6,2,3,2,0.895756,3,0.66727,Agriculture,Built-up,Agriculture,Built-up,Urban Expansion
2575.0,6,Jaipur,26.97214098450966,76.06704755526657,4,4,2,2,1,0.51952,1,0.808681,Agriculture,Agriculture,Vegetation,Vegetation,No Change
2576.0,6,Jaipur,26.8822196245693,75.81480062348581,6,6,3,3,3,0.667733,3,0.557065,Built-up,Built-up,Built-up,Built-up,No Change
2577.0,6,Jaipur,26.933154101178875,75.67879568947012,6,6,3,3,3,0.526983,3,0.523562,Built-up,Built-up,Built-up,Built-up,No Change
2578.0,6,Jaipur,26.76220470261093,75.83007198331585,6,6,3,3,3,0.704051,3,0.600525,Built-up,Built-up,Built-up,Built-up,No Change
2579.0,6,Jaipur,27.032597603130903,76.00398582232138,1,1,1,1,1,0.780184,1,0.950194,Vegetation,Vegetation,Vegetation,Vegetation,No Change
2580.0,6,Jaipur,26.761486050383635,75.65651747042395,4,5,2,1,2,0.925529,1,0.594931,Agriculture,Vegetation,Agriculture,Vegetation,Vegetation Gain
2581.0,6,Jaipur,26.95183905908856,75.61806957626364,4,5,2,1,2,0.730965,1,0.571361,Agriculture,Vegetation,Agriculture,Vegetation,Vegetation Gain
2582.0,6,Jaipur,26.829039359749423,75.71032655594271,5,6,1,3,2,0.466203,2,0.421497,Vegetation,Built-up,Agriculture,Agriculture,No Change
2583.0,6,Jaipur,26.76454032234964,75.99769761533254,6,6,3,3,2,0.763795,2,0.507592,Built-up,Built-up,Agriculture,Agriculture,No Change
2584.0,6,Jaipur,27.09592883066133,75.9033745105,1,1,1,1,1,0.930137,1,0.921181,Vegetation,Vegetation,Vegetation,Vegetation,No Change
2585.0,6,Jaipur,26.788705003492456,75.72505892660227,6,6,3,3,3,0.642082,3,0.583757,Built-up,Built-up,Built-up,Built-up,No Change
2586.0,6,Jaipur,26.980046159009916,76.02419791621408,1,1,1,1,1,0.58557,1,0.656304,Vegetation,Vegetation,Vegetation,Vegetation,No Change
2587.0,6,Jaipur,26.85733629119919,75.66307517199803,6,6,3,3,3,0.674937,3,0.932365,Built-up,Built-up,Built-up,Built-up,No Change
2588.0,6,Jaipur,26.85616848132983,75.74302523228467,6,6,3,3,3,0.663549,3,0.728318,Built-up,Built-up,Built-up,Built-up,No Change
2589.0,6,Jaipur,27.010409215613155,75.739611634205,1,1,1,1,1,0.467266,1,0.495446,Vegetation,Vegetation,Vegetation,Vegetation,No Change
2590.0,6,Jaipur,26.932165954366344,76.00623161053169,6,6,3,3,3,0.598255,3,0.602258,Built-up,Built-up,Built-up,Built-up,No Change
2591.0,6,Jaipur,26.83155464254496,76.06390345177216,6,6,3,3,3,0.645589,3,0.490067,Built-up,Built-up,Built-up,Built-up,No Change
2592.0,6,Jaipur,26.757982620775568,76.06004069605044,6,6,3,3,3,0.556442,3,0.508825,Built-up,Built-up,Built-up,Built-up,No Change
2593.0,6,Jaipur,26.77639808410002,75.6854432225726,5,5,1,1,1,0.565794,1,0.851253,Vegetation,Vegetation,Vegetation,Vegetation,No Change
2594.0,6,Jaipur,27.042209576670984,75.88980994970979,1,4,1,2,2,0.45767,2,0.737011,Vegetation,Agriculture,Agriculture,Agriculture,No Change
2595.0,6,Jaipur,27.05307919160883,75.8890912974825,4,5,2,1,2,0.481866,1,0.377005,Agriculture,Vegetation,Agriculture,Vegetation,Vegetation Gain
2596.0,6,Jaipur,27.07320145397311,75.79692414933183,4,4,2,2,2,0.776363,2,0.827428,Agriculture,Agriculture,Agriculture,Agriculture,No Change
2597.0,6,Jaipur,26.75025710933214,76.07854599090331,4,1,2,1,2,0.938696,1,0.635461,Agriculture,Vegetation,Agriculture,Vegetation,Vegetation Gain
2598.0,6,Jaipur,26.986154702941928,75.7763527293255,6,6,3,3,3,0.893983,3,0.695407,Built-up,Built-up,Built-up,Built-up,No Change
2599.0,6,Jaipur,26.901263908592632,76.02581488372549,4,5,2,1,2,0.800383,1,0.717162,Agriculture,Vegetation,Agriculture,Vegetation,Vegetation Gain
2600.0,6,Jaipur,27.05119272951218,75.80078690505354,4,4,2,2,2,0.827027,2,0.799322,Agriculture,Agriculture,Agriculture,Agriculture,No Change
2601.0,6,Jaipur,26.89380789173444,75.86438762716921,6,6,3,3,3,0.809195,3,0.994484,Built-up,Built-up,Built-up,Built-up,No Change
2602.0,6,Jaipur,27.098803439570517,76.08869695361385,4,4,2,2,2,0.897551,2,0.674012,Agriculture,Agriculture,Agriculture,Agriculture,No Change
2603.0,6,Jaipur,26.867217759324504,75.84785862594141,1,1,1,1,1,0.722731,1,0.890144,Vegetation,Vegetation,Vegetation,Vegetation,No Change
2604.0,6,Jaipur,27.03969429387545,75.61357799984305,4,4,2,2,2,0.876259,2,0.650013,Agriculture,Agriculture,Agriculture,Agriculture,No Change
2605.0,6,Jaipur,26.825086772499297,75.72200465463627,5,4,1,2,2,0.675405,3,0.35916,Vegetation,Agriculture,Agriculture,Built-up,Urban Expansion
2606.0,6,Jaipur,26.81879856551046,76.01476560573082,4,4,2,2,2,0.844566,2,0.913911,Agriculture,Agriculture,Agriculture,Agriculture,No Change
2607.0,6,Jaipur,26.881500972342003,75.92313744675063,6,6,3,3,3,0.956793,3,0.739909,Built-up,Built-up,Built-up,Built-up,No Change
2608.0,6,Jaipur,27.02648905919889,75.97982114117858,4,4,2,2,2,0.607894,1,0.532417,Agriculture,Agriculture,Agriculture,Vegetation,Vegetation Gain
2609.0,6,Jaipur,26.805054341663432,75.73260477498887,6,6,3,3,3,0.568032,3,0.534557,Built-up,Built-up,Built-up,Built-up,No Change
2610.0,6,Jaipur,27.02945349963649,75.99015176694594,1,1,1,1,1,0.528994,1,0.596787,Vegetation,Vegetation,Vegetation,Vegetation,No Change
2611.0,6,Jaipur,26.838920827874738,75.85441632751548,6,6,3,3,3,0.884333,3,0.814976,Built-up,Built-up,Built-up,Built-up,No Change
2612.0,6,Jaipur,26.845658192505635,75.79449869806471,6,6,3,3,3,0.770464,3,0.77658,Built-up,Built-up,Built-up,Built-up,No Change
2613.0,6,Jaipur,26.91357082798507,75.70682312633464,4,4,2,2,2,0.885463,2,0.789973,Agriculture,Agriculture,Agriculture,Agriculture,No Change
2614.0,6,Jaipur,26.86254651984708,75.7094282406586,4,4,2,2,2,0.880869,2,0.804022,Agriculture,Agriculture,Agriculture,Agriculture,No Change
2615.0,6,Jaipur,26.9310879760254,75.92924599068265,4,4,2,2,2,0.759163,2,0.869551,Agriculture,Agriculture,Agriculture,Agriculture,No Change
2616.0,6,Jaipur,26.76445049082123,75.80455982924686,4,4,2,2,2,0.776878,2,0.877502,Agriculture,Agriculture,Agriculture,Agriculture,No Change
2617.0,6,Jaipur,26.89668250064362,76.03767264547587,6,6,3,3,2,0.612358,2,0.787957,Built-up,Built-up,Agriculture,Agriculture,No Change
2618.0,6,Jaipur,26.78942365571975,76.0025485178668,4,4,2,2,2,0.78811,2,0.757036,Agriculture,Agriculture,Agriculture,Agriculture,No Change
2619.0,6,Jaipur,26.88787901085925,75.79575633946249,6,6,3,3,3,0.904636,3,0.968134,Built-up,Built-up,Built-up,Built-up,No Change
2620.0,6,Jaipur,26.926237073491155,75.64654617077022,5,6,1,3,1,0.522496,3,0.480881,Vegetation,Built-up,Vegetation,Built-up,Vegetation Loss
2621.0,6,Jaipur,26.835327566738258,75.98745682109359,4,4,2,2,2,0.889394,2,0.938793,Agriculture,Agriculture,Agriculture,Agriculture,No Change
2622.0,6,Jaipur,27.05083340339853,75.79988858976942,4,4,2,2,2,0.735609,2,0.826833,Agriculture,Agriculture,Agriculture,Agriculture,No Change
2623.0,6,Jaipur,26.868116074608626,75.93409689321689,6,6,3,3,3,0.375622,3,0.840894,Built-up,Built-up,Built-up,Built-up,No Change
2624.0,6,Jaipur,27.00744477517556,76.03479803656668,4,4,2,2,2,0.760689,2,0.622239,Agriculture,Agriculture,Agriculture,Agriculture,No Change
2625.0,6,Jaipur,26.964954462236705,75.78847998566111,6,6,3,3,3,0.727085,3,0.888308,Built-up,Built-up,Built-up,Built-up,No Change
2626.0,6,Jaipur,26.82571559319818,75.6486122959237,5,6,1,3,2,0.634688,2,0.440359,Vegetation,Built-up,Agriculture,Agriculture,No Change
2627.0,6,Jaipur,27.01085837325521,75.80087673658196,6,6,3,3,3,0.496742,3,0.689554,Built-up,Built-up,Built-up,Built-up,No Change
2628.0,6,Jaipur,26.91698442606472,75.92457475120521,5,4,1,2,1,0.620608,2,0.838033,Vegetation,Agriculture,Vegetation,Agriculture,Agriculture Gain
2629.0,6,Jaipur,26.79337624296988,75.60773895049627,5,5,1,1,1,0.780811,1,0.705435,Vegetation,Vegetation,Vegetation,Vegetation,No Change
2630.0,6,Jaipur,27.03367558147185,75.77895784364945,7,7,4,4,4,0.982175,4,0.986261,Barren,Barren,Barren,Barren,No Change
2631.0,6,Jaipur,27.049485930472358,75.90777625539218,6,4,3,2,3,0.559364,2,0.790234,Built-up,Agriculture,Built-up,Agriculture,Other Change
2632.0,6,Jaipur,26.94851529253732,76.05806440242537,1,5,1,1,2,0.601458,1,0.688028,Vegetation,Vegetation,Agriculture,Vegetation,Vegetation Gain
2633.0,6,Jaipur,26.8942570493765,75.91900519644368,6,6,3,3,3,0.750965,3,0.855806,Built-up,Built-up,Built-up,Built-up,No Change
2634.0,6,Jaipur,26.80954591808403,75.61016440176338,4,4,2,2,2,0.843064,2,0.774193,Agriculture,Agriculture,Agriculture,Agriculture,No Change
2635.0,6,Jaipur,26.900635087893747,75.68113130920882,6,6,3,3,3,0.832403,3,0.833334,Built-up,Built-up,Built-up,Built-up,No Change
2636.0,6,Jaipur,26.77540993728749,76.08438504025008,1,1,1,1,1,0.6317,1,0.629935,Vegetation,Vegetation,Vegetation,Vegetation,No Change
2637.0,6,Jaipur,27.09440169467833,75.72766404092621,4,6,2,3,2,0.852998,3,0.549099,Agriculture,Built-up,Agriculture,Built-up,Urban Expansion
2638.0,6,Jaipur,26.99468869814106,75.73224544887523,6,6,3,3,3,0.632879,3,0.672584,Built-up,Built-up,Built-up,Built-up,No Change
2639.0,6,Jaipur,26.86757708543815,75.64986993732147,5,5,1,1,1,0.632448,1,0.641401,Vegetation,Vegetation,Vegetation,Vegetation,No Change
2640.0,6,Jaipur,26.94429321070196,75.65831410099219,5,6,1,3,2,0.608026,2,0.471343,Vegetation,Built-up,Agriculture,Agriculture,No Change
2641.0,6,Jaipur,27.09170674882597,75.69415688082856,4,4,2,2,2,0.828533,2,0.765771,Agriculture,Agriculture,Agriculture,Agriculture,No Change
2642.0,6,Jaipur,26.956600130094397,75.68032282545312,6,6,3,3,3,0.947908,3,0.955385,Built-up,Built-up,Built-up,Built-up,No Change
2643.0,6,Jaipur,26.829668180448305,76.07764767561919,4,4,2,2,2,0.761354,2,0.772776,Agriculture,Agriculture,Agriculture,Agriculture,No Change
2644.0,6,Jaipur,26.755377506451623,75.66460230798103,5,5,1,1,1,0.723537,1,0.70768,Vegetation,Vegetation,Vegetation,Vegetation,No Change
2645.0,6,Jaipur,26.833710599226844,75.75676945613169,6,6,3,3,3,0.584849,3,0.579114,Built-up,Built-up,Built-up,Built-up,No Change
2646.0,6,Jaipur,27.03592136968215,75.78353925159846,5,5,1,1,1,0.54926,1,0.622565,Vegetation,Vegetation,Vegetation,Vegetation,No Change
2647.0,6,Jaipur,26.97501559341885,75.7794070012915,6,6,3,3,3,0.778472,3,0.764826,Built-up,Built-up,Built-up,Built-up,No Change
2648.0,6,Jaipur,27.096916977473864,76.03587601490763,4,4,2,2,2,0.757845,2,0.818429,Agriculture,Agriculture,Agriculture,Agriculture,No Change
2649.0,6,Jaipur,26.81430698908986,75.70592481105052,4,4,2,2,2,0.854735,2,0.931336,Agriculture,Agriculture,Agriculture,Agriculture,No Change
2650.0,6,Jaipur,26.847993812244344,76.00964520861133,6,4,3,2,2,0.564981,3,0.764044,Built-up,Agriculture,Agriculture,Built-up,Urban Expansion
2651.0,6,Jaipur,27.082274438342715,75.98871446249136,4,4,2,2,2,0.805827,2,0.84206,Agriculture,Agriculture,Agriculture,Agriculture,No Change
2652.0,6,Jaipur,26.782147301918386,75.7192198772555,6,6,3,3,3,0.690826,3,0.744898,Built-up,Built-up,Built-up,Built-up,No Change
2653.0,6,Jaipur,26.88284844526818,75.74715748259162,6,6,3,3,3,0.877667,3,0.9368,Built-up,Built-up,Built-up,Built-up,No Change
2654.0,6,Jaipur,26.817630755641105,76.04647613526024,4,4,2,2,2,0.891914,2,0.827526,Agriculture,Agriculture,Agriculture,Agriculture,No Change
2655.0,6,Jaipur,26.77873370383873,76.04917108111259,4,4,2,2,2,0.912707,2,0.890856,Agriculture,Agriculture,Agriculture,Agriculture,No Change
2656.0,6,Jaipur,26.96881721795842,75.7673695764843,6,6,3,3,3,0.869672,3,0.941831,Built-up,Built-up,Built-up,Built-up,No Change
2657.0,6,Jaipur,27.01220584618139,75.70215188685722,6,6,3,3,3,0.689428,3,0.978245,Built-up,Built-up,Built-up,Built-up,No Change
2658.0,6,Jaipur,27.064128469603503,75.67053118885622,4,4,2,2,2,0.857507,2,0.916371,Agriculture,Agriculture,Agriculture,Agriculture,No Change
2659.0,6,Jaipur,26.78466258471392,75.72964033455128,4,4,2,2,2,0.801731,2,0.647564,Agriculture,Agriculture,Agriculture,Agriculture,No Change
2660.0,6,Jaipur,26.914738637854423,75.70448750659594,6,6,3,3,3,0.96766,3,0.970352,Built-up,Built-up,Built-up,Built-up,No Change
2661.0,6,Jaipur,26.88868749461496,75.65409201915683,4,4,2,2,2,0.899775,2,0.887125,Agriculture,Agriculture,Agriculture,Agriculture,No Change
2662.0,6,Jaipur,26.89237058727985,75.86834021441933,6,6,3,3,3,0.858097,3,0.869833,Built-up,Built-up,Built-up,Built-up,No Change
2663.0,6,Jaipur,26.91213352353048,75.7335929218014,6,6,3,3,3,0.712816,3,0.767463,Built-up,Built-up,Built-up,Built-up,No Change
2664.0,6,Jaipur,26.83218346324384,75.9214306477108,4,4,2,2,2,0.389424,1,0.624269,Agriculture,Agriculture,Agriculture,Vegetation,Vegetation Gain
2665.0,6,Jaipur,26.97285963673696,75.9575429221324,1,1,1,1,1,0.592008,1,0.649838,Vegetation,Vegetation,Vegetation,Vegetation,No Change
2666.0,6,Jaipur,26.99325139368647,75.99859593061667,5,5,1,1,1,0.611825,1,0.65019,Vegetation,Vegetation,Vegetation,Vegetation,No Change
2667.0,6,Jaipur,26.96127136957181,75.6892161467659,5,6,1,3,1,0.665936,3,0.941839,Vegetation,Built-up,Vegetation,Built-up,Vegetation Loss
2668.0,6,Jaipur,26.94069994956548,75.63900032238362,4,4,2,2,2,0.859656,2,0.802125,Agriculture,Agriculture,Agriculture,Agriculture,No Change
2669.0,6,Jaipur,27.04337738654034,75.77275946818902,4,6,2,3,2,0.850407,3,0.717381,Agriculture,Built-up,Agriculture,Built-up,Urban Expansion
2670.0,6,Jaipur,26.976363066345023,76.01332830127623,4,4,2,2,2,0.799337,2,0.869796,Agriculture,Agriculture,Agriculture,Agriculture,No Change
2671.0,6,Jaipur,26.83065632726084,75.91271698945484,4,4,2,2,2,0.7455,2,0.744934,Agriculture,Agriculture,Agriculture,Agriculture,No Change
2672.0,6,Jaipur,26.89290957645032,75.61258985303051,4,4,2,2,2,0.84744,2,0.943613,Agriculture,Agriculture,Agriculture,Agriculture,No Change
2673.0,6,Jaipur,26.808378108214672,75.63846133321314,4,5,2,1,2,0.799041,1,0.962692,Agriculture,Vegetation,Agriculture,Vegetation,Vegetation Gain
2674.0,6,Jaipur,26.998461622334364,75.9561056176778,4,4,2,2,2,0.753371,2,0.864872,Agriculture,Agriculture,Agriculture,Agriculture,No Change
2675.0,6,Jaipur,26.875661922995224,75.78910880635999,6,6,3,3,3,0.845658,3,0.956192,Built-up,Built-up,Built-up,Built-up,No Change
2676.0,6,Jaipur,26.828410539050537,75.8553146427996,6,6,3,3,3,0.7611,3,0.793873,Built-up,Built-up,Built-up,Built-up,No Change
2677.0,6,Jaipur,26.870900851989397,75.83968395685592,1,1,1,1,1,0.729711,1,0.896902,Vegetation,Vegetation,Vegetation,Vegetation,No Change
2678.0,6,Jaipur,26.930099829212867,76.07432390906794,5,4,1,2,1,0.574346,2,0.739689,Vegetation,Agriculture,Vegetation,Agriculture,Agriculture Gain
2679.0,6,Jaipur,26.75349104435497,75.72451993743181,4,4,2,2,2,0.867548,2,0.897075,Agriculture,Agriculture,Agriculture,Agriculture,No Change
2680.0,6,Jaipur,26.852934546307,75.66217685671391,5,6,1,3,1,0.502585,3,0.838169,Vegetation,Built-up,Vegetation,Built-up,Vegetation Loss
2681.0,6,Jaipur,26.925608252792276,75.84040260908321,6,6,3,3,3,0.926111,3,0.982278,Built-up,Built-up,Built-up,Built-up,No Change
2682.0,6,Jaipur,27.05622329510325,76.00919605096928,1,1,1,1,1,0.496527,1,0.62924,Vegetation,Vegetation,Vegetation,Vegetation,No Change
2683.0,6,Jaipur,26.956959456208043,76.07001199570416,5,1,1,1,1,0.64158,1,0.708376,Vegetation,Vegetation,Vegetation,Vegetation,No Change
2684.0,6,Jaipur,27.01445163439169,76.07046115334623,1,1,1,1,1,0.928948,1,0.960962,Vegetation,Vegetation,Vegetation,Vegetation,No Change
2685.0,6,Jaipur,27.087125340876963,75.7538050156941,4,4,2,2,2,0.841265,2,0.927589,Agriculture,Agriculture,Agriculture,Agriculture,No Change
2686.0,6,Jaipur,26.995227687311534,75.93310874640436,4,4,2,2,2,0.773138,2,0.715653,Agriculture,Agriculture,Agriculture,Agriculture,No Change
2687.0,6,Jaipur,26.79858647161777,75.97308377654767,1,4,1,2,3,0.465173,3,0.45505,Vegetation,Agriculture,Built-up,Built-up,No Change
2688.0,6,Jaipur,26.99953960067531,75.6027083849052,4,4,2,2,2,0.544426,2,0.717259,Agriculture,Agriculture,Agriculture,Agriculture,No Change
2689.0,6,Jaipur,26.91554712161013,75.81129719387775,6,6,3,3,3,0.616667,3,0.464687,Built-up,Built-up,Built-up,Built-up,No Change
2690.0,6,Jaipur,26.80226956428266,75.77509508792772,6,6,3,3,3,0.863518,3,0.975069,Built-up,Built-up,Built-up,Built-up,No Change
2691.0,6,Jaipur,26.900814750950573,75.78398840924051,6,6,3,3,3,0.865643,3,0.806466,Built-up,Built-up,Built-up,Built-up,No Change
2692.0,6,Jaipur,26.960732380401343,75.63594605041762,6,6,3,3,3,0.771171,3,0.69404,Built-up,Built-up,Built-up,Built-up,No Change
2693.0,6,Jaipur,27.025231417801127,75.83213810846932,6,6,3,3,3,0.5698,3,0.67475,Built-up,Built-up,Built-up,Built-up,No Change
2694.0,6,Jaipur,26.83721402883491,75.88028780769812,6,6,3,3,3,0.587538,3,0.622128,Built-up,Built-up,Built-up,Built-up,No Change
2695.0,6,Jaipur,27.06367931196144,75.85917739852131,1,1,1,1,1,0.842886,1,0.850185,Vegetation,Vegetation,Vegetation,Vegetation,No Change
2696.0,6,Jaipur,26.858593932596957,75.79306139361012,6,6,3,3,3,0.906189,3,0.938955,Built-up,Built-up,Built-up,Built-up,No Change
2697.0,6,Jaipur,26.86802624308021,75.83447372820802,1,1,1,1,1,0.807617,1,0.943086,Vegetation,Vegetation,Vegetation,Vegetation,No Change
2698.0,6,Jaipur,26.852126062551296,76.00587228441803,4,4,2,2,2,0.891623,2,0.797552,Agriculture,Agriculture,Agriculture,Agriculture,No Change
2699.0,6,Jaipur,26.801730575112188,76.06219665273233,4,4,2,2,2,0.864953,2,0.779977,Agriculture,Agriculture,Agriculture,Agriculture,No Change
2700.0,6,Jaipur,26.76301318636664,75.86591476315222,6,4,3,2,2,0.483223,2,0.845331,Built-up,Agriculture,Agriculture,Agriculture,No Change
2701.0,6,Jaipur,26.952467879787445,75.66981253662892,6,6,3,3,2,0.484011,3,0.520805,Built-up,Built-up,Agriculture,Built-up,Urban Expansion
2702.0,6,Jaipur,26.791938938515287,75.9446970135695,5,5,1,1,1,0.577017,1,0.82916,Vegetation,Vegetation,Vegetation,Vegetation,No Change
2703.0,6,Jaipur,26.82230199511853,75.8215379881167,6,6,3,3,3,0.580273,3,0.571311,Built-up,Built-up,Built-up,Built-up,No Change
2704.0,6,Jaipur,27.02900434199443,75.92313744675063,5,5,1,1,1,0.792499,1,0.634267,Vegetation,Vegetation,Vegetation,Vegetation,No Change
2705.0,6,Jaipur,26.76373183859393,75.94981741068898,6,6,3,3,3,0.737298,3,0.564754,Built-up,Built-up,Built-up,Built-up,No Change
2706.0,6,Jaipur,27.04104176680163,76.06013052757885,1,1,1,1,1,0.588625,1,0.808739,Vegetation,Vegetation,Vegetation,Vegetation,No Change
2707.0,6,Jaipur,26.88284844526818,75.64843263286687,5,5,1,1,1,0.812975,1,0.800818,Vegetation,Vegetation,Vegetation,Vegetation,No Change
2708.0,6,Jaipur,26.967559576560653,76.03273191141321,1,1,1,1,1,0.535936,1,0.675058,Vegetation,Vegetation,Vegetation,Vegetation,No Change
2709.0,6,Jaipur,26.861378709977725,76.08330706190914,4,6,2,3,2,0.898175,3,0.605778,Agriculture,Built-up,Agriculture,Built-up,Urban Expansion
2710.0,6,Jaipur,26.881680635398823,75.63352059915049,6,6,3,3,3,0.672207,3,0.621165,Built-up,Built-up,Built-up,Built-up,No Change
2711.0,6,Jaipur,27.07329128550152,75.69011446205002,4,6,2,3,2,0.917621,3,0.705131,Agriculture,Built-up,Agriculture,Built-up,Urban Expansion
2712.0,6,Jaipur,26.751424919201497,75.81857354767911,6,6,3,3,3,0.979151,3,0.807221,Built-up,Built-up,Built-up,Built-up,No Change
2713.0,6,Jaipur,26.930908312968576,75.68670086397037,5,5,1,1,2,0.607044,2,0.604256,Vegetation,Vegetation,Agriculture,Agriculture,No Change
2714.0,6,Jaipur,26.94671866196908,75.92026283784145,4,4,2,2,2,0.655088,2,0.639943,Agriculture,Agriculture,Agriculture,Agriculture,No Change
2715.0,6,Jaipur,27.043467218068752,75.86312998577144,1,5,1,1,1,0.487817,1,0.877184,Vegetation,Vegetation,Vegetation,Vegetation,No Change
2716.0,6,Jaipur,27.0558639689896,75.97685670074098,4,4,2,2,2,0.894554,2,0.833315,Agriculture,Agriculture,Agriculture,Agriculture,No Change
2717.0,6,Jaipur,26.82948851739148,75.62130351128647,5,4,1,2,1,0.519321,2,0.731774,Vegetation,Agriculture,Vegetation,Agriculture,Agriculture Gain
2718.0,6,Jaipur,27.01400247674963,75.62929851731514,4,4,2,2,2,0.896244,2,0.933219,Agriculture,Agriculture,Agriculture,Agriculture,No Change
2719.0,6,Jaipur,26.781248986634264,76.04971007028307,6,4,3,2,3,0.507217,2,0.941767,Built-up,Agriculture,Built-up,Agriculture,Other Change
2720.0,6,Jaipur,26.91312167034301,75.81992102060529,6,6,3,3,3,0.835353,3,0.833522,Built-up,Built-up,Built-up,Built-up,No Change
2721.0,6,Jaipur,26.827781718351652,76.03300140599845,6,6,3,3,3,0.745408,3,0.668663,Built-up,Built-up,Built-up,Built-up,No Change
2722.0,6,Jaipur,26.897580815927743,76.09552414977317,6,6,3,3,3,0.745123,3,0.770786,Built-up,Built-up,Built-up,Built-up,No Change
2723.0,6,Jaipur,26.823559636516293,75.92062216395509,6,6,3,3,3,0.646269,3,0.652521,Built-up,Built-up,Built-up,Built-up,No Change
2724.0,6,Jaipur,27.05083340339853,76.07432390906794,1,1,1,1,1,0.611406,1,0.890935,Vegetation,Vegetation,Vegetation,Vegetation,No Change
2725.0,6,Jaipur,26.82481727791406,76.0364150040781,4,4,2,2,2,0.923288,2,0.930159,Agriculture,Agriculture,Agriculture,Agriculture,No Change
2726.0,6,Jaipur,27.0272975429546,75.81075820470727,6,6,3,3,3,0.541622,3,0.589179,Built-up,Built-up,Built-up,Built-up,No Change
2727.0,6,Jaipur,26.973039299793783,75.99994340354284,4,4,2,2,2,0.821369,2,0.867893,Agriculture,Agriculture,Agriculture,Agriculture,No Change
2728.0,6,Jaipur,26.77514044270225,75.96751422178613,4,4,2,2,2,0.683891,2,0.619615,Agriculture,Agriculture,Agriculture,Agriculture,No Change
2729.0,6,Jaipur,26.97429694119155,75.88585736245966,4,6,2,3,2,0.859255,3,0.612319,Agriculture,Built-up,Agriculture,Built-up,Urban Expansion
2730.0,6,Jaipur,26.9806749797088,75.76081187491023,6,6,3,3,3,0.966607,3,0.996567,Built-up,Built-up,Built-up,Built-up,No Change
2731.0,6,Jaipur,26.941867759434835,76.05276434224908,5,1,1,1,1,0.812697,1,0.915822,Vegetation,Vegetation,Vegetation,Vegetation,No Change
2732.0,6,Jaipur,27.00564814460732,75.60693046674055,5,5,1,1,1,0.635273,1,0.412754,Vegetation,Vegetation,Vegetation,Vegetation,No Change
2733.0,6,Jaipur,26.99603617106724,75.71661476293156,5,1,1,1,1,0.579904,1,0.667556,Vegetation,Vegetation,Vegetation,Vegetation,No Change
2734.0,6,Jaipur,26.87736872203505,75.71454863777808,6,6,3,3,3,0.705185,3,0.865271,Built-up,Built-up,Built-up,Built-up,No Change
2735.0,6,Jaipur,27.02909417352284,76.01943684520823,4,4,2,2,2,0.914422,2,0.948761,Agriculture,Agriculture,Agriculture,Agriculture,No Change
2736.0,6,Jaipur,26.91033689296224,76.02033516049237,6,6,3,3,3,0.605219,3,0.567929,Built-up,Built-up,Built-up,Built-up,No Change
2737.0,6,Jaipur,27.03116029867632,75.68346692894754,4,4,2,2,2,0.549025,2,0.91461,Agriculture,Agriculture,Agriculture,Agriculture,No Change
2738.0,6,Jaipur,27.03277726618773,75.97227529279196,4,4,2,2,2,0.674832,2,0.545705,Agriculture,Agriculture,Agriculture,Agriculture,No Change
2739.0,6,Jaipur,26.84727516001705,76.00290784398044,4,4,2,2,2,0.826703,2,0.654317,Agriculture,Agriculture,Agriculture,Agriculture,No Change
2740.0,6,Jaipur,27.05712161038737,75.78677318662129,6,6,3,3,3,0.5614,3,0.738439,Built-up,Built-up,Built-up,Built-up,No Change
2741.0,6,Jaipur,27.03277726618773,75.75317619499522,4,6,2,3,2,0.832489,3,0.41777,Agriculture,Built-up,Agriculture,Built-up,Urban Expansion
2742.0,6,Jaipur,26.80047293371442,75.7379946666936,4,6,2,3,3,0.413348,3,0.479968,Agriculture,Built-up,Built-up,Built-up,No Change
2743.0,6,Jaipur,26.83173430560178,75.98215676091728,4,4,2,2,2,0.875051,2,0.970106,Agriculture,Agriculture,Agriculture,Agriculture,No Change
2744.0,6,Jaipur,26.826524076953888,75.61007457023497,1,4,1,2,1,0.718289,2,0.7819,Vegetation,Agriculture,Vegetation,Agriculture,Agriculture Gain
2745.0,6,Jaipur,26.965762945992413,75.64807330675323,4,5,2,1,2,0.803993,1,0.72395,Agriculture,Vegetation,Agriculture,Vegetation,Vegetation Gain
2746.0,6,Jaipur,26.97824952844168,75.62076452211599,4,4,2,2,2,0.936885,2,0.84523,Agriculture,Agriculture,Agriculture,Agriculture,No Change
2747.0,6,Jaipur,27.069248866722983,75.91999334325621,4,4,2,2,2,0.868089,2,0.813607,Agriculture,Agriculture,Agriculture,Agriculture,No Change
2748.0,6,Jaipur,26.97510542494725,75.73404207944347,6,6,3,3,3,0.552742,3,0.83168,Built-up,Built-up,Built-up,Built-up,No Change
2749.0,6,Jaipur,26.85239555713653,75.97443124947385,4,4,2,2,3,0.467903,3,0.633633,Agriculture,Agriculture,Built-up,Built-up,No Change
2750.0,6,Jaipur,26.925428589735446,75.89789478726686,4,4,2,2,2,0.654177,2,0.664902,Agriculture,Agriculture,Agriculture,Agriculture,No Change
2751.0,6,Jaipur,26.99774297010707,76.09543431824476,4,4,2,2,2,0.89717,2,0.713222,Agriculture,Agriculture,Agriculture,Agriculture,No Change
2752.0,6,Jaipur,26.79670000952112,75.89933209172146,4,4,2,2,2,0.917307,2,0.849431,Agriculture,Agriculture,Agriculture,Agriculture,No Change
2753.0,6,Jaipur,26.86622961251197,75.69559418528316,4,4,2,2,2,0.864728,2,0.802325,Agriculture,Agriculture,Agriculture,Agriculture,No Change
2754.0,6,Jaipur,26.87332630325652,75.6628955089412,4,4,2,2,2,0.829845,2,0.788944,Agriculture,Agriculture,Agriculture,Agriculture,No Change
2755.0,6,Jaipur,26.7551978433948,75.66487180256627,5,5,1,1,1,0.712599,1,0.685891,Vegetation,Vegetation,Vegetation,Vegetation,No Change
2756.0,6,Jaipur,26.80316787956678,75.68759917925449,4,0,2,0,2,0.617968,0,0.973214,Agriculture,Water,Agriculture,Water,Water Gain
2757.0,6,Jaipur,27.091167759655495,75.78282059937116,6,4,3,2,3,0.567276,2,0.861816,Built-up,Agriculture,Built-up,Agriculture,Other Change
2758.0,6,Jaipur,27.02226697736353,75.98440254912758,6,4,3,2,1,0.522413,2,0.720796,Built-up,Agriculture,Vegetation,Agriculture,Agriculture Gain
2759.0,6,Jaipur,27.083621911268896,75.74607950425067,4,6,2,3,2,0.774278,3,0.684047,Agriculture,Built-up,Agriculture,Built-up,Urban Expansion
2760.0,6,Jaipur,26.909618240734943,75.69846879419234,6,6,3,3,3,0.572319,2,0.439634,Built-up,Built-up,Built-up,Agriculture,Other Change
2761.0,6,Jaipur,26.922014991655796,76.04476933622041,4,4,2,2,2,0.539431,2,0.579242,Agriculture,Agriculture,Agriculture,Agriculture,No Change
2762.0,6,Jaipur,26.871350009631453,75.96778371637137,5,5,1,1,1,0.568083,1,0.699329,Vegetation,Vegetation,Vegetation,Vegetation,No Change
2763.0,6,Jaipur,26.783494774844563,75.67538209139046,5,4,1,2,1,0.448563,2,0.525952,Vegetation,Agriculture,Vegetation,Agriculture,Agriculture Gain
2764.0,6,Jaipur,26.88877732614337,75.78039514810403,4,6,2,3,3,0.620801,3,0.638642,Agriculture,Built-up,Built-up,Built-up,No Change
2765.0,6,Jaipur,27.066194594756976,76.03120477543021,4,1,2,1,3,0.515925,3,0.665715,Agriculture,Vegetation,Built-up,Built-up,No Change
2766.0,6,Jaipur,26.89281974492191,76.07387475142588,5,1,1,1,1,0.798789,1,0.73705,Vegetation,Vegetation,Vegetation,Vegetation,No Change
2767.0,6,Jaipur,26.7612165557984,75.71293167026666,5,4,1,2,1,0.781716,2,0.803575,Vegetation,Agriculture,Vegetation,Agriculture,Agriculture Gain
2768.0,6,Jaipur,27.018583884698643,76.04755411360118,1,1,1,1,1,0.942549,1,0.974349,Vegetation,Vegetation,Vegetation,Vegetation,No Change
2769.0,6,Jaipur,26.786728709867397,75.62822053897419,5,6,1,3,1,0.550688,3,0.760502,Vegetation,Built-up,Vegetation,Built-up,Vegetation Loss
2770.0,6,Jaipur,27.047779131432527,75.7861443659224,6,6,3,3,3,0.471031,3,0.444354,Built-up,Built-up,Built-up,Built-up,No Change
2771.0,6,Jaipur,26.79634068340747,75.64762414911117,5,4,1,2,2,0.599458,1,0.507992,Vegetation,Agriculture,Agriculture,Vegetation,Vegetation Gain
2772.0,6,Jaipur,26.96845789184477,75.8627706596578,1,1,1,1,1,0.72785,1,0.939111,Vegetation,Vegetation,Vegetation,Vegetation,No Change
2773.0,6,Jaipur,26.860570226222016,76.02500639996978,4,5,2,1,2,0.731549,2,0.520583,Agriculture,Vegetation,Agriculture,Agriculture,No Change
2774.0,6,Jaipur,26.85751595425601,76.03740315089063,6,6,3,3,3,0.841279,3,0.649258,Built-up,Built-up,Built-up,Built-up,No Change
2775.0,6,Jaipur,26.984627566958924,75.73781500363677,6,6,3,3,3,0.727686,3,0.985162,Built-up,Built-up,Built-up,Built-up,No Change
2776.0,6,Jaipur,26.98408857778845,75.75102023831333,6,6,3,3,2,0.573048,3,0.733639,Built-up,Built-up,Agriculture,Built-up,Urban Expansion
2777.0,6,Jaipur,26.95282720590109,75.79530718182042,6,6,3,3,3,0.975297,3,0.941884,Built-up,Built-up,Built-up,Built-up,No Change
2778.0,6,Jaipur,27.066194594756976,76.01817920381048,4,4,2,2,2,0.904609,2,0.924135,Agriculture,Agriculture,Agriculture,Agriculture,No Change
2779.0,6,Jaipur,26.756185990207328,75.79180375221236,6,6,3,3,3,0.611661,3,0.572365,Built-up,Built-up,Built-up,Built-up,No Change
2780.0,6,Jaipur,27.04876727824506,75.99113991375847,1,1,1,1,1,0.682604,1,0.71734,Vegetation,Vegetation,Vegetation,Vegetation,No Change
2781.0,6,Jaipur,26.99962943220372,75.93966644797842,5,5,1,1,1,0.578015,1,0.58634,Vegetation,Vegetation,Vegetation,Vegetation,No Change
2782.0,6,Jaipur,26.96234934791276,75.68346692894754,6,6,3,3,2,0.450965,3,0.448882,Built-up,Built-up,Agriculture,Built-up,Urban Expansion
2783.0,6,Jaipur,27.051731718682653,75.77698155002439,4,4,2,2,2,0.892571,2,0.875006,Agriculture,Agriculture,Agriculture,Agriculture,No Change
2784.0,6,Jaipur,26.809815412669263,75.95143437820039,4,4,2,2,2,0.843536,2,0.948596,Agriculture,Agriculture,Agriculture,Agriculture,No Change
2785.0,6,Jaipur,26.84008863774409,76.0822290835682,4,5,2,1,2,0.722068,1,0.642174,Agriculture,Vegetation,Agriculture,Vegetation,Vegetation Gain
2786.0,6,Jaipur,26.909618240734943,75.93086295819406,4,4,2,2,2,0.891519,2,0.920718,Agriculture,Agriculture,Agriculture,Agriculture,No Change
2787.0,6,Jaipur,26.90827076780877,76.05572878268667,4,4,2,2,2,0.768433,2,0.802416,Agriculture,Agriculture,Agriculture,Agriculture,No Change
2788.0,6,Jaipur,26.88913665225702,75.79584617099088,6,6,3,3,3,0.779373,3,0.806102,Built-up,Built-up,Built-up,Built-up,No Change
2789.0,6,Jaipur,26.86802624308021,75.92915615915423,6,6,3,3,3,0.77771,3,0.919061,Built-up,Built-up,Built-up,Built-up,No Change
2790.0,6,Jaipur,27.037987494835622,75.98485170676963,1,1,1,1,1,0.821801,1,0.801823,Vegetation,Vegetation,Vegetation,Vegetation,No Change
2791.0,6,Jaipur,26.871439841159862,75.91828654421639,6,6,3,3,3,0.977072,3,0.978786,Built-up,Built-up,Built-up,Built-up,No Change
2792.0,6,Jaipur,27.039963788460685,75.93427655627372,5,5,1,1,1,0.683868,1,0.623269,Vegetation,Vegetation,Vegetation,Vegetation,No Change
2793.0,6,Jaipur,27.085059215723486,75.79773263308755,6,6,3,3,3,0.591907,3,0.600708,Built-up,Built-up,Built-up,Built-up,No Change
2794.0,6,Jaipur,26.9513899014465,75.61465597818399,5,4,1,2,2,0.641651,1,0.533658,Vegetation,Agriculture,Agriculture,Vegetation,Vegetation Gain
2795.0,6,Jaipur,26.985615713771452,75.87148431791375,1,1,1,1,2,0.65059,1,0.716436,Vegetation,Vegetation,Agriculture,Vegetation,Vegetation Gain
2796.0,6,Jaipur,26.801011922884893,75.97577872240004,4,4,2,2,2,0.831662,2,0.86376,Agriculture,Agriculture,Agriculture,Agriculture,No Change
2797.0,6,Jaipur,27.07176414951852,76.08707998610244,1,1,1,1,1,0.837326,1,0.864909,Vegetation,Vegetation,Vegetation,Vegetation,No Change
2798.0,6,Jaipur,26.91725392064996,75.8598062192202,4,4,2,2,1,0.794877,1,0.888564,Agriculture,Agriculture,Vegetation,Vegetation,No Change
2799.0,6,Jaipur,27.01777540094293,75.94532583426837,4,4,2,2,2,0.756157,2,0.844554,Agriculture,Agriculture,Agriculture,Agriculture,No Change
2800.0,6,Jaipur,26.97187148992443,75.61492547276922,6,6,3,3,3,0.867311,3,0.948695,Built-up,Built-up,Built-up,Built-up,No Change
2801.0,6,Jaipur,26.935938878559647,76.046206640675,5,5,1,1,1,0.591202,1,0.630365,Vegetation,Vegetation,Vegetation,Vegetation,No Change
2802.0,6,Jaipur,26.96082221192976,76.03389972128257,5,5,1,1,1,0.75133,1,0.861072,Vegetation,Vegetation,Vegetation,Vegetation,No Change
2803.0,6,Jaipur,26.98022582206674,75.83159911929884,1,1,1,1,1,0.946493,1,0.966271,Vegetation,Vegetation,Vegetation,Vegetation,No Change
2804.0,6,Jaipur,27.07176414951852,76.02231145411743,4,4,2,2,2,0.685078,2,0.617717,Agriculture,Agriculture,Agriculture,Agriculture,No Change
2805.0,6,Jaipur,27.09170674882597,75.99760778380414,4,4,2,2,2,0.83637,2,0.769897,Agriculture,Agriculture,Agriculture,Agriculture,No Change
2806.0,6,Jaipur,27.042389239727807,75.6673870853618,4,4,2,2,2,0.587211,2,0.825079,Agriculture,Agriculture,Agriculture,Agriculture,No Change
2807.0,6,Jaipur,27.077962524978943,75.98197709786045,6,6,3,3,3,0.726925,3,0.799213,Built-up,Built-up,Built-up,Built-up,No Change
2808.0,6,Jaipur,26.763282680951875,75.8094107317811,6,6,3,3,3,0.576051,3,0.76031,Built-up,Built-up,Built-up,Built-up,No Change
2809.0,6,Jaipur,26.904228349030227,75.93840880658065,4,4,2,2,2,0.877621,2,0.637482,Agriculture,Agriculture,Agriculture,Agriculture,No Change
2810.0,6,Jaipur,26.96998502782777,75.83447372820802,1,1,1,1,1,0.756774,1,0.943644,Vegetation,Vegetation,Vegetation,Vegetation,No Change
2811.0,6,Jaipur,26.879884004830583,75.95933955270064,6,6,3,3,2,0.326193,3,0.931421,Built-up,Built-up,Agriculture,Built-up,Urban Expansion
2812.0,6,Jaipur,27.081645617643836,75.84642132148682,6,6,3,3,3,0.849313,3,0.860544,Built-up,Built-up,Built-up,Built-up,No Change
2813.0,6,Jaipur,26.81879856551046,75.96958034693961,4,4,2,2,2,0.7457,2,0.864154,Agriculture,Agriculture,Agriculture,Agriculture,No Change
2814.0,6,Jaipur,26.9784291914985,76.04135573814075,5,5,1,1,1,0.955759,1,0.957046,Vegetation,Vegetation,Vegetation,Vegetation,No Change
2815.0,6,Jaipur,26.827242729181183,75.6898449674648,4,6,2,3,2,0.911664,3,0.482122,Agriculture,Built-up,Agriculture,Built-up,Urban Expansion
2816.0,6,Jaipur,27.01121769936886,75.67178883025399,4,4,2,2,2,0.68649,2,0.807763,Agriculture,Agriculture,Agriculture,Agriculture,No Change
2817.0,6,Jaipur,26.811522211709093,75.98808564179247,4,4,2,2,2,0.730826,2,0.860188,Agriculture,Agriculture,Agriculture,Agriculture,No Change
2818.0,6,Jaipur,27.027477206011422,76.02087414966283,4,4,2,2,2,0.753767,2,0.823716,Agriculture,Agriculture,Agriculture,Agriculture,No Change
2819.0,6,Jaipur,26.869643210591622,75.71293167026666,4,5,2,1,2,0.802935,1,0.676754,Agriculture,Vegetation,Agriculture,Vegetation,Vegetation Gain
2820.0,6,Jaipur,26.979507169839444,75.99338570196878,5,5,1,1,1,0.643884,1,0.577035,Vegetation,Vegetation,Vegetation,Vegetation,No Change
2821.0,6,Jaipur,26.95992389664564,75.6178000816784,6,6,3,3,3,0.751144,3,0.66547,Built-up,Built-up,Built-up,Built-up,No Change
2822.0,6,Jaipur,26.7612165557984,75.8906184334655,4,4,2,2,2,0.721756,2,0.762194,Agriculture,Agriculture,Agriculture,Agriculture,No Change
2823.0,6,Jaipur,26.932525280479997,75.72416061131815,6,6,3,3,3,0.675885,3,0.774912,Built-up,Built-up,Built-up,Built-up,No Change
2824.0,6,Jaipur,27.05595380051801,75.81677691711087,1,4,1,2,2,0.738331,2,0.863375,Vegetation,Agriculture,Agriculture,Agriculture,No Change
2825.0,6,Jaipur,27.012295677709805,75.93239009417705,6,6,3,3,3,0.563635,3,0.630601,Built-up,Built-up,Built-up,Built-up,No Change
2826.0,6,Jaipur,27.07850151414941,75.81102769929251,5,5,1,1,1,0.498099,1,0.847295,Vegetation,Vegetation,Vegetation,Vegetation,No Change
2827.0,6,Jaipur,26.7732539806056,75.88576753093126,4,6,2,3,2,0.899857,3,0.536041,Agriculture,Built-up,Agriculture,Built-up,Urban Expansion
2828.0,6,Jaipur,26.99504802425471,76.0672272183234,5,5,1,1,1,0.733653,1,0.945235,Vegetation,Vegetation,Vegetation,Vegetation,No Change
2829.0,6,Jaipur,27.04032311457433,75.7704238484503,5,5,1,1,1,0.625032,1,0.879503,Vegetation,Vegetation,Vegetation,Vegetation,No Change
2830.0,6,Jaipur,26.81691210341381,75.98619917969582,4,4,2,2,2,0.706383,2,0.777192,Agriculture,Agriculture,Agriculture,Agriculture,No Change
2831.0,6,Jaipur,26.90755211558147,75.99751795227573,4,4,2,2,2,0.797213,2,0.747276,Agriculture,Agriculture,Agriculture,Agriculture,No Change
2832.0,6,Jaipur,26.82562576166977,75.60621181451326,6,6,3,3,3,0.576906,3,0.62593,Built-up,Built-up,Built-up,Built-up,No Change
2833.0,6,Jaipur,27.00654645989144,76.04997956486831,5,5,1,1,1,0.650341,1,0.695243,Vegetation,Vegetation,Vegetation,Vegetation,No Change
2834.0,6,Jaipur,26.96881721795842,75.60189990114948,4,4,2,2,2,0.759833,2,0.974124,Agriculture,Agriculture,Agriculture,Agriculture,No Change
2835.0,6,Jaipur,27.08119646000177,75.94829027470597,4,4,2,2,2,0.798348,2,0.811763,Agriculture,Agriculture,Agriculture,Agriculture,No Change
2836.0,6,Jaipur,27.082813427513187,75.8996015863067,1,1,1,1,1,0.587088,1,0.849332,Vegetation,Vegetation,Vegetation,Vegetation,No Change
2837.0,6,Jaipur,27.02963316269331,75.71760290974409,4,6,2,3,2,0.714194,2,0.785562,Agriculture,Built-up,Agriculture,Agriculture,No Change
2838.0,6,Jaipur,26.880153499415822,75.7613508640807,6,6,3,3,3,0.803539,3,0.578363,Built-up,Built-up,Built-up,Built-up,No Change
2839.0,6,Jaipur,26.923452296110383,75.9613158463257,4,4,2,2,2,0.820745,2,0.631626,Agriculture,Agriculture,Agriculture,Agriculture,No Change
2840.0,6,Jaipur,26.818439239396813,75.90723726622171,4,5,2,1,2,0.777236,1,0.820243,Agriculture,Vegetation,Agriculture,Vegetation,Vegetation Gain
2841.0,6,Jaipur,27.03646035885262,75.84291789187876,1,1,1,1,1,0.770569,1,0.774812,Vegetation,Vegetation,Vegetation,Vegetation,No Change
2842.0,6,Jaipur,26.80873743432832,76.03129460695861,4,4,2,2,2,0.812196,2,0.91762,Agriculture,Agriculture,Agriculture,Agriculture,No Change
2843.0,6,Jaipur,27.081016796944947,76.0619271581471,4,4,2,2,2,0.899407,2,0.94104,Agriculture,Agriculture,Agriculture,Agriculture,No Change
2844.0,6,Jaipur,27.01849405317023,76.08258840968185,4,4,2,2,2,0.937866,2,0.940892,Agriculture,Agriculture,Agriculture,Agriculture,No Change
2845.0,6,Jaipur,26.786908372924216,75.61447631512716,4,4,2,2,2,0.80949,2,0.786766,Agriculture,Agriculture,Agriculture,Agriculture,No Change
2846.0,6,Jaipur,26.89919778343916,75.77814935989373,6,6,3,3,3,0.974266,3,0.941127,Built-up,Built-up,Built-up,Built-up,No Change
2847.0,6,Jaipur,26.85149724185241,75.9215204792392,4,4,2,2,2,0.951714,2,0.873985,Agriculture,Agriculture,Agriculture,Agriculture,No Change
2848.0,6,Jaipur,27.08991011825773,75.91442378849467,1,1,1,1,1,0.836687,1,0.963464,Vegetation,Vegetation,Vegetation,Vegetation,No Change
2849.0,6,Jaipur,26.946179672798607,75.6584039325206,6,6,3,3,3,0.679186,2,0.451655,Built-up,Built-up,Built-up,Agriculture,Other Change
2850.0,6,Jaipur,26.8574261227276,75.72191482310785,4,6,2,3,2,0.503162,2,0.556776,Agriculture,Built-up,Agriculture,Agriculture,No Change
2851.0,6,Jaipur,26.901982560819928,75.6831974343623,6,6,3,3,3,0.615723,3,0.951124,Built-up,Built-up,Built-up,Built-up,No Change
2852.0,6,Jaipur,26.85931258482425,76.04378118940788,6,4,3,2,3,0.545933,2,0.82592,Built-up,Agriculture,Built-up,Agriculture,Other Change
2853.0,6,Jaipur,27.0806574708313,75.92852733845534,4,4,2,2,2,0.770344,2,0.779818,Agriculture,Agriculture,Agriculture,Agriculture,No Change
2854.0,6,Jaipur,27.001875220414018,75.70529599035164,6,6,3,3,2,0.494505,3,0.662091,Built-up,Built-up,Agriculture,Built-up,Urban Expansion
2855.0,6,Jaipur,26.886351874876247,75.7606322118534,6,6,3,3,3,0.87563,3,0.96854,Built-up,Built-up,Built-up,Built-up,No Change
2856.0,6,Jaipur,26.974207109663137,76.04512866233406,5,5,1,1,2,0.4542,3,0.508182,Vegetation,Vegetation,Agriculture,Built-up,Urban Expansion
2857.0,6,Jaipur,26.82948851739148,76.02949797639037,4,4,2,2,2,0.897184,2,0.879827,Agriculture,Agriculture,Agriculture,Agriculture,No Change
2858.0,6,Jaipur,27.036550190381032,75.92430525661999,5,5,1,1,1,0.719692,1,0.789582,Vegetation,Vegetation,Vegetation,Vegetation,No Change
2859.0,6,Jaipur,26.810713727953384,75.9417325731319,5,5,1,1,1,0.693589,1,0.741384,Vegetation,Vegetation,Vegetation,Vegetation,No Change
2860.0,6,Jaipur,26.95615097245233,75.89457102071563,4,6,2,3,2,0.715119,3,0.918811,Agriculture,Built-up,Agriculture,Built-up,Urban Expansion
2861.0,6,Jaipur,26.820325701493463,75.89376253695991,6,6,3,3,3,0.7083,3,0.846756,Built-up,Built-up,Built-up,Built-up,No Change
2862.0,6,Jaipur,27.061523355279554,75.76332715770576,6,6,3,3,3,0.498743,3,0.668424,Built-up,Built-up,Built-up,Built-up,No Change
2863.0,6,Jaipur,27.02406360793177,75.91325597862532,5,5,1,1,4,0.567108,4,0.547728,Vegetation,Vegetation,Barren,Barren,No Change
2864.0,6,Jaipur,26.96297816861164,75.93517487155783,6,6,3,3,3,0.885335,3,0.807521,Built-up,Built-up,Built-up,Built-up,No Change
2865.0,6,Jaipur,26.78933382419134,75.96365146606442,4,4,2,2,2,0.85225,2,0.902912,Agriculture,Agriculture,Agriculture,Agriculture,No Change
2866.0,6,Jaipur,26.86263635137549,75.80366151396274,6,6,3,3,4,0.502818,3,0.87275,Built-up,Built-up,Barren,Built-up,Urban Expansion
2867.0,6,Jaipur,26.84502937180675,76.06659839762452,6,6,3,3,3,0.632882,3,0.643894,Built-up,Built-up,Built-up,Built-up,No Change
2868.0,6,Jaipur,26.986064871413515,75.69532469069792,6,6,3,3,2,0.715753,2,0.883188,Built-up,Built-up,Agriculture,Agriculture,No Change
2869.0,6,Jaipur,26.866948264739268,76.04530832539088,4,1,2,1,2,0.870116,1,0.614096,Agriculture,Vegetation,Agriculture,Vegetation,Vegetation Gain
2870.0,6,Jaipur,27.09260506411009,75.69712132126615,4,4,2,2,2,0.829677,2,0.942922,Agriculture,Agriculture,Agriculture,Agriculture,No Change
2871.0,6,Jaipur,26.98956830102158,75.99006193541753,4,5,2,1,2,0.862224,1,0.833707,Agriculture,Vegetation,Agriculture,Vegetation,Vegetation Gain
2872.0,6,Jaipur,26.972230816038078,75.7846172299394,6,6,3,3,3,0.502122,3,0.424926,Built-up,Built-up,Built-up,Built-up,No Change
2873.0,6,Jaipur,26.908360599337176,76.01773004616841,6,6,3,3,3,0.802522,3,0.602745,Built-up,Built-up,Built-up,Built-up,No Change
2874.0,6,Jaipur,26.86245668831867,76.07989346382948,6,6,3,3,3,0.653699,3,0.667633,Built-up,Built-up,Built-up,Built-up,No Change
2875.0,6,Jaipur,27.01436180286328,75.94730212789344,4,4,2,2,2,0.768774,2,0.72889,Agriculture,Agriculture,Agriculture,Agriculture,No Change
2876.0,6,Jaipur,27.01948219998276,75.73026915525017,1,1,1,1,2,0.468938,3,0.369322,Vegetation,Vegetation,Agriculture,Built-up,Urban Expansion
2877.0,6,Jaipur,26.95911541288993,75.73098780747746,6,6,3,3,3,0.558245,3,0.593614,Built-up,Built-up,Built-up,Built-up,No Change
2878.0,6,Jaipur,26.997114149408183,75.77024418539348,6,6,3,3,3,0.936889,3,0.968117,Built-up,Built-up,Built-up,Built-up,No Change
2879.0,6,Jaipur,27.023794113346536,76.0559084457435,1,1,1,1,2,0.638177,1,0.695909,Vegetation,Vegetation,Agriculture,Vegetation,Vegetation Gain
2880.0,6,Jaipur,27.05200121326789,75.65867342710584,4,4,2,2,2,0.782818,2,0.79284,Agriculture,Agriculture,Agriculture,Agriculture,No Change
2881.0,6,Jaipur,27.07140482340487,75.74006079184707,4,6,2,3,2,0.864573,3,0.647555,Agriculture,Built-up,Agriculture,Built-up,Urban Expansion
2882.0,6,Jaipur,27.058199588728318,76.03255224835638,1,1,1,1,1,0.94114,1,0.929435,Vegetation,Vegetation,Vegetation,Vegetation,No Change
2883.0,6,Jaipur,26.82257148970376,75.64349189880421,5,6,1,3,1,0.559216,3,0.839228,Vegetation,Built-up,Vegetation,Built-up,Vegetation Loss
2884.0,6,Jaipur,26.761575881912048,75.64681566535546,4,4,2,2,2,0.903955,2,0.692376,Agriculture,Agriculture,Agriculture,Agriculture,No Change
2885.0,6,Jaipur,26.94339489541784,75.86834021441933,1,1,1,1,1,0.602326,1,0.608684,Vegetation,Vegetation,Vegetation,Vegetation,No Change
2886.0,6,Jaipur,26.780440502878555,75.72290296992038,4,6,2,3,2,0.761794,3,0.834071,Agriculture,Built-up,Agriculture,Built-up,Urban Expansion
2887.0,6,Jaipur,26.90261138151881,75.96284298230871,6,6,3,3,2,0.404076,1,0.488982,Built-up,Built-up,Agriculture,Vegetation,Vegetation Gain
2888.0,6,Jaipur,27.08829315074632,75.7733882888879,4,4,2,2,2,0.91956,2,0.845542,Agriculture,Agriculture,Agriculture,Agriculture,No Change
2889.0,6,Jaipur,26.986154702941928,75.7185012250282,4,4,2,2,2,0.969161,2,0.73427,Agriculture,Agriculture,Agriculture,Agriculture,No Change
2890.0,6,Jaipur,26.887070527103543,76.0822290835682,4,4,2,2,2,0.752196,2,0.781468,Agriculture,Agriculture,Agriculture,Agriculture,No Change
2891.0,6,Jaipur,26.773433643662425,76.09255970933557,5,1,1,1,1,0.498791,1,0.681431,Vegetation,Vegetation,Vegetation,Vegetation,No Change
2892.0,6,Jaipur,26.89461637549015,75.9461343180241,4,4,2,2,2,0.727286,2,0.913687,Agriculture,Agriculture,Agriculture,Agriculture,No Change
2893.0,6,Jaipur,26.84413105652263,76.03084544931656,4,4,2,2,2,0.712249,2,0.749557,Agriculture,Agriculture,Agriculture,Agriculture,No Change
2894.0,6,Jaipur,26.992353078402356,76.09300886697763,4,4,2,2,2,0.86145,2,0.568786,Agriculture,Agriculture,Agriculture,Agriculture,No Change
2895.0,6,Jaipur,27.00061757901625,76.07737818103395,5,2,1,1,2,0.447811,1,0.804691,Vegetation,Vegetation,Agriculture,Vegetation,Vegetation Gain
2896.0,6,Jaipur,26.92515909515021,76.05689659255603,1,1,1,1,1,0.805861,1,0.909152,Vegetation,Vegetation,Vegetation,Vegetation,No Change
2897.0,6,Jaipur,26.769660719469123,76.02051482354918,4,4,2,2,2,0.748717,2,0.609858,Agriculture,Agriculture,Agriculture,Agriculture,No Change
2898.0,6,Jaipur,26.82706306612436,75.70915874607336,6,6,3,3,2,0.45929,3,0.523621,Built-up,Built-up,Agriculture,Built-up,Urban Expansion
2899.0,6,Jaipur,26.82203250053329,76.08887661667067,4,4,2,2,2,0.864651,2,0.710502,Agriculture,Agriculture,Agriculture,Agriculture,No Change
2900.0,6,Jaipur,27.08469988960984,76.02949797639037,4,4,2,2,2,0.932308,2,0.92468,Agriculture,Agriculture,Agriculture,Agriculture,No Change
2901.0,6,Jaipur,26.836944534249675,76.07504256129523,4,4,2,2,2,0.716266,2,0.840922,Agriculture,Agriculture,Agriculture,Agriculture,No Change
2902.0,6,Jaipur,26.915097963968076,75.93176127347817,0,0,0,0,0,0.996055,0,0.990319,Water,Water,Water,Water,No Change
2903.0,6,Jaipur,26.9904666163057,75.96230399313824,4,6,2,3,2,0.919944,3,0.578493,Agriculture,Built-up,Agriculture,Built-up,Urban Expansion
2904.0,6,Jaipur,26.78250662803203,75.94200206771714,1,5,1,1,1,0.499886,1,0.611451,Vegetation,Vegetation,Vegetation,Vegetation,No Change
2905.0,6,Jaipur,26.820685027607112,75.66981253662892,6,6,3,3,3,0.79962,3,0.916285,Built-up,Built-up,Built-up,Built-up,No Change
2906.0,6,Jaipur,27.008522753516505,75.78264093631434,6,6,3,3,3,0.690014,3,0.596739,Built-up,Built-up,Built-up,Built-up,No Change
2907.0,6,Jaipur,27.01624826495993,75.77024418539348,6,6,3,3,3,0.989697,3,0.814817,Built-up,Built-up,Built-up,Built-up,No Change
2908.0,6,Jaipur,27.04885710977347,75.65876325863425,4,4,2,2,2,0.909065,2,0.670444,Agriculture,Agriculture,Agriculture,Agriculture,No Change
2909.0,6,Jaipur,26.83757335494856,76.03363022669733,6,6,3,3,3,0.728984,3,0.764843,Built-up,Built-up,Built-up,Built-up,No Change
2910.0,6,Jaipur,26.956600130094397,76.0994767370233,4,4,2,2,2,0.806472,2,0.789698,Agriculture,Agriculture,Agriculture,Agriculture,No Change
2911.0,6,Jaipur,26.84251408901121,75.75048124914285,4,6,2,3,2,0.866359,3,0.802654,Agriculture,Built-up,Agriculture,Built-up,Urban Expansion
2912.0,6,Jaipur,26.82787154988007,75.79872077990008,6,6,3,3,3,0.785131,3,0.770994,Built-up,Built-up,Built-up,Built-up,No Change
2913.0,6,Jaipur,26.772265833793067,75.68104147768041,5,4,1,2,1,0.597064,2,0.737361,Vegetation,Agriculture,Vegetation,Agriculture,Agriculture Gain
2914.0,6,Jaipur,26.830207169618777,75.63900032238362,6,6,3,3,3,0.63576,3,0.681532,Built-up,Built-up,Built-up,Built-up,No Change
2915.0,6,Jaipur,27.026309396142068,76.03515736268034,4,4,2,2,2,0.834604,2,0.901515,Agriculture,Agriculture,Agriculture,Agriculture,No Change
2916.0,6,Jaipur,27.05442666453501,75.9183763757448,4,5,2,1,1,0.431652,2,0.551113,Agriculture,Vegetation,Vegetation,Agriculture,Agriculture Gain
2917.0,6,Jaipur,26.847095496960225,75.99383485961083,6,6,3,3,3,0.621858,3,0.798445,Built-up,Built-up,Built-up,Built-up,No Change
2918.0,6,Jaipur,26.982381778748625,75.64834280133847,6,6,3,3,3,0.720173,3,0.796467,Built-up,Built-up,Built-up,Built-up,No Change
2919.0,6,Jaipur,26.98040548512356,75.96670573803043,4,4,2,2,2,0.460537,2,0.443917,Agriculture,Agriculture,Agriculture,Agriculture,No Change
2920.0,6,Jaipur,27.055055485233893,75.81578877029834,4,4,2,2,2,0.72805,2,0.811175,Agriculture,Agriculture,Agriculture,Agriculture,No Change
2921.0,6,Jaipur,26.933333764235694,75.82477192313954,0,0,0,0,0,0.955154,0,0.987725,Water,Water,Water,Water,No Change
2922.0,6,Jaipur,26.85661763897189,75.71598594223266,6,6,3,3,3,0.830107,3,0.874649,Built-up,Built-up,Built-up,Built-up,No Change
2923.0,6,Jaipur,27.00196505194243,75.62678323451959,4,4,2,2,2,0.840039,2,0.910801,Agriculture,Agriculture,Agriculture,Agriculture,No Change
2924.0,6,Jaipur,27.02900434199443,75.8853183732892,4,4,2,2,2,0.618698,3,0.529378,Agriculture,Agriculture,Agriculture,Built-up,Urban Expansion
2925.0,6,Jaipur,26.873146640199693,75.80348185090591,6,6,3,3,3,0.583908,3,0.794402,Built-up,Built-up,Built-up,Built-up,No Change
2926.0,6,Jaipur,27.08829315074632,75.78497655605304,6,6,3,3,2,0.501776,3,0.491352,Built-up,Built-up,Agriculture,Built-up,Urban Expansion
2927.0,6,Jaipur,26.88132130928518,75.94406819287062,6,5,3,1,3,0.672834,1,0.535292,Built-up,Vegetation,Built-up,Vegetation,Vegetation Gain
2928.0,6,Jaipur,26.82939868586307,75.65418185068525,4,6,2,3,2,0.843884,3,0.790012,Agriculture,Built-up,Agriculture,Built-up,Urban Expansion
2929.0,6,Jaipur,26.97250031062331,75.94981741068898,4,4,2,2,2,0.480789,2,0.575623,Agriculture,Agriculture,Agriculture,Agriculture,No Change
2930.0,6,Jaipur,26.96971553324254,75.91020170665931,6,6,3,3,3,0.680069,3,0.56954,Built-up,Built-up,Built-up,Built-up,No Change
2931.0,6,Jaipur,26.85562949215936,75.65283437775906,4,4,2,2,2,0.81967,2,0.748949,Agriculture,Agriculture,Agriculture,Agriculture,No Change
2932.0,6,Jaipur,27.09350337939421,75.85342818070295,6,6,3,3,1,0.481199,1,0.641645,Built-up,Built-up,Vegetation,Vegetation,No Change
2933.0,6,Jaipur,26.92965067157081,76.03309123752686,5,4,1,2,1,0.588175,2,0.769361,Vegetation,Agriculture,Vegetation,Agriculture,Agriculture Gain
2934.0,6,Jaipur,26.923991285280856,75.89124725416438,6,5,3,1,3,0.756346,1,0.597772,Built-up,Vegetation,Built-up,Vegetation,Vegetation Gain
2935.0,6,Jaipur,26.90907925156447,75.64178509976439,5,6,1,3,1,0.48817,3,0.605389,Vegetation,Built-up,Vegetation,Built-up,Vegetation Loss
2936.0,6,Jaipur,26.943305063889422,75.68041265698153,6,6,3,3,3,0.653321,3,0.520399,Built-up,Built-up,Built-up,Built-up,No Change
2937.0,6,Jaipur,26.80038310218601,75.86627408926586,6,6,3,3,3,0.590317,3,0.964841,Built-up,Built-up,Built-up,Built-up,No Change
2938.0,6,Jaipur,26.94528135751449,75.77320862583107,6,6,3,3,3,0.884712,3,0.853454,Built-up,Built-up,Built-up,Built-up,No Change
2939.0,6,Jaipur,26.9851665561294,76.0342590473962,5,1,1,1,1,0.655142,1,0.73265,Vegetation,Vegetation,Vegetation,Vegetation,No Change
2940.0,6,Jaipur,27.06403863807509,75.80824292191174,4,4,2,2,2,0.865251,2,0.901654,Agriculture,Agriculture,Agriculture,Agriculture,No Change
2941.0,6,Jaipur,26.76256402872458,75.91056103277296,5,5,1,1,1,0.609443,1,0.563282,Vegetation,Vegetation,Vegetation,Vegetation,No Change
2942.0,6,Jaipur,26.940071128866595,75.61564412499652,6,6,3,3,2,0.647129,1,0.452155,Built-up,Built-up,Agriculture,Vegetation,Vegetation Gain
2943.0,6,Jaipur,26.931896459781107,75.62561542465023,5,5,1,1,1,0.640145,1,0.597216,Vegetation,Vegetation,Vegetation,Vegetation,No Change
2944.0,6,Jaipur,26.895065533132207,75.7583864236431,6,6,3,3,3,0.971329,1,0.447155,Built-up,Built-up,Built-up,Vegetation,Vegetation Gain
2945.0,6,Jaipur,26.84961077975576,75.99563149017908,1,6,1,3,1,0.57626,3,0.602168,Vegetation,Built-up,Vegetation,Built-up,Vegetation Loss
2946.0,6,Jaipur,26.941328770264363,76.03452854198144,1,1,1,1,1,0.769211,1,0.749222,Vegetation,Vegetation,Vegetation,Vegetation,No Change
2947.0,6,Jaipur,27.00978039491427,75.89690664045433,4,5,2,1,2,0.439809,1,0.766183,Agriculture,Vegetation,Agriculture,Vegetation,Vegetation Gain
2948.0,6,Jaipur,26.910696219075888,75.61896789154775,4,4,2,2,2,0.879572,2,0.896351,Agriculture,Agriculture,Agriculture,Agriculture,No Change
2949.0,6,Jaipur,26.91599627925219,75.95871073200176,5,4,1,2,1,0.671389,2,0.738716,Vegetation,Agriculture,Vegetation,Agriculture,Agriculture Gain
2950.0,6,Jaipur,26.97699188704391,75.62992733801401,4,4,2,2,2,0.918035,2,0.896386,Agriculture,Agriculture,Agriculture,Agriculture,No Change
2951.0,6,Jaipur,26.918331898990903,76.06480176705628,4,4,2,2,2,0.855193,2,0.706553,Agriculture,Agriculture,Agriculture,Agriculture,No Change
2952.0,6,Jaipur,26.7612165557984,75.8928642216758,5,5,1,1,1,0.472861,1,0.602112,Vegetation,Vegetation,Vegetation,Vegetation,No Change
2953.0,6,Jaipur,26.96082221192976,76.08815796444338,5,4,1,2,1,0.647314,2,0.819231,Vegetation,Agriculture,Vegetation,Agriculture,Agriculture Gain
2954.0,6,Jaipur,27.0032226933402,75.83743816864562,1,1,1,1,1,0.752988,1,0.67088,Vegetation,Vegetation,Vegetation,Vegetation,No Change
2955.0,6,Jaipur,26.79714916716318,75.90463215189776,6,4,3,2,3,0.616986,2,0.764554,Built-up,Agriculture,Built-up,Agriculture,Other Change
2956.0,6,Jaipur,26.972410479094897,75.6042355208882,6,6,3,3,3,0.720005,3,0.684037,Built-up,Built-up,Built-up,Built-up,No Change
2957.0,6,Jaipur,27.08901180297361,75.79656482321819,4,4,2,2,2,0.777009,2,0.788428,Agriculture,Agriculture,Agriculture,Agriculture,No Change
2958.0,6,Jaipur,26.844400551107867,75.72955050302286,6,6,3,3,3,0.852654,3,0.93134,Built-up,Built-up,Built-up,Built-up,No Change
2959.0,6,Jaipur,26.806491646118022,75.6312748109402,1,4,1,2,1,0.662979,2,0.737911,Vegetation,Agriculture,Vegetation,Agriculture,Agriculture Gain
2960.0,6,Jaipur,26.999449769146896,75.73188612276158,6,6,3,3,3,0.909607,3,0.888852,Built-up,Built-up,Built-up,Built-up,No Change
2961.0,6,Jaipur,26.77954218759444,76.02482673691296,6,4,3,2,2,0.497257,2,0.820786,Built-up,Agriculture,Agriculture,Agriculture,No Change
2962.0,6,Jaipur,26.99397004591377,75.88828281372679,5,5,1,1,1,0.720504,1,0.593896,Vegetation,Vegetation,Vegetation,Vegetation,No Change
2963.0,6,Jaipur,26.85607864980142,75.8281855212192,6,6,3,3,3,0.943361,3,0.910089,Built-up,Built-up,Built-up,Built-up,No Change
2964.0,6,Jaipur,27.053258854665657,75.61842890237729,4,4,2,2,2,0.948942,2,0.886903,Agriculture,Agriculture,Agriculture,Agriculture,No Change
2965.0,6,Jaipur,26.81502564131716,75.87831151407306,4,6,2,3,2,0.847527,3,0.704373,Agriculture,Built-up,Agriculture,Built-up,Urban Expansion
2966.0,6,Jaipur,26.92515909515021,75.71805206738614,6,6,3,3,3,0.595909,3,0.630401,Built-up,Built-up,Built-up,Built-up,No Change
2967.0,6,Jaipur,26.927674377945745,75.843187386464,6,6,3,3,3,0.74957,3,0.680643,Built-up,Built-up,Built-up,Built-up,No Change
2968.0,6,Jaipur,26.787806688208335,75.94415802439903,5,5,1,1,1,0.478282,1,0.73647,Vegetation,Vegetation,Vegetation,Vegetation,No Change
2969.0,6,Jaipur,27.01418213980645,75.68652120091355,4,6,2,3,2,0.860201,3,0.53543,Agriculture,Built-up,Agriculture,Built-up,Urban Expansion
2970.0,6,Jaipur,27.076794715109585,75.95026656833103,4,4,2,2,2,0.752283,2,0.790685,Agriculture,Agriculture,Agriculture,Agriculture,No Change
2971.0,6,Jaipur,26.76301318636664,75.60522366770073,4,4,2,2,2,0.662131,2,0.604333,Agriculture,Agriculture,Agriculture,Agriculture,No Change
2972.0,6,Jaipur,26.828680033635774,75.82584990148048,6,6,3,3,3,0.945155,3,0.900657,Built-up,Built-up,Built-up,Built-up,No Change
2973.0,6,Jaipur,27.037538337193563,75.84507384856065,1,5,1,1,2,0.649555,2,0.614576,Vegetation,Vegetation,Agriculture,Agriculture,No Change
2974.0,6,Jaipur,27.06251150209209,75.81390230820169,4,6,2,3,2,0.808406,3,0.534118,Agriculture,Built-up,Agriculture,Built-up,Urban Expansion
2975.0,6,Jaipur,26.85005993739782,76.06444244094263,6,5,3,1,3,0.505395,2,0.411627,Built-up,Vegetation,Built-up,Agriculture,Other Change
2976.0,6,Jaipur,26.7792726930092,75.90292535285793,6,6,3,3,3,0.788647,3,0.721033,Built-up,Built-up,Built-up,Built-up,No Change
2977.0,6,Jaipur,26.976722392458672,75.6095355810645,4,4,2,2,2,0.884001,2,0.925223,Agriculture,Agriculture,Agriculture,Agriculture,No Change
2978.0,6,Jaipur,26.76139621885522,75.99275688126988,4,4,2,2,2,0.931853,2,0.904301,Agriculture,Agriculture,Agriculture,Agriculture,No Change
2979.0,6,Jaipur,27.067092910041097,76.08788846985814,1,1,1,1,1,0.830354,1,0.927699,Vegetation,Vegetation,Vegetation,Vegetation,No Change
2980.0,6,Jaipur,26.787806688208335,75.61115254857592,5,5,1,1,3,0.500266,3,0.400369,Vegetation,Vegetation,Built-up,Built-up,No Change
2981.0,6,Jaipur,27.06682341545586,75.72317246450562,4,4,2,2,2,0.927274,2,0.860293,Agriculture,Agriculture,Agriculture,Agriculture,No Change
2982.0,6,Jaipur,26.958576423719457,75.78389857771211,6,6,3,3,3,0.895257,3,0.967345,Built-up,Built-up,Built-up,Built-up,No Change
2983.0,6,Jaipur,26.920757350258025,75.88954045512456,6,4,3,2,3,0.552582,2,0.75589,Built-up,Agriculture,Built-up,Agriculture,Other Change
2984.0,6,Jaipur,27.08649652017808,76.08321723038073,6,6,3,3,3,0.609264,3,0.655604,Built-up,Built-up,Built-up,Built-up,No Change
2985.0,6,Jaipur,26.79113045475958,76.08402571413643,5,5,1,1,1,0.645416,1,0.82156,Vegetation,Vegetation,Vegetation,Vegetation,No Change
2986.0,6,Jaipur,26.85796511189807,75.96454978134854,5,5,1,1,1,0.792105,1,0.793919,Vegetation,Vegetation,Vegetation,Vegetation,No Change
2987.0,6,Jaipur,26.91168436588842,75.6876890107829,4,4,2,2,2,0.86331,2,0.783472,Agriculture,Agriculture,Agriculture,Agriculture,No Change
2988.0,6,Jaipur,27.039424799290213,75.79872077990008,5,5,1,1,1,0.64507,1,0.75779,Vegetation,Vegetation,Vegetation,Vegetation,No Change
2989.0,6,Jaipur,26.793825400611937,75.64645633924181,4,4,2,2,2,0.756702,2,0.807413,Agriculture,Agriculture,Agriculture,Agriculture,No Change
2990.0,6,Jaipur,26.979147843725794,75.69757047890822,4,6,2,3,2,0.952505,3,0.585891,Agriculture,Built-up,Agriculture,Built-up,Urban Expansion
2991.0,6,Jaipur,26.93539988938917,76.01665206782747,5,5,1,1,1,0.670996,1,0.833499,Vegetation,Vegetation,Vegetation,Vegetation,No Change
2992.0,6,Jaipur,26.84449038263628,75.68481440187372,5,6,1,3,1,0.542195,3,0.614895,Vegetation,Built-up,Vegetation,Built-up,Vegetation Loss
2993.0,6,Jaipur,27.025590743914773,75.66226668824231,4,6,2,3,2,0.915234,2,0.534995,Agriculture,Built-up,Agriculture,Agriculture,No Change
2994.0,6,Jaipur,26.9491441132362,75.84273822882193,6,6,3,3,3,0.950662,3,0.963741,Built-up,Built-up,Built-up,Built-up,No Change
2995.0,6,Jaipur,26.77190650767942,75.68409574964642,5,5,1,1,1,0.773644,1,0.700339,Vegetation,Vegetation,Vegetation,Vegetation,No Change
2996.0,6,Jaipur,26.855898986744595,75.90993221207407,4,4,2,2,2,0.765662,2,0.779318,Agriculture,Agriculture,Agriculture,Agriculture,No Change
2997.0,6,Jaipur,27.03133996173314,76.00344683315092,1,1,1,1,2,0.540273,2,0.512711,Vegetation,Vegetation,Agriculture,Agriculture,No Change
2998.0,6,Jaipur,26.93575921550282,75.66307517199803,4,5,2,1,2,0.797883,1,0.793066,Agriculture,Vegetation,Agriculture,Vegetation,Vegetation Gain
2999.0,6,Jaipur,27.05891824095561,76.06111867439138,4,4,2,2,2,0.721612,2,0.65485,Agriculture,Agriculture,Agriculture,Agriculture,No Change
3000.0,7,Hyderabad,17.43499710759794,78.24007222755169,4,4,2,2,2,0.843496,2,0.835929,Agriculture,Agriculture,Agriculture,Agriculture,No Change
3001.0,7,Hyderabad,17.229193076006155,78.54424178275457,6,6,3,3,3,0.429768,3,0.72444,Built-up,Built-up,Built-up,Built-up,No Change
3002.0,7,Hyderabad,17.542615278635456,78.53175520030531,6,6,3,3,3,0.676498,3,0.880892,Built-up,Built-up,Built-up,Built-up,No Change
3003.0,7,Hyderabad,17.37202520618116,78.55403341935147,6,6,3,3,3,0.919664,3,0.915287,Built-up,Built-up,Built-up,Built-up,No Change
3004.0,7,Hyderabad,17.21338272700565,78.41497421336977,4,6,2,3,2,0.81954,2,0.437103,Agriculture,Built-up,Agriculture,Agriculture,No Change
3005.0,7,Hyderabad,17.57872755305706,78.60927980932482,6,6,3,3,3,0.469732,2,0.484901,Built-up,Built-up,Built-up,Agriculture,Other Change
3006.0,7,Hyderabad,17.3392366983108,78.48082072369573,6,6,3,3,3,0.961099,3,0.957887,Built-up,Built-up,Built-up,Built-up,No Change
3007.0,7,Hyderabad,17.284439465979506,78.62625796819468,5,5,1,1,1,0.711014,1,0.495623,Vegetation,Vegetation,Vegetation,Vegetation,No Change
3008.0,7,Hyderabad,17.379121896925703,78.24815706510877,4,4,2,2,2,0.795347,2,0.612708,Agriculture,Agriculture,Agriculture,Agriculture,No Change
3009.0,7,Hyderabad,17.57261900912505,78.45665604255291,1,5,1,1,1,0.695207,1,0.764146,Vegetation,Vegetation,Vegetation,Vegetation,No Change
3010.0,7,Hyderabad,17.410562931869887,78.218332997676,5,4,1,2,1,0.804795,2,0.851653,Vegetation,Agriculture,Vegetation,Agriculture,Agriculture Gain
3011.0,7,Hyderabad,17.29845318441177,78.53310267323148,6,6,3,3,3,0.402643,3,0.481166,Built-up,Built-up,Built-up,Built-up,No Change
3012.0,7,Hyderabad,17.414425687591603,78.56957427376673,6,6,3,3,3,0.886053,3,0.972766,Built-up,Built-up,Built-up,Built-up,No Change
3013.0,7,Hyderabad,17.23395414701199,78.53364166240196,6,6,3,3,3,0.664834,3,0.685582,Built-up,Built-up,Built-up,Built-up,No Change
3014.0,7,Hyderabad,17.432661487859228,78.20297180631756,4,4,2,2,2,0.882948,2,0.797263,Agriculture,Agriculture,Agriculture,Agriculture,No Change
3015.0,7,Hyderabad,17.565073160738446,78.20988883400528,0,0,0,0,0,0.701641,0,0.568903,Water,Water,Water,Water,No Change
3016.0,7,Hyderabad,17.379660886096175,78.3302630820773,1,1,1,1,1,0.86349,1,0.948351,Vegetation,Vegetation,Vegetation,Vegetation,No Change
3017.0,7,Hyderabad,17.375438804260813,78.46411205941111,6,6,3,3,3,0.987347,3,0.975662,Built-up,Built-up,Built-up,Built-up,No Change
3018.0,7,Hyderabad,17.38343381028948,78.28606597009862,0,0,0,0,0,0.999038,0,1.0,Water,Water,Water,Water,No Change
3019.0,7,Hyderabad,17.55833579610755,78.43806091617164,6,6,3,3,3,0.919543,3,0.987723,Built-up,Built-up,Built-up,Built-up,No Change
3020.0,7,Hyderabad,17.2626104045754,78.55717752284589,5,4,1,2,1,0.845276,2,0.894651,Vegetation,Agriculture,Vegetation,Agriculture,Agriculture Gain
3021.0,7,Hyderabad,17.593998912887095,78.48019190299685,4,4,2,2,2,0.595923,2,0.560196,Agriculture,Agriculture,Agriculture,Agriculture,No Change
3022.0,7,Hyderabad,17.301866782491427,78.69587740271395,5,5,1,1,1,0.713369,1,0.593953,Vegetation,Vegetation,Vegetation,Vegetation,No Change
3023.0,7,Hyderabad,17.338607877611913,78.30780519997431,6,6,3,3,3,0.630904,3,0.79655,Built-up,Built-up,Built-up,Built-up,No Change
3024.0,7,Hyderabad,17.269168106149476,78.4625849234281,5,1,1,1,1,0.614996,1,0.768049,Vegetation,Vegetation,Vegetation,Vegetation,No Change
3025.0,7,Hyderabad,17.393944099113675,78.43599479101816,6,6,3,3,3,0.98372,3,0.978555,Built-up,Built-up,Built-up,Built-up,No Change
3026.0,7,Hyderabad,17.215089526045478,78.47327487530913,1,4,1,2,1,0.880436,2,0.574076,Vegetation,Agriculture,Vegetation,Agriculture,Agriculture Gain
3027.0,7,Hyderabad,17.5294100439589,78.55681819673224,1,1,1,1,1,0.817677,1,0.654879,Vegetation,Vegetation,Vegetation,Vegetation,No Change
3028.0,7,Hyderabad,17.234133810068812,78.45997980910415,6,6,3,3,3,0.624878,3,0.645739,Built-up,Built-up,Built-up,Built-up,No Change
3029.0,7,Hyderabad,17.24922550684202,78.61970026662061,4,5,2,1,2,0.799483,1,0.747822,Agriculture,Vegetation,Agriculture,Vegetation,Vegetation Gain
3030.0,7,Hyderabad,17.563995182397502,78.36646518802732,6,6,3,3,3,0.907848,3,0.935713,Built-up,Built-up,Built-up,Built-up,No Change
3031.0,7,Hyderabad,17.37669644565858,78.50184130134413,6,6,3,3,3,0.931062,3,0.874799,Built-up,Built-up,Built-up,Built-up,No Change
3032.0,7,Hyderabad,17.429427552836398,78.35263113265188,4,4,2,2,2,0.790548,2,0.804164,Agriculture,Agriculture,Agriculture,Agriculture,No Change
3033.0,7,Hyderabad,17.40885613283006,78.68249250498056,4,4,2,2,2,0.583441,2,0.743338,Agriculture,Agriculture,Agriculture,Agriculture,No Change
3034.0,7,Hyderabad,17.349746987134996,78.58161169857394,5,4,1,2,1,0.905389,2,0.840813,Vegetation,Agriculture,Vegetation,Agriculture,Agriculture Gain
3035.0,7,Hyderabad,17.530757516885078,78.28247270896213,6,6,3,3,3,0.641317,3,0.687414,Built-up,Built-up,Built-up,Built-up,No Change
3036.0,7,Hyderabad,17.505245362816087,78.34481578968003,5,5,1,1,1,0.573014,1,0.756164,Vegetation,Vegetation,Vegetation,Vegetation,No Change
3037.0,7,Hyderabad,17.359089466089838,78.39512144559073,6,6,3,3,3,0.730503,3,0.977422,Built-up,Built-up,Built-up,Built-up,No Change
3038.0,7,Hyderabad,17.360526770544432,78.23117890623891,1,5,1,1,1,0.584326,1,0.679667,Vegetation,Vegetation,Vegetation,Vegetation,No Change
3039.0,7,Hyderabad,17.208441992942994,78.65051248086591,4,4,2,2,2,0.614168,2,0.588649,Agriculture,Agriculture,Agriculture,Agriculture,No Change
3040.0,7,Hyderabad,17.274288503268956,78.67018558558813,5,4,1,2,1,0.735744,2,0.858922,Vegetation,Agriculture,Vegetation,Agriculture,Agriculture Gain
3041.0,7,Hyderabad,17.502909743077375,78.4287184372168,6,6,3,3,3,0.952514,3,0.886764,Built-up,Built-up,Built-up,Built-up,No Change
3042.0,7,Hyderabad,17.34624355752693,78.5655318549882,6,6,3,3,3,0.868302,3,0.937711,Built-up,Built-up,Built-up,Built-up,No Change
3043.0,7,Hyderabad,17.551688263005065,78.49142084404833,6,6,3,3,3,0.572857,3,0.673517,Built-up,Built-up,Built-up,Built-up,No Change
3044.0,7,Hyderabad,17.262251078461755,78.64018185509853,4,5,2,1,2,0.485759,3,0.552846,Agriculture,Vegetation,Agriculture,Built-up,Urban Expansion
3045.0,7,Hyderabad,17.43544626524,78.42898793180203,6,6,3,3,3,0.957955,3,0.912306,Built-up,Built-up,Built-up,Built-up,No Change
3046.0,7,Hyderabad,17.56489349768162,78.40482325065922,4,6,2,3,1,0.590367,2,0.426409,Agriculture,Built-up,Vegetation,Agriculture,Agriculture Gain
3047.0,7,Hyderabad,17.438590368734417,78.20440911077215,4,4,2,2,1,0.593219,1,0.715467,Agriculture,Agriculture,Vegetation,Vegetation,No Change
3048.0,7,Hyderabad,17.52150486945865,78.2889405790078,6,6,3,3,3,0.539034,3,0.576715,Built-up,Built-up,Built-up,Built-up,No Change
3049.0,7,Hyderabad,17.449639646729086,78.36592619885684,6,6,3,3,3,0.986475,3,0.806827,Built-up,Built-up,Built-up,Built-up,No Change
3050.0,7,Hyderabad,17.322078876384115,78.63245634365511,6,6,3,3,3,0.909175,3,0.889043,Built-up,Built-up,Built-up,Built-up,No Change
3051.0,7,Hyderabad,17.490962149798584,78.59176266128449,6,6,3,3,3,0.758846,3,0.939978,Built-up,Built-up,Built-up,Built-up,No Change
3052.0,7,Hyderabad,17.26521551889935,78.33529364766837,4,5,2,1,2,0.612495,2,0.562316,Agriculture,Vegetation,Agriculture,Agriculture,No Change
3053.0,7,Hyderabad,17.378582907755234,78.20970917094846,4,4,2,2,2,0.789772,2,0.815873,Agriculture,Agriculture,Agriculture,Agriculture,No Change
3054.0,7,Hyderabad,17.23170835880169,78.38820441790301,4,4,2,2,3,0.778334,2,0.613799,Agriculture,Agriculture,Built-up,Agriculture,Other Change
3055.0,7,Hyderabad,17.419995242353142,78.51136344335579,6,6,3,3,3,0.972944,3,0.981866,Built-up,Built-up,Built-up,Built-up,No Change
3056.0,7,Hyderabad,17.2280252661368,78.37149575361838,6,6,3,3,2,0.414988,2,0.439446,Built-up,Built-up,Agriculture,Agriculture,No Change
3057.0,7,Hyderabad,17.50039446028184,78.22318390021024,6,6,3,3,3,0.439737,3,0.778848,Built-up,Built-up,Built-up,Built-up,No Change
3058.0,7,Hyderabad,17.46643814254212,78.59679322687556,6,6,3,3,3,0.62321,3,0.797274,Built-up,Built-up,Built-up,Built-up,No Change
3059.0,7,Hyderabad,17.27069524213248,78.68141452663961,5,5,1,1,1,0.804821,1,0.707694,Vegetation,Vegetation,Vegetation,Vegetation,No Change
3060.0,7,Hyderabad,17.414246024534776,78.3077153684459,1,6,1,3,1,0.40838,3,0.505628,Vegetation,Built-up,Vegetation,Built-up,Vegetation Loss
3061.0,7,Hyderabad,17.220569249278608,78.42216073564272,5,5,1,1,1,0.768038,1,0.725123,Vegetation,Vegetation,Vegetation,Vegetation,No Change
3062.0,7,Hyderabad,17.212214917136297,78.63712758313252,5,1,1,1,1,0.733644,1,0.786019,Vegetation,Vegetation,Vegetation,Vegetation,No Change
3063.0,7,Hyderabad,17.338607877611913,78.67701278174744,1,4,1,2,1,0.608734,2,0.698227,Vegetation,Agriculture,Vegetation,Agriculture,Agriculture Gain
3064.0,7,Hyderabad,17.46212622917835,78.50354810038395,6,6,3,3,3,0.979229,3,0.842779,Built-up,Built-up,Built-up,Built-up,No Change
3065.0,7,Hyderabad,17.453861728564448,78.35541591003265,1,5,1,1,1,0.903537,1,0.532513,Vegetation,Vegetation,Vegetation,Vegetation,No Change
3066.0,7,Hyderabad,17.565073160738446,78.53193486336212,5,4,1,2,2,0.473772,1,0.464976,Vegetation,Agriculture,Agriculture,Vegetation,Vegetation Gain
3067.0,7,Hyderabad,17.522852342384827,78.35829051894183,6,6,3,3,3,0.953879,3,0.973499,Built-up,Built-up,Built-up,Built-up,No Change
3068.0,7,Hyderabad,17.463833028218176,78.38029924340276,5,6,1,3,1,0.428373,3,0.714815,Vegetation,Built-up,Vegetation,Built-up,Vegetation Loss
3069.0,7,Hyderabad,17.509287781594622,78.56427421359044,6,6,3,3,3,0.752937,3,0.920511,Built-up,Built-up,Built-up,Built-up,No Change
3070.0,7,Hyderabad,17.459700777911227,78.40284695703416,6,6,3,3,3,0.767805,3,0.826697,Built-up,Built-up,Built-up,Built-up,No Change
3071.0,7,Hyderabad,17.21239458019312,78.48297668037762,4,4,2,2,2,0.397311,2,0.71076,Agriculture,Agriculture,Agriculture,Agriculture,No Change
3072.0,7,Hyderabad,17.287583569473924,78.46096795591669,5,5,1,1,1,0.729769,1,0.72888,Vegetation,Vegetation,Vegetation,Vegetation,No Change
3073.0,7,Hyderabad,17.542884773220692,78.33565297378202,6,6,3,3,3,0.972759,3,0.946057,Built-up,Built-up,Built-up,Built-up,No Change
3074.0,7,Hyderabad,17.408496806716414,78.42557433372238,6,6,3,3,3,0.987751,3,0.957077,Built-up,Built-up,Built-up,Built-up,No Change
3075.0,7,Hyderabad,17.55896461680643,78.56095044703919,3,4,1,2,1,0.542511,2,0.77523,Vegetation,Agriculture,Vegetation,Agriculture,Agriculture Gain
3076.0,7,Hyderabad,17.570013894801104,78.52133474300952,4,6,2,3,2,0.508801,2,0.599608,Agriculture,Built-up,Agriculture,Agriculture,No Change
3077.0,7,Hyderabad,17.46589915337165,78.27501669210395,1,4,1,2,1,0.731571,2,0.901866,Vegetation,Agriculture,Vegetation,Agriculture,Agriculture Gain
3078.0,7,Hyderabad,17.55788663846549,78.63865471911552,5,5,1,1,2,0.443486,1,0.50696,Vegetation,Vegetation,Agriculture,Vegetation,Vegetation Gain
3079.0,7,Hyderabad,17.47649927372426,78.40230796786368,1,1,1,1,1,0.751138,1,0.529358,Vegetation,Vegetation,Vegetation,Vegetation,No Change
3080.0,7,Hyderabad,17.25326792562056,78.3099611566562,6,6,3,3,3,0.780908,3,0.433885,Built-up,Built-up,Built-up,Built-up,No Change
3081.0,7,Hyderabad,17.241589826927004,78.55753684895953,1,5,1,1,2,0.463775,2,0.422915,Vegetation,Vegetation,Agriculture,Agriculture,No Change
3082.0,7,Hyderabad,17.207094520016817,78.35173281736775,4,4,2,2,2,0.564051,2,0.500755,Agriculture,Agriculture,Agriculture,Agriculture,No Change
3083.0,7,Hyderabad,17.46392285974659,78.47920375618432,6,6,3,3,3,0.756121,2,0.469638,Built-up,Built-up,Built-up,Agriculture,Other Change
3084.0,7,Hyderabad,17.207543677658876,78.46896296194535,6,6,3,3,3,0.692515,3,0.563593,Built-up,Built-up,Built-up,Built-up,No Change
3085.0,7,Hyderabad,17.50955727617986,78.32074094006563,6,6,3,3,3,0.654159,3,0.964432,Built-up,Built-up,Built-up,Built-up,No Change
3086.0,7,Hyderabad,17.33806888844144,78.60784250487023,6,6,3,3,3,0.51336,3,0.887526,Built-up,Built-up,Built-up,Built-up,No Change
3087.0,7,Hyderabad,17.555012029556305,78.25175032624524,4,4,2,2,2,0.640119,2,0.847456,Agriculture,Agriculture,Agriculture,Agriculture,No Change
3088.0,7,Hyderabad,17.396279718852387,78.54028919550444,6,6,3,3,3,0.843183,3,0.988923,Built-up,Built-up,Built-up,Built-up,No Change
3089.0,7,Hyderabad,17.443890428910724,78.33682078365138,5,6,1,3,1,0.718938,3,0.734817,Vegetation,Built-up,Vegetation,Built-up,Vegetation Loss
3090.0,7,Hyderabad,17.459610946382814,78.48854623513915,6,6,3,3,3,0.799249,3,0.934145,Built-up,Built-up,Built-up,Built-up,No Change
3091.0,7,Hyderabad,17.550250958550475,78.50354810038395,6,6,3,3,3,0.815024,3,0.744443,Built-up,Built-up,Built-up,Built-up,No Change
3092.0,7,Hyderabad,17.21095727573853,78.42153191494384,4,4,2,2,2,0.76315,2,0.845283,Agriculture,Agriculture,Agriculture,Agriculture,No Change
3093.0,7,Hyderabad,17.397986517892214,78.47794611478655,6,6,3,3,3,0.838985,3,0.92855,Built-up,Built-up,Built-up,Built-up,No Change
3094.0,7,Hyderabad,17.54513056143099,78.59158299822766,5,5,1,1,1,0.742175,1,0.773933,Vegetation,Vegetation,Vegetation,Vegetation,No Change
3095.0,7,Hyderabad,17.305100717514257,78.52600598248694,6,6,3,3,3,0.852661,3,0.966141,Built-up,Built-up,Built-up,Built-up,No Change
3096.0,7,Hyderabad,17.51377935801522,78.38083823257323,6,6,3,3,3,0.532432,3,0.799527,Built-up,Built-up,Built-up,Built-up,No Change
3097.0,7,Hyderabad,17.31552117481004,78.67198221615637,6,6,3,3,3,0.710737,3,0.79278,Built-up,Built-up,Built-up,Built-up,No Change
3098.0,7,Hyderabad,17.30024981498001,78.34769039858922,0,0,0,0,0,0.999215,0,1.0,Water,Water,Water,Water,No Change
3099.0,7,Hyderabad,17.240242354000827,78.54801470694787,1,1,1,1,1,0.85309,1,0.905663,Vegetation,Vegetation,Vegetation,Vegetation,No Change
3100.0,7,Hyderabad,17.402028936670753,78.66434653624135,4,4,2,2,2,0.848656,2,0.924476,Agriculture,Agriculture,Agriculture,Agriculture,No Change
3101.0,7,Hyderabad,17.261442594706047,78.41057246847758,4,4,2,2,1,0.634357,2,0.507154,Agriculture,Agriculture,Vegetation,Agriculture,Agriculture Gain
3102.0,7,Hyderabad,17.58169199349466,78.45548823268356,1,5,1,1,1,0.896842,1,0.741967,Vegetation,Vegetation,Vegetation,Vegetation,No Change
3103.0,7,Hyderabad,17.35774199316366,78.42692180664855,6,6,3,3,3,0.776846,3,0.907478,Built-up,Built-up,Built-up,Built-up,No Change
3104.0,7,Hyderabad,17.59067514633585,78.52825177069724,4,1,2,1,2,0.834145,1,0.571832,Agriculture,Vegetation,Agriculture,Vegetation,Vegetation Gain
3105.0,7,Hyderabad,17.31866527830446,78.31014081971301,4,4,2,2,2,0.627144,2,0.749168,Agriculture,Agriculture,Agriculture,Agriculture,No Change
3106.0,7,Hyderabad,17.268359622393767,78.28049641533707,4,4,2,2,2,0.840653,2,0.838463,Agriculture,Agriculture,Agriculture,Agriculture,No Change
3107.0,7,Hyderabad,17.302854929303958,78.54918251681723,6,6,3,3,3,0.454277,3,0.647017,Built-up,Built-up,Built-up,Built-up,No Change
3108.0,7,Hyderabad,17.328097588787717,78.40635038664222,4,4,2,2,2,0.816745,2,0.753545,Agriculture,Agriculture,Agriculture,Agriculture,No Change
3109.0,7,Hyderabad,17.360167444430783,78.33762926740708,1,1,1,1,1,0.816074,1,0.82773,Vegetation,Vegetation,Vegetation,Vegetation,No Change
3110.0,7,Hyderabad,17.20628603626111,78.4430016502343,4,4,2,2,2,0.710169,2,0.767967,Agriculture,Agriculture,Agriculture,Agriculture,No Change
3111.0,7,Hyderabad,17.424307155716917,78.29621693280917,6,6,3,3,3,0.671324,3,0.713426,Built-up,Built-up,Built-up,Built-up,No Change
3112.0,7,Hyderabad,17.54126780570928,78.41488438184136,1,1,1,1,1,0.730396,1,0.716821,Vegetation,Vegetation,Vegetation,Vegetation,No Change
3113.0,7,Hyderabad,17.318575446776048,78.37410086794233,5,6,1,3,1,0.631184,3,0.469448,Vegetation,Built-up,Vegetation,Built-up,Vegetation Loss
3114.0,7,Hyderabad,17.507041993384323,78.22066861741472,4,5,2,1,2,0.842006,1,0.555949,Agriculture,Vegetation,Agriculture,Vegetation,Vegetation Gain
3115.0,7,Hyderabad,17.516564135395992,78.5708319151645,4,4,2,2,2,0.800846,2,0.913729,Agriculture,Agriculture,Agriculture,Agriculture,No Change
3116.0,7,Hyderabad,17.200536818442743,78.37517884628328,4,4,2,2,2,0.775921,2,0.775216,Agriculture,Agriculture,Agriculture,Agriculture,No Change
3117.0,7,Hyderabad,17.51557598858346,78.60910014626799,4,4,2,2,2,0.782444,2,0.765601,Agriculture,Agriculture,Agriculture,Agriculture,No Change
3118.0,7,Hyderabad,17.238355891904174,78.32631049482717,5,5,1,1,1,0.750996,1,0.738843,Vegetation,Vegetation,Vegetation,Vegetation,No Change
3119.0,7,Hyderabad,17.46580932184324,78.34032421325944,6,6,3,3,3,0.904011,3,0.979694,Built-up,Built-up,Built-up,Built-up,No Change
3120.0,7,Hyderabad,17.57953603681277,78.53040772737913,1,1,1,1,1,0.806731,1,0.918294,Vegetation,Vegetation,Vegetation,Vegetation,No Change
3121.0,7,Hyderabad,17.421971535978205,78.66632282986642,4,5,2,1,2,0.767865,1,0.617728,Agriculture,Vegetation,Agriculture,Vegetation,Vegetation Gain
3122.0,7,Hyderabad,17.482787480713096,78.22084828047154,4,4,2,2,2,0.772747,2,0.798738,Agriculture,Agriculture,Agriculture,Agriculture,No Change
3123.0,7,Hyderabad,17.37939139151094,78.51837030257192,6,6,3,3,3,0.498589,3,0.743316,Built-up,Built-up,Built-up,Built-up,No Change
3124.0,7,Hyderabad,17.405262871693584,78.43096422542709,6,6,3,3,3,0.659911,3,0.816731,Built-up,Built-up,Built-up,Built-up,No Change
3125.0,7,Hyderabad,17.382894821119006,78.59284063962544,1,1,1,1,1,0.724305,1,0.883746,Vegetation,Vegetation,Vegetation,Vegetation,No Change
3126.0,7,Hyderabad,17.359269129146664,78.44964918333677,6,6,3,3,3,0.67712,3,0.708481,Built-up,Built-up,Built-up,Built-up,No Change
3127.0,7,Hyderabad,17.36735396670374,78.38973155388601,6,6,3,3,3,0.958613,3,0.981075,Built-up,Built-up,Built-up,Built-up,No Change
3128.0,7,Hyderabad,17.425654628643095,78.61709515229666,5,1,1,1,1,0.747588,1,0.866024,Vegetation,Vegetation,Vegetation,Vegetation,No Change
3129.0,7,Hyderabad,17.437512390393472,78.26145213131375,1,6,1,3,1,0.534014,2,0.423077,Vegetation,Built-up,Vegetation,Agriculture,Agriculture Gain
3130.0,7,Hyderabad,17.45341257092239,78.43033540472821,6,6,3,3,3,0.978246,3,0.973042,Built-up,Built-up,Built-up,Built-up,No Change
3131.0,7,Hyderabad,17.393944099113675,78.40275712550574,1,1,1,1,1,0.858326,1,0.845548,Vegetation,Vegetation,Vegetation,Vegetation,No Change
3132.0,7,Hyderabad,17.287673401002337,78.3160697005882,4,4,2,2,2,0.841273,2,0.77402,Agriculture,Agriculture,Agriculture,Agriculture,No Change
3133.0,7,Hyderabad,17.289919189212636,78.38218570549941,6,6,3,3,3,0.8592,3,0.601334,Built-up,Built-up,Built-up,Built-up,No Change
3134.0,7,Hyderabad,17.266562991825527,78.28399984494514,4,4,2,2,2,0.781351,2,0.673874,Agriculture,Agriculture,Agriculture,Agriculture,No Change
3135.0,7,Hyderabad,17.57729024860247,78.4400372097967,1,5,1,1,1,0.761864,1,0.860048,Vegetation,Vegetation,Vegetation,Vegetation,No Change
3136.0,7,Hyderabad,17.478206072764088,78.55591988144812,6,6,3,3,3,0.887686,3,0.747013,Built-up,Built-up,Built-up,Built-up,No Change
3137.0,7,Hyderabad,17.215448852159128,78.46527986928047,4,4,2,2,2,0.800367,2,0.839054,Agriculture,Agriculture,Agriculture,Agriculture,No Change
3138.0,7,Hyderabad,17.398166180949037,78.41039280542076,6,6,3,3,3,0.8504,3,0.76077,Built-up,Built-up,Built-up,Built-up,No Change
3139.0,7,Hyderabad,17.405262871693584,78.68967902725352,1,3,1,1,1,0.724158,1,0.625262,Vegetation,Vegetation,Vegetation,Vegetation,No Change
3140.0,7,Hyderabad,17.516564135395992,78.23540098807428,4,6,2,3,2,0.854452,3,0.802392,Agriculture,Built-up,Agriculture,Built-up,Urban Expansion
3141.0,7,Hyderabad,17.224252341943497,78.24555195078483,4,4,2,2,2,0.853622,2,0.800953,Agriculture,Agriculture,Agriculture,Agriculture,No Change
3142.0,7,Hyderabad,17.487368888662107,78.35254130112347,6,6,3,3,3,0.841518,3,0.970898,Built-up,Built-up,Built-up,Built-up,No Change
3143.0,7,Hyderabad,17.41496467676207,78.68222301039532,4,4,2,2,2,0.86298,2,0.670139,Agriculture,Agriculture,Agriculture,Agriculture,No Change
3144.0,7,Hyderabad,17.351813112288472,78.53436031462925,6,6,3,3,3,0.966203,3,0.936868,Built-up,Built-up,Built-up,Built-up,No Change
3145.0,7,Hyderabad,17.218592955653545,78.37266356348773,4,4,2,2,2,0.833743,2,0.866544,Agriculture,Agriculture,Agriculture,Agriculture,No Change
3146.0,7,Hyderabad,17.573876650522816,78.69003835336717,5,5,1,1,1,0.592833,1,0.480008,Vegetation,Vegetation,Vegetation,Vegetation,No Change
3147.0,7,Hyderabad,17.411910404796068,78.33843775116279,7,6,4,3,4,0.984298,3,0.857603,Barren,Built-up,Barren,Built-up,Urban Expansion
3148.0,7,Hyderabad,17.251201800467083,78.49348696920181,1,6,1,3,1,0.885164,3,0.622256,Vegetation,Built-up,Vegetation,Built-up,Vegetation Loss
3149.0,7,Hyderabad,17.43409879231382,78.52762294999836,6,6,3,3,3,0.676255,3,0.499636,Built-up,Built-up,Built-up,Built-up,No Change
3150.0,7,Hyderabad,17.48018236638915,78.45000850945043,6,6,3,3,3,0.756796,3,0.714882,Built-up,Built-up,Built-up,Built-up,No Change
3151.0,7,Hyderabad,17.440386999302657,78.5850252966536,5,6,1,3,1,0.742913,3,0.602303,Vegetation,Built-up,Vegetation,Built-up,Vegetation Loss
3152.0,7,Hyderabad,17.593459923716622,78.36350074758973,4,4,2,2,2,0.859084,2,0.854548,Agriculture,Agriculture,Agriculture,Agriculture,No Change
3153.0,7,Hyderabad,17.37930155998253,78.63874455064393,4,4,2,2,2,0.802507,2,0.790212,Agriculture,Agriculture,Agriculture,Agriculture,No Change
3154.0,7,Hyderabad,17.218952281767194,78.28112523603596,4,4,2,2,2,0.875299,2,0.794337,Agriculture,Agriculture,Agriculture,Agriculture,No Change
3155.0,7,Hyderabad,17.41981557929632,78.61718498382507,1,1,1,1,1,0.876152,1,0.79523,Vegetation,Vegetation,Vegetation,Vegetation,No Change
3156.0,7,Hyderabad,17.3633115479252,78.56795730625532,6,6,3,3,3,0.922757,3,0.962273,Built-up,Built-up,Built-up,Built-up,No Change
3157.0,7,Hyderabad,17.226048972511737,78.3219985814634,4,4,2,2,2,0.746715,2,0.837921,Agriculture,Agriculture,Agriculture,Agriculture,No Change
3158.0,7,Hyderabad,17.515486157055047,78.44075586202399,6,6,3,3,3,0.979613,3,0.884892,Built-up,Built-up,Built-up,Built-up,No Change
3159.0,7,Hyderabad,17.396728876494446,78.34975652374268,4,6,2,3,2,0.571094,3,0.870738,Agriculture,Built-up,Agriculture,Built-up,Urban Expansion
3160.0,7,Hyderabad,17.42367833501803,78.5798150680057,6,6,3,3,3,0.980575,3,0.964495,Built-up,Built-up,Built-up,Built-up,No Change
3161.0,7,Hyderabad,17.55052045313571,78.42898793180203,4,6,2,3,2,0.713232,3,0.70572,Agriculture,Built-up,Agriculture,Built-up,Urban Expansion
3162.0,7,Hyderabad,17.588339526597142,78.41003347930712,6,6,3,3,3,0.588579,3,0.666698,Built-up,Built-up,Built-up,Built-up,No Change
3163.0,7,Hyderabad,17.583398792534485,78.32981392443524,0,0,0,0,3,0.787728,3,0.616517,Water,Water,Built-up,Built-up,No Change
3164.0,7,Hyderabad,17.33663158398685,78.56867595848261,6,6,3,3,3,0.955375,3,0.92913,Built-up,Built-up,Built-up,Built-up,No Change
3165.0,7,Hyderabad,17.450537962013208,78.38937222777236,6,6,3,3,3,0.978865,3,0.801887,Built-up,Built-up,Built-up,Built-up,No Change
3166.0,7,Hyderabad,17.528152402561133,78.40185881022163,6,6,3,3,3,0.746889,3,0.562388,Built-up,Built-up,Built-up,Built-up,No Change
3167.0,7,Hyderabad,17.56669012824986,78.53373149393038,4,6,2,3,2,0.811982,3,0.885581,Agriculture,Built-up,Agriculture,Built-up,Urban Expansion
3168.0,7,Hyderabad,17.290368346854695,78.54720622319216,5,5,1,1,1,0.620107,1,0.540579,Vegetation,Vegetation,Vegetation,Vegetation,No Change
3169.0,7,Hyderabad,17.49168080202588,78.5106447911285,6,6,3,3,3,0.603429,3,0.836717,Built-up,Built-up,Built-up,Built-up,No Change
3170.0,7,Hyderabad,17.23063038046075,78.41308775127311,6,7,3,4,3,0.957148,4,0.988008,Built-up,Barren,Built-up,Barren,Other Change
3171.0,7,Hyderabad,17.283451319166975,78.46294424954175,6,6,3,3,3,0.521215,3,0.614257,Built-up,Built-up,Built-up,Built-up,No Change
3172.0,7,Hyderabad,17.414156193006367,78.23243654763668,5,5,1,1,1,0.720145,1,0.483829,Vegetation,Vegetation,Vegetation,Vegetation,No Change
3173.0,7,Hyderabad,17.322977191668233,78.35299045876552,0,0,0,0,0,0.999989,0,1.0,Water,Water,Water,Water,No Change
3174.0,7,Hyderabad,17.472097528832077,78.24851639122242,6,6,3,3,3,0.936703,3,0.709408,Built-up,Built-up,Built-up,Built-up,No Change
3175.0,7,Hyderabad,17.2528187679785,78.43824057922846,5,5,1,1,1,0.79125,1,0.800556,Vegetation,Vegetation,Vegetation,Vegetation,No Change
3176.0,7,Hyderabad,17.442093798342484,78.59445760713685,1,5,1,1,1,0.758284,1,0.892263,Vegetation,Vegetation,Vegetation,Vegetation,No Change
3177.0,7,Hyderabad,17.321629718742056,78.36242276924878,0,0,0,0,0,0.999989,0,1.0,Water,Water,Water,Water,No Change
3178.0,7,Hyderabad,17.549711969380002,78.3994333589545,6,6,3,3,3,0.968037,3,0.805081,Built-up,Built-up,Built-up,Built-up,No Change
3179.0,7,Hyderabad,17.32567213752059,78.53948071174874,6,6,3,3,3,0.545372,3,0.72735,Built-up,Built-up,Built-up,Built-up,No Change
3180.0,7,Hyderabad,17.590405651750615,78.59346946032431,4,4,2,2,2,0.70297,2,0.803782,Agriculture,Agriculture,Agriculture,Agriculture,No Change
3181.0,7,Hyderabad,17.366725146004853,78.31103913499715,0,0,0,0,0,1.0,0,1.0,Water,Water,Water,Water,No Change
3182.0,7,Hyderabad,17.492399454253174,78.31202728180968,1,1,1,1,1,0.832724,1,0.706799,Vegetation,Vegetation,Vegetation,Vegetation,No Change
3183.0,7,Hyderabad,17.352352101458944,78.69435026673094,6,6,3,3,2,0.471871,3,0.720321,Built-up,Built-up,Agriculture,Built-up,Urban Expansion
3184.0,7,Hyderabad,17.431493677989874,78.41847764297783,6,6,3,3,3,0.972475,3,0.912798,Built-up,Built-up,Built-up,Built-up,No Change
3185.0,7,Hyderabad,17.42529530252945,78.40446392454557,6,6,3,3,1,0.407209,3,0.63518,Built-up,Built-up,Vegetation,Built-up,Vegetation Loss
3186.0,7,Hyderabad,17.479912871803915,78.67871958078726,4,4,2,2,1,0.455036,2,0.659861,Agriculture,Agriculture,Vegetation,Agriculture,Agriculture Gain
3187.0,7,Hyderabad,17.405801860864056,78.24779773899512,4,5,2,1,2,0.814451,2,0.409191,Agriculture,Vegetation,Agriculture,Agriculture,No Change
3188.0,7,Hyderabad,17.399333990818395,78.66731097667895,4,4,2,2,2,0.665732,2,0.816782,Agriculture,Agriculture,Agriculture,Agriculture,No Change
3189.0,7,Hyderabad,17.597322679438335,78.26774033830257,5,1,1,1,1,0.589851,1,0.613042,Vegetation,Vegetation,Vegetation,Vegetation,No Change
3190.0,7,Hyderabad,17.30384307611649,78.33035291360571,1,6,1,3,1,0.710935,3,0.45902,Vegetation,Built-up,Vegetation,Built-up,Vegetation Loss
3191.0,7,Hyderabad,17.58411744476178,78.45387126517214,1,1,1,1,1,0.764862,1,0.835463,Vegetation,Vegetation,Vegetation,Vegetation,No Change
3192.0,7,Hyderabad,17.358011487748897,78.2355806511311,4,4,2,2,2,0.826386,2,0.758339,Agriculture,Agriculture,Agriculture,Agriculture,No Change
3193.0,7,Hyderabad,17.32504331682171,78.43446765503516,6,6,3,3,3,0.50796,2,0.496795,Built-up,Built-up,Built-up,Agriculture,Other Change
3194.0,7,Hyderabad,17.569025747988572,78.33915640339008,4,4,2,2,2,0.860637,2,0.71266,Agriculture,Agriculture,Agriculture,Agriculture,No Change
3195.0,7,Hyderabad,17.30752616878138,78.35873967658388,0,0,0,0,0,1.0,0,1.0,Water,Water,Water,Water,No Change
3196.0,7,Hyderabad,17.32279752861141,78.38550947205064,1,5,1,1,1,0.727186,1,0.77713,Vegetation,Vegetation,Vegetation,Vegetation,No Change
3197.0,7,Hyderabad,17.427810585324984,78.55169779961275,6,6,3,3,3,0.971383,3,0.971978,Built-up,Built-up,Built-up,Built-up,No Change
3198.0,7,Hyderabad,17.45583802218951,78.3731127211298,6,6,3,3,3,0.825976,3,0.949675,Built-up,Built-up,Built-up,Built-up,No Change
3199.0,7,Hyderabad,17.513509863429984,78.44102535660923,6,6,3,3,3,0.928671,3,0.924742,Built-up,Built-up,Built-up,Built-up,No Change
3200.0,7,Hyderabad,17.24913567531361,78.58933721001736,6,6,3,3,3,0.668065,3,0.765901,Built-up,Built-up,Built-up,Built-up,No Change
3201.0,7,Hyderabad,17.401759442085517,78.69677571799807,1,1,1,1,1,0.969983,1,0.900844,Vegetation,Vegetation,Vegetation,Vegetation,No Change
3202.0,7,Hyderabad,17.571181704670458,78.28112523603596,0,0,0,0,0,0.566431,0,0.602494,Water,Water,Water,Water,No Change
3203.0,7,Hyderabad,17.34480625307234,78.40078083188068,4,6,2,3,2,0.765157,3,0.714048,Agriculture,Built-up,Agriculture,Built-up,Urban Expansion
3204.0,7,Hyderabad,17.214460705346596,78.42665231206333,5,5,1,1,1,0.71557,1,0.854568,Vegetation,Vegetation,Vegetation,Vegetation,No Change
3205.0,7,Hyderabad,17.363401379453613,78.23324503139239,5,6,1,3,1,0.812896,3,0.476467,Vegetation,Built-up,Vegetation,Built-up,Vegetation Loss
3206.0,7,Hyderabad,17.57360715593758,78.50678203540679,4,6,2,3,2,0.808184,3,0.549255,Agriculture,Built-up,Agriculture,Built-up,Urban Expansion
3207.0,7,Hyderabad,17.48691973102005,78.66964659641765,4,5,2,1,2,0.831236,1,0.864341,Agriculture,Vegetation,Agriculture,Vegetation,Vegetation Gain
3208.0,7,Hyderabad,17.381008359022356,78.34239033841291,4,6,2,3,2,0.821359,3,0.638672,Agriculture,Built-up,Agriculture,Built-up,Urban Expansion
3209.0,7,Hyderabad,17.28408013986586,78.25920634310344,5,4,1,2,1,0.631252,2,0.714878,Vegetation,Agriculture,Vegetation,Agriculture,Agriculture Gain
3210.0,7,Hyderabad,17.364838683908204,78.60721368417134,5,6,1,3,1,0.772019,2,0.516981,Vegetation,Built-up,Vegetation,Agriculture,Agriculture Gain
3211.0,7,Hyderabad,17.322438202497764,78.44497794385936,6,6,3,3,3,0.889032,3,0.824873,Built-up,Built-up,Built-up,Built-up,No Change
3212.0,7,Hyderabad,17.24545258264872,78.31939346713945,4,4,2,2,2,0.778232,2,0.857319,Agriculture,Agriculture,Agriculture,Agriculture,No Change
3213.0,7,Hyderabad,17.44137514611519,78.49294798003135,6,6,3,3,3,0.557504,3,0.70731,Built-up,Built-up,Built-up,Built-up,No Change
3214.0,7,Hyderabad,17.380020212209825,78.37284322654456,6,6,3,3,3,0.445405,2,0.556973,Built-up,Built-up,Built-up,Agriculture,Other Change
3215.0,7,Hyderabad,17.32504331682171,78.4302455731998,6,6,3,3,3,0.925543,3,0.86107,Built-up,Built-up,Built-up,Built-up,No Change
3216.0,7,Hyderabad,17.57504446039217,78.50220062745777,1,1,1,1,1,0.908617,1,0.687196,Vegetation,Vegetation,Vegetation,Vegetation,No Change
3217.0,7,Hyderabad,17.23431347312564,78.52888059139612,4,4,2,2,2,0.823382,2,0.868359,Agriculture,Agriculture,Agriculture,Agriculture,No Change
3218.0,7,Hyderabad,17.33663158398685,78.50723119304884,6,6,3,3,3,0.525475,3,0.570379,Built-up,Built-up,Built-up,Built-up,No Change
3219.0,7,Hyderabad,17.42313934584756,78.3543379316917,4,6,2,3,2,0.567916,3,0.542294,Agriculture,Built-up,Agriculture,Built-up,Urban Expansion
3220.0,7,Hyderabad,17.38343381028948,78.43455748656358,6,6,3,3,3,0.787587,3,0.686692,Built-up,Built-up,Built-up,Built-up,No Change
3221.0,7,Hyderabad,17.38307448417583,78.43662361171705,6,6,3,3,3,0.943214,3,0.993048,Built-up,Built-up,Built-up,Built-up,No Change
3222.0,7,Hyderabad,17.467336457826242,78.55187746266958,6,6,3,3,3,0.966018,3,0.995705,Built-up,Built-up,Built-up,Built-up,No Change
3223.0,7,Hyderabad,17.228294760722036,78.60397974914852,5,5,1,1,1,0.604465,1,0.639069,Vegetation,Vegetation,Vegetation,Vegetation,No Change
3224.0,7,Hyderabad,17.438051379563944,78.2070142250961,4,4,2,2,2,0.746829,2,0.786125,Agriculture,Agriculture,Agriculture,Agriculture,No Change
3225.0,7,Hyderabad,17.242847468324772,78.5858337804093,1,1,1,1,1,0.950984,1,0.909728,Vegetation,Vegetation,Vegetation,Vegetation,No Change
3226.0,7,Hyderabad,17.32136022415682,78.50417692108283,1,6,1,3,1,0.896737,1,0.633702,Vegetation,Built-up,Vegetation,Vegetation,No Change
3227.0,7,Hyderabad,17.221737059147966,78.31544087988932,6,6,3,3,3,0.555267,3,0.580439,Built-up,Built-up,Built-up,Built-up,No Change
3228.0,7,Hyderabad,17.24509325653507,78.45557806421198,6,6,3,3,4,0.559788,3,0.846215,Built-up,Built-up,Barren,Built-up,Urban Expansion
3229.0,7,Hyderabad,17.33231967062308,78.3543379316917,0,0,0,0,0,0.999989,0,1.0,Water,Water,Water,Water,No Change
3230.0,7,Hyderabad,17.224432005000324,78.33816825657755,4,6,2,3,2,0.723866,3,0.92254,Agriculture,Built-up,Agriculture,Built-up,Urban Expansion
3231.0,7,Hyderabad,17.28192418318397,78.22641783523308,4,4,2,2,2,0.78026,2,0.821935,Agriculture,Agriculture,Agriculture,Agriculture,No Change
3232.0,7,Hyderabad,17.21553868368754,78.67413817283825,5,5,1,1,3,0.433415,2,0.418785,Vegetation,Vegetation,Built-up,Agriculture,Other Change
3233.0,7,Hyderabad,17.50506569975926,78.27708281725742,4,4,2,2,2,0.676631,2,0.782343,Agriculture,Agriculture,Agriculture,Agriculture,No Change
3234.0,7,Hyderabad,17.33887737219715,78.33673095212296,5,4,1,2,1,0.832241,2,0.759342,Vegetation,Agriculture,Vegetation,Agriculture,Agriculture Gain
3235.0,7,Hyderabad,17.50039446028184,78.24950453803496,4,4,2,2,2,0.668687,2,0.729189,Agriculture,Agriculture,Agriculture,Agriculture,No Change
3236.0,7,Hyderabad,17.431224183404638,78.64179882260994,6,6,3,3,3,0.700229,3,0.877305,Built-up,Built-up,Built-up,Built-up,No Change
3237.0,7,Hyderabad,17.290727672968345,78.68042637982708,6,6,3,3,2,0.614569,3,0.905828,Built-up,Built-up,Agriculture,Built-up,Urban Expansion
3238.0,7,Hyderabad,17.45898212568393,78.4850428055311,6,6,3,3,3,0.798372,3,0.665922,Built-up,Built-up,Built-up,Built-up,No Change
3239.0,7,Hyderabad,17.363581042510436,78.6691974387756,5,4,1,2,1,0.617138,2,0.816533,Vegetation,Agriculture,Vegetation,Agriculture,Agriculture Gain
3240.0,7,Hyderabad,17.589327673409674,78.48656994151409,4,6,2,3,2,0.713537,3,0.630829,Agriculture,Built-up,Agriculture,Built-up,Urban Expansion
3241.0,7,Hyderabad,17.550071295493648,78.24384515174499,4,4,2,2,2,0.578081,2,0.805899,Agriculture,Agriculture,Agriculture,Agriculture,No Change
3242.0,7,Hyderabad,17.55429337732901,78.5535842617094,4,4,2,2,2,0.754308,2,0.662883,Agriculture,Agriculture,Agriculture,Agriculture,No Change
3243.0,7,Hyderabad,17.410473100341477,78.26603353926275,4,6,2,3,2,0.773662,3,0.605059,Agriculture,Built-up,Agriculture,Built-up,Urban Expansion
3244.0,7,Hyderabad,17.283810645280624,78.30591873787766,4,6,2,3,2,0.520583,2,0.477882,Agriculture,Built-up,Agriculture,Agriculture,No Change
3245.0,7,Hyderabad,17.530937179941905,78.30520008565036,5,5,1,1,3,0.440629,3,0.345498,Vegetation,Vegetation,Built-up,Built-up,No Change
3246.0,7,Hyderabad,17.33654175245844,78.34391747439591,4,1,2,1,2,0.789541,1,0.882414,Agriculture,Vegetation,Agriculture,Vegetation,Vegetation Gain
3247.0,7,Hyderabad,17.469851740621777,78.46878329888852,1,1,1,1,1,0.912914,1,0.893492,Vegetation,Vegetation,Vegetation,Vegetation,No Change
3248.0,7,Hyderabad,17.22524048875603,78.34679208330509,6,6,3,3,3,0.603115,3,0.878164,Built-up,Built-up,Built-up,Built-up,No Change
3249.0,7,Hyderabad,17.511623401333335,78.41955562131878,6,6,3,3,3,0.765897,3,0.94192,Built-up,Built-up,Built-up,Built-up,No Change
3250.0,7,Hyderabad,17.532913473566968,78.35236163806664,6,6,3,3,3,0.627981,3,0.631551,Built-up,Built-up,Built-up,Built-up,No Change
3251.0,7,Hyderabad,17.203321595823514,78.32415453814528,5,6,1,3,1,0.604083,3,0.845751,Vegetation,Built-up,Vegetation,Built-up,Vegetation Loss
3252.0,7,Hyderabad,17.597232847909925,78.26360808799564,1,1,1,1,1,0.856948,1,0.759245,Vegetation,Vegetation,Vegetation,Vegetation,No Change
3253.0,7,Hyderabad,17.565073160738446,78.38353317842558,5,6,1,3,2,0.475073,3,0.52059,Vegetation,Built-up,Agriculture,Built-up,Urban Expansion
3254.0,7,Hyderabad,17.480901018616446,78.67871958078726,4,4,2,2,2,0.850801,2,0.569837,Agriculture,Agriculture,Agriculture,Agriculture,No Change
3255.0,7,Hyderabad,17.26440703514364,78.2957677751671,4,4,2,2,2,0.414195,1,0.411257,Agriculture,Agriculture,Agriculture,Vegetation,Vegetation Gain
3256.0,7,Hyderabad,17.5910344724495,78.23207722152303,4,4,2,2,2,0.817161,2,0.7407,Agriculture,Agriculture,Agriculture,Agriculture,No Change
3257.0,7,Hyderabad,17.397717023306978,78.32415453814528,6,6,3,3,3,0.693724,3,0.741234,Built-up,Built-up,Built-up,Built-up,No Change
3258.0,7,Hyderabad,17.42951738436481,78.62257487552979,1,1,1,1,1,0.863497,1,0.787412,Vegetation,Vegetation,Vegetation,Vegetation,No Change
3259.0,7,Hyderabad,17.378852402340467,78.4753410004626,6,6,3,3,3,0.860075,3,0.816685,Built-up,Built-up,Built-up,Built-up,No Change
3260.0,7,Hyderabad,17.495094400105536,78.21941097601695,6,6,3,3,3,0.911817,3,0.887686,Built-up,Built-up,Built-up,Built-up,No Change
3261.0,7,Hyderabad,17.47272634953096,78.68482812471927,5,5,1,1,1,0.59551,1,0.613356,Vegetation,Vegetation,Vegetation,Vegetation,No Change
3262.0,7,Hyderabad,17.47092971896272,78.47857493548543,6,6,3,3,3,0.904818,3,0.89713,Built-up,Built-up,Built-up,Built-up,No Change
3263.0,7,Hyderabad,17.454131223149684,78.39027054305649,6,6,3,3,3,0.907066,3,0.979731,Built-up,Built-up,Built-up,Built-up,No Change
3264.0,7,Hyderabad,17.284888623621566,78.54540959262393,4,4,2,2,2,0.666896,2,0.583698,Agriculture,Agriculture,Agriculture,Agriculture,No Change
3265.0,7,Hyderabad,17.387925386710076,78.4783952724286,6,6,3,3,3,0.929693,3,0.807801,Built-up,Built-up,Built-up,Built-up,No Change
3266.0,7,Hyderabad,17.510725086049213,78.52546699331647,4,6,2,3,2,0.746558,3,0.452035,Agriculture,Built-up,Agriculture,Built-up,Urban Expansion
3267.0,7,Hyderabad,17.26584433959823,78.26181145742738,4,0,2,0,3,0.474464,1,0.397612,Agriculture,Water,Built-up,Vegetation,Vegetation Gain
3268.0,7,Hyderabad,17.44559722795055,78.24420447785864,4,4,2,2,2,0.889481,2,0.7855,Agriculture,Agriculture,Agriculture,Agriculture,No Change
3269.0,7,Hyderabad,17.56561214990892,78.6128730704613,1,1,1,1,1,0.756092,1,0.918524,Vegetation,Vegetation,Vegetation,Vegetation,No Change
3270.0,7,Hyderabad,17.21499969451707,78.29855255254787,4,4,2,2,2,0.666078,2,0.676342,Agriculture,Agriculture,Agriculture,Agriculture,No Change
3271.0,7,Hyderabad,17.521684532515472,78.52906025445294,6,6,3,3,3,0.739374,3,0.785714,Built-up,Built-up,Built-up,Built-up,No Change
3272.0,7,Hyderabad,17.59920914153499,78.59311013421068,4,4,2,2,2,0.793052,2,0.641453,Agriculture,Agriculture,Agriculture,Agriculture,No Change
3273.0,7,Hyderabad,17.243386457495244,78.53552812449861,1,1,1,1,1,0.787579,1,0.779556,Vegetation,Vegetation,Vegetation,Vegetation,No Change
3274.0,7,Hyderabad,17.404274724881052,78.5723590511475,6,6,3,3,3,0.897462,3,0.727656,Built-up,Built-up,Built-up,Built-up,No Change
3275.0,7,Hyderabad,17.399333990818395,78.45108648779137,6,6,3,3,3,0.729175,3,0.539217,Built-up,Built-up,Built-up,Built-up,No Change
3276.0,7,Hyderabad,17.53938134361263,78.47848510395701,6,6,3,3,3,0.848184,3,0.707599,Built-up,Built-up,Built-up,Built-up,No Change
3277.0,7,Hyderabad,17.2851581182068,78.40338594620462,1,6,1,3,3,0.457173,3,0.854222,Vegetation,Built-up,Built-up,Built-up,No Change
3278.0,7,Hyderabad,17.572349514539813,78.2956779436387,4,4,2,2,2,0.876993,2,0.879923,Agriculture,Agriculture,Agriculture,Agriculture,No Change
3279.0,7,Hyderabad,17.35675384635113,78.32307655980433,6,6,3,3,3,0.941994,3,0.955205,Built-up,Built-up,Built-up,Built-up,No Change
3280.0,7,Hyderabad,17.231977853386926,78.46501037469523,1,1,1,1,1,0.67012,1,0.740639,Vegetation,Vegetation,Vegetation,Vegetation,No Change
3281.0,7,Hyderabad,17.35549620495336,78.35200231195299,1,1,1,1,1,0.836752,1,0.721297,Vegetation,Vegetation,Vegetation,Vegetation,No Change
3282.0,7,Hyderabad,17.344716421543925,78.66955676488924,0,0,0,0,0,0.615154,0,0.615451,Water,Water,Water,Water,No Change
3283.0,7,Hyderabad,17.389003365051018,78.49007337112216,6,6,3,3,3,0.737229,3,0.977862,Built-up,Built-up,Built-up,Built-up,No Change
3284.0,7,Hyderabad,17.292075145894522,78.60739334722817,4,4,2,2,2,0.780033,2,0.709975,Agriculture,Agriculture,Agriculture,Agriculture,No Change
3285.0,7,Hyderabad,17.49123164438382,78.25049268484749,4,4,2,2,2,0.870524,2,0.867051,Agriculture,Agriculture,Agriculture,Agriculture,No Change
3286.0,7,Hyderabad,17.335912931759555,78.20369045854486,4,6,2,3,2,0.746918,3,0.677587,Agriculture,Built-up,Agriculture,Built-up,Urban Expansion
3287.0,7,Hyderabad,17.307885494895025,78.48046139758208,1,6,1,3,1,0.839816,3,0.66721,Vegetation,Built-up,Vegetation,Built-up,Vegetation Loss
3288.0,7,Hyderabad,17.218952281767194,78.2175245139203,5,4,1,2,1,0.839787,2,0.746643,Vegetation,Agriculture,Vegetation,Agriculture,Agriculture Gain
3289.0,7,Hyderabad,17.59247177690409,78.65383624741715,5,1,1,1,1,0.763877,1,0.869363,Vegetation,Vegetation,Vegetation,Vegetation,No Change
3290.0,7,Hyderabad,17.485392595037045,78.43006591014297,6,6,3,3,3,0.55957,3,0.656704,Built-up,Built-up,Built-up,Built-up,No Change
3291.0,7,Hyderabad,17.235481282994993,78.60065598259727,1,1,1,1,1,0.944585,1,0.941834,Vegetation,Vegetation,Vegetation,Vegetation,No Change
3292.0,7,Hyderabad,17.22847442377886,78.46833414124647,5,1,1,1,1,0.736611,1,0.937031,Vegetation,Vegetation,Vegetation,Vegetation,No Change
3293.0,7,Hyderabad,17.44236329292772,78.61341205963177,1,1,1,1,1,0.7878,1,0.911141,Vegetation,Vegetation,Vegetation,Vegetation,No Change
3294.0,7,Hyderabad,17.24958483295567,78.68716374445798,5,5,1,1,1,0.721745,1,0.744506,Vegetation,Vegetation,Vegetation,Vegetation,No Change
3295.0,7,Hyderabad,17.2182336295399,78.55070965280022,4,6,2,3,2,0.666895,3,0.872385,Agriculture,Built-up,Agriculture,Built-up,Urban Expansion
3296.0,7,Hyderabad,17.257220512870685,78.24213835270517,4,5,2,1,2,0.748619,1,0.626559,Agriculture,Vegetation,Agriculture,Vegetation,Vegetation Gain
3297.0,7,Hyderabad,17.490512992156525,78.26127246825692,0,0,0,0,0,0.999351,0,0.983262,Water,Water,Water,Water,No Change
3298.0,7,Hyderabad,17.315790669395277,78.24968420109178,4,5,2,1,2,0.643324,1,0.829824,Agriculture,Vegetation,Agriculture,Vegetation,Vegetation Gain
3299.0,7,Hyderabad,17.51521666246981,78.63811572994506,4,4,2,2,2,0.713649,2,0.752826,Agriculture,Agriculture,Agriculture,Agriculture,No Change
3300.0,7,Hyderabad,17.2626104045754,78.3212799292361,5,5,1,1,1,0.776463,1,0.746207,Vegetation,Vegetation,Vegetation,Vegetation,No Change
3301.0,7,Hyderabad,17.387027071425955,78.6865349237591,5,6,1,3,1,0.654393,3,0.65407,Vegetation,Built-up,Vegetation,Built-up,Vegetation Loss
3302.0,7,Hyderabad,17.43230216174558,78.43500664420563,6,6,3,3,3,0.856146,3,0.983339,Built-up,Built-up,Built-up,Built-up,No Change
3303.0,7,Hyderabad,17.291805651309286,78.37338221571504,5,5,1,1,1,0.655115,1,0.893355,Vegetation,Vegetation,Vegetation,Vegetation,No Change
3304.0,7,Hyderabad,17.55833579610755,78.33017325054888,1,4,1,2,1,0.600216,2,0.748991,Vegetation,Agriculture,Vegetation,Agriculture,Agriculture Gain
3305.0,7,Hyderabad,17.451885434939385,78.31283576556538,1,1,1,1,1,0.799382,1,0.783504,Vegetation,Vegetation,Vegetation,Vegetation,No Change
3306.0,7,Hyderabad,17.40876630130165,78.30232547674117,6,6,3,3,3,0.828437,3,0.840518,Built-up,Built-up,Built-up,Built-up,No Change
3307.0,7,Hyderabad,17.2423084791543,78.42925742638727,6,6,3,3,3,0.898217,3,0.810626,Built-up,Built-up,Built-up,Built-up,No Change
3308.0,7,Hyderabad,17.37202520618116,78.25417577751237,5,6,1,3,1,0.605066,3,0.672073,Vegetation,Built-up,Vegetation,Built-up,Vegetation Loss
3309.0,7,Hyderabad,17.581063172795773,78.69578757118553,1,4,1,2,1,0.491135,2,0.702484,Vegetation,Agriculture,Vegetation,Agriculture,Agriculture Gain
3310.0,7,Hyderabad,17.486470573377986,78.24492313008594,4,6,2,3,2,0.895805,3,0.536179,Agriculture,Built-up,Agriculture,Built-up,Urban Expansion
3311.0,7,Hyderabad,17.45152610882574,78.33798859352072,1,1,1,1,1,0.75457,1,0.568538,Vegetation,Vegetation,Vegetation,Vegetation,No Change
3312.0,7,Hyderabad,17.282463172354444,78.5752336600567,6,6,3,3,3,0.386859,3,0.66896,Built-up,Built-up,Built-up,Built-up,No Change
3313.0,7,Hyderabad,17.314263533412277,78.33143089194665,1,1,1,1,1,0.824511,1,0.819149,Vegetation,Vegetation,Vegetation,Vegetation,No Change
3314.0,7,Hyderabad,17.474253485513962,78.63910387675759,4,6,2,3,2,0.886154,3,0.518021,Agriculture,Built-up,Agriculture,Built-up,Urban Expansion
3315.0,7,Hyderabad,17.41900709554061,78.56795730625532,6,6,3,3,3,0.826157,3,0.931393,Built-up,Built-up,Built-up,Built-up,No Change
3316.0,7,Hyderabad,17.472097528832077,78.34203101229926,6,6,3,3,3,0.661441,3,0.587442,Built-up,Built-up,Built-up,Built-up,No Change
3317.0,7,Hyderabad,17.473175507173018,78.5098363073728,6,6,3,3,3,0.956492,3,0.973948,Built-up,Built-up,Built-up,Built-up,No Change
3318.0,7,Hyderabad,17.3588199715046,78.65671085632633,1,5,1,1,1,0.76522,1,0.790341,Vegetation,Vegetation,Vegetation,Vegetation,No Change
3319.0,7,Hyderabad,17.40696967073341,78.48971404500851,6,6,3,3,3,0.846071,3,0.8888,Built-up,Built-up,Built-up,Built-up,No Change
3320.0,7,Hyderabad,17.309682125463265,78.2273161505172,4,6,2,3,1,0.540957,2,0.667851,Agriculture,Built-up,Vegetation,Agriculture,Agriculture Gain
3321.0,7,Hyderabad,17.456466842888396,78.52735345541312,6,6,3,3,3,0.994949,3,0.986796,Built-up,Built-up,Built-up,Built-up,No Change
3322.0,7,Hyderabad,17.504347047531965,78.23674846100046,4,6,2,3,2,0.579188,2,0.412354,Agriculture,Built-up,Agriculture,Agriculture,No Change
3323.0,7,Hyderabad,17.51458784177093,78.47291554919548,6,6,3,3,3,0.756269,3,0.929869,Built-up,Built-up,Built-up,Built-up,No Change
3324.0,7,Hyderabad,17.45071762507003,78.6587769814798,4,6,2,3,2,0.816696,3,0.527853,Agriculture,Built-up,Agriculture,Built-up,Urban Expansion
3325.0,7,Hyderabad,17.296656553843533,78.29361181848522,5,4,1,2,1,0.838129,2,0.705374,Vegetation,Agriculture,Vegetation,Agriculture,Agriculture Gain
3326.0,7,Hyderabad,17.592831103017737,78.33987505561737,1,4,1,2,2,0.624826,1,0.583952,Vegetation,Agriculture,Agriculture,Vegetation,Vegetation Gain
3327.0,7,Hyderabad,17.254076409376268,78.62607830513785,4,4,2,2,2,0.793174,2,0.816055,Agriculture,Agriculture,Agriculture,Agriculture,No Change
3328.0,7,Hyderabad,17.372115037709573,78.29001855734874,0,0,0,0,0,0.998352,0,1.0,Water,Water,Water,Water,No Change
3329.0,7,Hyderabad,17.494645242463474,78.20647523592562,4,4,2,2,2,0.707966,2,0.68549,Agriculture,Agriculture,Agriculture,Agriculture,No Change
3330.0,7,Hyderabad,17.321270392628406,78.25723004947838,4,6,2,3,2,0.643137,3,0.748362,Agriculture,Built-up,Agriculture,Built-up,Urban Expansion
3331.0,7,Hyderabad,17.531566000640787,78.48216819662191,6,6,3,3,3,0.814956,3,0.825283,Built-up,Built-up,Built-up,Built-up,No Change
3332.0,7,Hyderabad,17.464641511973884,78.20063618657885,6,4,3,2,2,0.372801,3,0.356862,Built-up,Agriculture,Agriculture,Built-up,Urban Expansion
3333.0,7,Hyderabad,17.56300703558497,78.5467570655501,6,6,3,3,3,0.735351,3,0.525585,Built-up,Built-up,Built-up,Built-up,No Change
3334.0,7,Hyderabad,17.331421355338957,78.6159273424273,6,6,3,3,3,0.439216,3,0.578349,Built-up,Built-up,Built-up,Built-up,No Change
3335.0,7,Hyderabad,17.45215492952462,78.27798113254154,6,6,3,3,3,0.911033,3,0.886699,Built-up,Built-up,Built-up,Built-up,No Change
3336.0,7,Hyderabad,17.524469309896244,78.63299533282557,4,4,2,2,2,0.871139,2,0.753228,Agriculture,Agriculture,Agriculture,Agriculture,No Change
3337.0,7,Hyderabad,17.348938503379287,78.4220709041143,7,6,4,3,4,0.987802,3,0.946505,Barren,Built-up,Barren,Built-up,Urban Expansion
3338.0,7,Hyderabad,17.415503665932544,78.3129255970938,1,5,1,1,1,0.687554,2,0.50308,Vegetation,Vegetation,Vegetation,Agriculture,Agriculture Gain
3339.0,7,Hyderabad,17.334475627304965,78.64682938820101,4,6,2,3,2,0.757332,3,0.626769,Agriculture,Built-up,Agriculture,Built-up,Urban Expansion
3340.0,7,Hyderabad,17.245632245705544,78.36080580173736,1,5,1,1,1,0.830197,1,0.871121,Vegetation,Vegetation,Vegetation,Vegetation,No Change
3341.0,7,Hyderabad,17.568307095761277,78.61781380452396,4,4,2,2,2,0.725436,2,0.901454,Agriculture,Agriculture,Agriculture,Agriculture,No Change
3342.0,7,Hyderabad,17.42484614488739,78.46465104858157,0,0,0,0,0,0.997878,0,0.995168,Water,Water,Water,Water,No Change
3343.0,7,Hyderabad,17.248506854614725,78.50381759496919,1,1,1,1,1,0.815577,1,0.763147,Vegetation,Vegetation,Vegetation,Vegetation,No Change
3344.0,7,Hyderabad,17.240332185529237,78.62446133762644,5,5,1,1,1,0.657707,1,0.782357,Vegetation,Vegetation,Vegetation,Vegetation,No Change
3345.0,7,Hyderabad,17.596424364154217,78.61035778766576,4,4,2,2,2,0.79616,2,0.609839,Agriculture,Agriculture,Agriculture,Agriculture,No Change
3346.0,7,Hyderabad,17.567408780477155,78.22641783523308,4,4,2,2,2,0.76694,2,0.84471,Agriculture,Agriculture,Agriculture,Agriculture,No Change
3347.0,7,Hyderabad,17.429697047421634,78.47480201129213,1,1,1,1,1,0.93418,1,0.884171,Vegetation,Vegetation,Vegetation,Vegetation,No Change
3348.0,7,Hyderabad,17.298183689826537,78.55520122922083,4,4,2,2,2,0.846343,2,0.772385,Agriculture,Agriculture,Agriculture,Agriculture,No Change
3349.0,7,Hyderabad,17.531116842998728,78.35424810016329,6,6,3,3,3,0.922497,3,0.93979,Built-up,Built-up,Built-up,Built-up,No Change
3350.0,7,Hyderabad,17.389632185749903,78.52169406912317,1,6,1,3,1,0.754172,3,0.514641,Vegetation,Built-up,Vegetation,Built-up,Vegetation Loss
3351.0,7,Hyderabad,17.50183176473643,78.27187258860953,4,4,2,2,2,0.508372,1,0.637933,Agriculture,Agriculture,Agriculture,Vegetation,Vegetation Gain
3352.0,7,Hyderabad,17.299082005110655,78.40599106052858,1,1,1,1,1,0.4506,1,0.666679,Vegetation,Vegetation,Vegetation,Vegetation,No Change
3353.0,7,Hyderabad,17.28183435165556,78.68015688524186,1,4,1,2,1,0.942451,2,0.593082,Vegetation,Agriculture,Vegetation,Agriculture,Agriculture Gain
3354.0,7,Hyderabad,17.289559863098987,78.57280820878957,1,0,1,0,1,0.550579,0,0.988302,Vegetation,Water,Vegetation,Water,Water Gain
3355.0,7,Hyderabad,17.435805591353645,78.69875201162313,1,1,1,1,1,0.793695,1,0.78412,Vegetation,Vegetation,Vegetation,Vegetation,No Change
3356.0,7,Hyderabad,17.57459530275011,78.5813422039887,1,7,1,4,1,0.600025,4,0.983533,Vegetation,Barren,Vegetation,Barren,Vegetation Loss
3357.0,7,Hyderabad,17.58366828711972,78.66704148209371,1,5,1,1,1,0.685806,1,0.751645,Vegetation,Vegetation,Vegetation,Vegetation,No Change
3358.0,7,Hyderabad,17.382804989590593,78.58969653613102,1,1,1,1,1,0.92429,1,0.819398,Vegetation,Vegetation,Vegetation,Vegetation,No Change
3359.0,7,Hyderabad,17.467965278525124,78.63560044714953,5,6,1,3,1,0.811617,3,0.547159,Vegetation,Built-up,Vegetation,Built-up,Vegetation Loss
3360.0,7,Hyderabad,17.54324409933434,78.45189497154708,1,1,1,1,1,0.920145,1,0.574832,Vegetation,Vegetation,Vegetation,Vegetation,No Change
3361.0,7,Hyderabad,17.359808118317133,78.27492686057553,1,6,1,3,1,0.740629,3,0.415298,Vegetation,Built-up,Vegetation,Built-up,Vegetation Loss
3362.0,7,Hyderabad,17.40095095832981,78.31768666809963,5,7,1,4,1,0.67437,4,0.991914,Vegetation,Barren,Vegetation,Barren,Vegetation Loss
3363.0,7,Hyderabad,17.393944099113675,78.58673209569342,6,6,3,3,3,0.937662,3,0.958466,Built-up,Built-up,Built-up,Built-up,No Change
3364.0,7,Hyderabad,17.583488624062895,78.5723590511475,1,5,1,1,2,0.475567,1,0.635524,Vegetation,Vegetation,Agriculture,Vegetation,Vegetation Gain
3365.0,7,Hyderabad,17.540279658896747,78.26127246825692,4,6,2,3,2,0.761848,3,0.685669,Agriculture,Built-up,Agriculture,Built-up,Urban Expansion
3366.0,7,Hyderabad,17.507850477140032,78.4753410004626,6,6,3,3,3,0.61466,3,0.601413,Built-up,Built-up,Built-up,Built-up,No Change
3367.0,7,Hyderabad,17.20727418307364,78.61619683701254,1,4,1,2,1,0.606157,2,0.765814,Vegetation,Agriculture,Vegetation,Agriculture,Agriculture Gain
3368.0,7,Hyderabad,17.31722797384987,78.57613197534081,6,6,3,3,3,0.955331,3,0.967097,Built-up,Built-up,Built-up,Built-up,No Change
3369.0,7,Hyderabad,17.27258170422913,78.67162289004271,5,5,1,1,1,0.852398,1,0.862191,Vegetation,Vegetation,Vegetation,Vegetation,No Change
3370.0,7,Hyderabad,17.451705771882562,78.52250255287888,6,6,3,3,3,0.509577,3,0.921538,Built-up,Built-up,Built-up,Built-up,No Change
3371.0,7,Hyderabad,17.21886245023878,78.47102908709883,6,0,3,0,3,0.78528,0,0.950108,Built-up,Water,Built-up,Water,Water Gain
3372.0,7,Hyderabad,17.472636518002545,78.66362788401405,5,4,1,2,1,0.788586,2,0.760421,Vegetation,Agriculture,Vegetation,Agriculture,Agriculture Gain
3373.0,7,Hyderabad,17.449549815200676,78.42557433372238,6,6,3,3,3,0.926941,3,0.84397,Built-up,Built-up,Built-up,Built-up,No Change
3374.0,7,Hyderabad,17.340494339708567,78.48513263705951,6,6,3,3,3,0.991388,3,0.96922,Built-up,Built-up,Built-up,Built-up,No Change
3375.0,7,Hyderabad,17.33708074162891,78.23081958012527,4,4,2,2,2,0.789776,2,0.807831,Agriculture,Agriculture,Agriculture,Agriculture,No Change
3376.0,7,Hyderabad,17.422510525148677,78.48683943609933,6,6,3,3,3,0.722171,3,0.60053,Built-up,Built-up,Built-up,Built-up,No Change
3377.0,7,Hyderabad,17.31076010380421,78.48755808832662,6,6,3,3,3,0.807224,3,0.738183,Built-up,Built-up,Built-up,Built-up,No Change
3378.0,7,Hyderabad,17.593100597602973,78.66883811266194,4,4,2,2,2,0.742564,2,0.782657,Agriculture,Agriculture,Agriculture,Agriculture,No Change
3379.0,7,Hyderabad,17.415593497460957,78.66767030279259,4,6,2,3,2,0.90085,3,0.669081,Agriculture,Built-up,Agriculture,Built-up,Urban Expansion
3380.0,7,Hyderabad,17.433739466200173,78.64224798025201,6,6,3,3,3,0.545536,3,0.696341,Built-up,Built-up,Built-up,Built-up,No Change
3381.0,7,Hyderabad,17.310670272275797,78.61484936408637,6,6,3,3,3,0.677321,3,0.924138,Built-up,Built-up,Built-up,Built-up,No Change
3382.0,7,Hyderabad,17.29935149969589,78.45216446613232,0,0,0,0,0,0.999944,0,0.999994,Water,Water,Water,Water,No Change
3383.0,7,Hyderabad,17.297734532184474,78.22525002536372,5,4,1,2,1,0.730868,2,0.771214,Vegetation,Agriculture,Vegetation,Agriculture,Agriculture Gain
3384.0,7,Hyderabad,17.406700176148174,78.33098173430459,6,6,3,3,3,0.889516,3,0.940584,Built-up,Built-up,Built-up,Built-up,No Change
3385.0,7,Hyderabad,17.370408238669746,78.48818690902552,6,6,3,3,3,0.955374,3,0.945985,Built-up,Built-up,Built-up,Built-up,No Change
3386.0,7,Hyderabad,17.526445603521307,78.4746223482353,1,0,1,0,1,0.577148,0,0.593441,Vegetation,Water,Vegetation,Water,Water Gain
3387.0,7,Hyderabad,17.328187420316127,78.64314629553613,6,6,3,3,3,0.856486,3,0.81288,Built-up,Built-up,Built-up,Built-up,No Change
3388.0,7,Hyderabad,17.431673341046697,78.43958805215465,6,6,3,3,3,0.956951,3,0.9933,Built-up,Built-up,Built-up,Built-up,No Change
3389.0,7,Hyderabad,17.559054448334845,78.58763041097754,5,6,1,3,2,0.506437,2,0.517031,Vegetation,Built-up,Agriculture,Agriculture,No Change
3390.0,7,Hyderabad,17.264496866672054,78.54945201140247,4,6,2,3,2,0.530561,2,0.436751,Agriculture,Built-up,Agriculture,Agriculture,No Change
3391.0,7,Hyderabad,17.233415157841517,78.45575772726879,1,4,1,2,1,0.93586,2,0.740954,Vegetation,Agriculture,Vegetation,Agriculture,Agriculture Gain
3392.0,7,Hyderabad,17.336811247043673,78.53759424965209,6,6,3,3,3,0.935001,3,0.868548,Built-up,Built-up,Built-up,Built-up,No Change
3393.0,7,Hyderabad,17.501921596264843,78.44479828080253,1,1,1,1,1,0.840569,1,0.645084,Vegetation,Vegetation,Vegetation,Vegetation,No Change
3394.0,7,Hyderabad,17.528960886316842,78.44479828080253,6,6,3,3,3,0.906294,3,0.871347,Built-up,Built-up,Built-up,Built-up,No Change
3395.0,7,Hyderabad,17.39645938190921,78.51163293794103,6,6,3,3,3,0.902723,3,0.888653,Built-up,Built-up,Built-up,Built-up,No Change
3396.0,7,Hyderabad,17.46598898490006,78.21105664387464,5,5,1,1,1,0.5509,1,0.444551,Vegetation,Vegetation,Vegetation,Vegetation,No Change
3397.0,7,Hyderabad,17.32324668625347,78.4046435876024,4,4,2,2,3,0.629873,3,0.483931,Agriculture,Agriculture,Built-up,Built-up,No Change
3398.0,7,Hyderabad,17.475780621496966,78.6617414219174,4,1,2,1,2,0.755593,1,0.752669,Agriculture,Vegetation,Agriculture,Vegetation,Vegetation Gain
3399.0,7,Hyderabad,17.518989586663114,78.69497908742983,7,7,4,4,4,0.98278,4,0.986047,Barren,Barren,Barren,Barren,No Change
3400.0,7,Hyderabad,17.32558230599218,78.36502788357272,0,0,0,0,0,0.999534,0,1.0,Water,Water,Water,Water,No Change
3401.0,7,Hyderabad,17.24185932151224,78.69093666865129,5,5,1,1,1,0.781975,1,0.83526,Vegetation,Vegetation,Vegetation,Vegetation,No Change
3402.0,7,Hyderabad,17.458353304985046,78.61826296216601,4,6,2,3,2,0.528153,3,0.615587,Agriculture,Built-up,Agriculture,Built-up,Urban Expansion
3403.0,7,Hyderabad,17.259106974967338,78.69048751100922,0,0,0,0,0,0.997305,0,0.993058,Water,Water,Water,Water,No Change
3404.0,7,Hyderabad,17.419725747767906,78.49375646378705,6,6,3,3,3,0.956764,3,0.991705,Built-up,Built-up,Built-up,Built-up,No Change
3405.0,7,Hyderabad,17.453232907865566,78.30879334678684,4,6,2,3,2,0.812322,3,0.779587,Agriculture,Built-up,Agriculture,Built-up,Urban Expansion
3406.0,7,Hyderabad,17.210597949624884,78.3370902782366,4,6,2,3,2,0.763456,3,0.442403,Agriculture,Built-up,Agriculture,Built-up,Urban Expansion
3407.0,7,Hyderabad,17.235930440637052,78.55771651201636,6,6,3,3,3,0.503148,3,0.565967,Built-up,Built-up,Built-up,Built-up,No Change
3408.0,7,Hyderabad,17.34615372599852,78.38712643956207,6,6,3,3,2,0.704788,3,0.968371,Built-up,Built-up,Agriculture,Built-up,Urban Expansion
3409.0,7,Hyderabad,17.583039466420836,78.68186368428168,5,5,1,1,1,0.889792,1,0.89016,Vegetation,Vegetation,Vegetation,Vegetation,No Change
3410.0,7,Hyderabad,17.53210498981126,78.57586248075557,1,6,1,3,1,0.640811,1,0.48458,Vegetation,Built-up,Vegetation,Vegetation,No Change
3411.0,7,Hyderabad,17.403645904182167,78.49546326282687,6,6,3,3,3,0.903858,3,0.978896,Built-up,Built-up,Built-up,Built-up,No Change
3412.0,7,Hyderabad,17.532284652868082,78.3054695802356,4,6,2,3,2,0.587271,3,0.72195,Agriculture,Built-up,Agriculture,Built-up,Urban Expansion
3413.0,7,Hyderabad,17.375079478147168,78.6159273424273,1,1,1,1,1,0.579855,1,0.789375,Vegetation,Vegetation,Vegetation,Vegetation,No Change
3414.0,7,Hyderabad,17.476229779139025,78.36871097623761,6,6,3,3,3,0.825444,3,0.969853,Built-up,Built-up,Built-up,Built-up,No Change
3415.0,7,Hyderabad,17.405891692392466,78.53489930379972,1,5,1,1,1,0.808109,1,0.808998,Vegetation,Vegetation,Vegetation,Vegetation,No Change
3416.0,7,Hyderabad,17.505604688929733,78.44246266106383,6,6,3,3,3,0.654802,3,0.619902,Built-up,Built-up,Built-up,Built-up,No Change
3417.0,7,Hyderabad,17.23485246229611,78.25920634310344,4,4,2,2,2,0.812438,2,0.83321,Agriculture,Agriculture,Agriculture,Agriculture,No Change
3418.0,7,Hyderabad,17.235571114523406,78.4850428055311,1,1,1,1,1,0.829523,1,0.925181,Vegetation,Vegetation,Vegetation,Vegetation,No Change
3419.0,7,Hyderabad,17.301327793320954,78.39808588602833,1,1,1,1,1,0.709742,1,0.684553,Vegetation,Vegetation,Vegetation,Vegetation,No Change
3420.0,7,Hyderabad,17.557617143880254,78.62167656024567,4,4,2,2,2,0.816548,2,0.849155,Agriculture,Agriculture,Agriculture,Agriculture,No Change
3421.0,7,Hyderabad,17.45808381039981,78.34679208330509,6,6,3,3,3,0.499874,3,0.487997,Built-up,Built-up,Built-up,Built-up,No Change
3422.0,7,Hyderabad,17.239254207188296,78.25363678834191,4,4,2,2,2,0.826272,2,0.785332,Agriculture,Agriculture,Agriculture,Agriculture,No Change
3423.0,7,Hyderabad,17.593459923716622,78.55969280564142,1,1,1,1,1,0.829585,1,0.868581,Vegetation,Vegetation,Vegetation,Vegetation,No Change
3424.0,7,Hyderabad,17.468504267695597,78.50633287776472,6,6,3,3,3,0.972583,3,0.926915,Built-up,Built-up,Built-up,Built-up,No Change
3425.0,7,Hyderabad,17.58860902118238,78.37562800392533,6,6,3,3,3,0.712353,3,0.934827,Built-up,Built-up,Built-up,Built-up,No Change
3426.0,7,Hyderabad,17.275096987024664,78.53822307035097,6,6,3,3,3,0.935142,3,0.931565,Built-up,Built-up,Built-up,Built-up,No Change
3427.0,7,Hyderabad,17.519618407361996,78.59948817272792,6,6,3,3,3,0.473842,3,0.450908,Built-up,Built-up,Built-up,Built-up,No Change
3428.0,7,Hyderabad,17.59875998389293,78.24591127689847,4,4,2,2,2,0.754156,2,0.858806,Agriculture,Agriculture,Agriculture,Agriculture,No Change
3429.0,7,Hyderabad,17.351004628532763,78.31741717351439,4,0,2,0,2,0.889963,0,0.873893,Agriculture,Water,Agriculture,Water,Water Gain
3430.0,7,Hyderabad,17.29737520607083,78.4310540569555,6,6,3,3,1,0.448595,3,0.59279,Built-up,Built-up,Vegetation,Built-up,Vegetation Loss
3431.0,7,Hyderabad,17.321090729571583,78.35379894252122,0,0,0,0,0,0.997942,0,1.0,Water,Water,Water,Water,No Change
3432.0,7,Hyderabad,17.482248491542627,78.48953438195169,4,6,2,3,2,0.577931,3,0.949048,Agriculture,Built-up,Agriculture,Built-up,Urban Expansion
3433.0,7,Hyderabad,17.4189172640122,78.3806585695164,6,6,3,3,3,0.946425,3,0.703182,Built-up,Built-up,Built-up,Built-up,No Change
3434.0,7,Hyderabad,17.26440703514364,78.5887982208469,6,6,3,3,3,0.49893,3,0.945579,Built-up,Built-up,Built-up,Built-up,No Change
3435.0,7,Hyderabad,17.20987929739759,78.4490203626379,4,4,2,2,2,0.853261,2,0.845132,Agriculture,Agriculture,Agriculture,Agriculture,No Change
3436.0,7,Hyderabad,17.545849213658286,78.22246524798295,6,6,3,3,3,0.72986,3,0.909827,Built-up,Built-up,Built-up,Built-up,No Change
3437.0,7,Hyderabad,17.451705771882562,78.64161915955312,5,5,1,1,1,0.698962,1,0.615442,Vegetation,Vegetation,Vegetation,Vegetation,No Change
3438.0,7,Hyderabad,17.304741391400608,78.23351452597763,5,6,1,3,1,0.645866,3,0.543904,Vegetation,Built-up,Vegetation,Built-up,Vegetation Loss
3439.0,7,Hyderabad,17.277971595933845,78.63865471911552,4,5,2,1,2,0.651348,1,0.789388,Agriculture,Vegetation,Agriculture,Vegetation,Vegetation Gain
3440.0,7,Hyderabad,17.36771329281739,78.36610586191367,5,5,1,1,1,0.707266,1,0.74861,Vegetation,Vegetation,Vegetation,Vegetation,No Change
3441.0,7,Hyderabad,17.340943497350626,78.49474461059958,6,6,3,3,3,0.942646,3,0.963657,Built-up,Built-up,Built-up,Built-up,No Change
3442.0,7,Hyderabad,17.524020152254185,78.47884443007067,4,6,2,3,2,0.66324,3,0.685181,Agriculture,Built-up,Agriculture,Built-up,Urban Expansion
3443.0,7,Hyderabad,17.36789295587421,78.48315634343444,6,6,3,3,3,0.976824,3,0.989952,Built-up,Built-up,Built-up,Built-up,No Change
3444.0,7,Hyderabad,17.467965278525124,78.49429545295752,6,6,3,3,3,0.965081,3,0.998361,Built-up,Built-up,Built-up,Built-up,No Change
3445.0,7,Hyderabad,17.3836134733463,78.38784509178936,1,1,1,1,1,0.895373,1,0.794895,Vegetation,Vegetation,Vegetation,Vegetation,No Change
3446.0,7,Hyderabad,17.451705771882562,78.52393985733346,6,6,3,3,3,0.851226,1,0.419128,Built-up,Built-up,Built-up,Vegetation,Vegetation Gain
3447.0,7,Hyderabad,17.538932185970566,78.3250528534294,5,6,1,3,1,0.700591,3,0.778293,Vegetation,Built-up,Vegetation,Built-up,Vegetation Loss
3448.0,7,Hyderabad,17.236649092864347,78.58727108486389,4,6,2,3,2,0.522455,3,0.776022,Agriculture,Built-up,Agriculture,Built-up,Urban Expansion
3449.0,7,Hyderabad,17.471558539661604,78.4798325768832,6,6,3,3,3,0.990161,3,0.976023,Built-up,Built-up,Built-up,Built-up,No Change
3450.0,7,Hyderabad,17.414156193006367,78.45548823268356,6,6,3,3,3,0.849479,3,0.990168,Built-up,Built-up,Built-up,Built-up,No Change
3451.0,7,Hyderabad,17.367443798232152,78.43590495948975,6,6,3,3,3,0.969265,3,0.80955,Built-up,Built-up,Built-up,Built-up,No Change
3452.0,7,Hyderabad,17.25605270300133,78.53211452641895,4,4,2,2,2,0.804246,2,0.759173,Agriculture,Agriculture,Agriculture,Agriculture,No Change
3453.0,7,Hyderabad,17.317138142321458,78.28184388826325,4,4,2,2,2,0.448471,2,0.539788,Agriculture,Agriculture,Agriculture,Agriculture,No Change
3454.0,7,Hyderabad,17.588159863540316,78.48297668037762,4,4,2,2,2,0.855214,2,0.744129,Agriculture,Agriculture,Agriculture,Agriculture,No Change
3455.0,7,Hyderabad,17.51458784177093,78.47022060334312,6,6,3,3,2,0.497046,3,0.63698,Built-up,Built-up,Agriculture,Built-up,Urban Expansion
3456.0,7,Hyderabad,17.534799935663617,78.25489442973966,6,6,3,3,3,0.542913,3,0.566217,Built-up,Built-up,Built-up,Built-up,No Change
3457.0,7,Hyderabad,17.332768828265138,78.34787006164603,4,6,2,3,2,0.798625,3,0.549401,Agriculture,Built-up,Agriculture,Built-up,Urban Expansion
3458.0,7,Hyderabad,17.464461848917058,78.20422944771533,4,4,2,2,2,0.549087,2,0.431381,Agriculture,Agriculture,Agriculture,Agriculture,No Change
3459.0,7,Hyderabad,17.200446986914333,78.55735718590272,4,4,2,2,2,0.835043,2,0.852617,Agriculture,Agriculture,Agriculture,Agriculture,No Change
3460.0,7,Hyderabad,17.40095095832981,78.50507523636695,6,6,3,3,3,0.967271,3,0.98879,Built-up,Built-up,Built-up,Built-up,No Change
3461.0,7,Hyderabad,17.54126780570928,78.58484563359677,5,5,1,1,1,0.707714,2,0.52386,Vegetation,Vegetation,Vegetation,Agriculture,Agriculture Gain
3462.0,7,Hyderabad,17.203052101238278,78.2551639243249,4,4,2,2,2,0.694355,2,0.749137,Agriculture,Agriculture,Agriculture,Agriculture,No Change
3463.0,7,Hyderabad,17.314353364940686,78.64036151815536,6,6,3,3,3,0.964463,3,0.988338,Built-up,Built-up,Built-up,Built-up,No Change
3464.0,7,Hyderabad,17.553125567459656,78.67180255309954,5,5,1,1,1,0.646115,1,0.825901,Vegetation,Vegetation,Vegetation,Vegetation,No Change
3465.0,7,Hyderabad,17.31300589201451,78.61332222810336,6,6,3,3,3,0.816874,3,0.85003,Built-up,Built-up,Built-up,Built-up,No Change
3466.0,7,Hyderabad,17.28866154781487,78.61242391281924,6,6,3,3,3,0.502015,3,0.664387,Built-up,Built-up,Built-up,Built-up,No Change
3467.0,7,Hyderabad,17.429876710478457,78.58367782372741,6,6,3,3,3,0.853024,3,0.971139,Built-up,Built-up,Built-up,Built-up,No Change
3468.0,7,Hyderabad,17.436344580524118,78.51316007392403,6,6,3,3,3,0.623159,3,0.860355,Built-up,Built-up,Built-up,Built-up,No Change
3469.0,7,Hyderabad,17.252189947279614,78.5625674145506,4,4,2,2,2,0.779504,2,0.739341,Agriculture,Agriculture,Agriculture,Agriculture,No Change
3470.0,7,Hyderabad,17.439309020961712,78.66784996584941,4,5,2,1,2,0.598069,1,0.598656,Agriculture,Vegetation,Agriculture,Vegetation,Vegetation Gain
3471.0,7,Hyderabad,17.287224243360278,78.44632541678554,6,6,3,3,3,0.5256,3,0.66046,Built-up,Built-up,Built-up,Built-up,No Change
3472.0,7,Hyderabad,17.283271656110152,78.32163925534975,1,0,1,0,1,0.783233,0,0.857671,Vegetation,Water,Vegetation,Water,Water Gain
3473.0,7,Hyderabad,17.275995302308782,78.53948071174874,6,6,3,3,3,0.976224,3,0.887639,Built-up,Built-up,Built-up,Built-up,No Change
3474.0,7,Hyderabad,17.215898009801187,78.58628293805135,6,6,3,3,3,0.537821,3,0.714999,Built-up,Built-up,Built-up,Built-up,No Change
3475.0,7,Hyderabad,17.269168106149476,78.25714021794997,6,6,3,3,2,0.543653,2,0.704681,Built-up,Built-up,Agriculture,Agriculture,No Change
3476.0,7,Hyderabad,17.200446986914333,78.51073462265691,5,4,1,2,1,0.848703,2,0.754876,Vegetation,Agriculture,Vegetation,Agriculture,Agriculture Gain
3477.0,7,Hyderabad,17.343279117089335,78.35065483902682,5,1,1,1,1,0.764933,1,0.562472,Vegetation,Vegetation,Vegetation,Vegetation,No Change
3478.0,7,Hyderabad,17.485841752679104,78.20845152955069,4,4,2,2,2,0.794254,2,0.490814,Agriculture,Agriculture,Agriculture,Agriculture,No Change
3479.0,7,Hyderabad,17.567318948948746,78.6820433473385,5,5,1,1,2,0.562049,2,0.52308,Vegetation,Vegetation,Agriculture,Agriculture,No Change
3480.0,7,Hyderabad,17.410473100341477,78.29154569333174,6,6,3,3,3,0.667349,3,0.793385,Built-up,Built-up,Built-up,Built-up,No Change
3481.0,7,Hyderabad,17.589776831051733,78.34580393649256,1,1,1,1,1,0.535691,1,0.54845,Vegetation,Vegetation,Vegetation,Vegetation,No Change
3482.0,7,Hyderabad,17.24123050081336,78.56355556136313,5,5,1,1,2,0.630953,1,0.480324,Vegetation,Vegetation,Agriculture,Vegetation,Vegetation Gain
3483.0,7,Hyderabad,17.36187424347061,78.60694418958612,1,1,1,1,1,0.965318,1,0.827128,Vegetation,Vegetation,Vegetation,Vegetation,No Change
3484.0,7,Hyderabad,17.270605410604066,78.41874713756307,1,6,1,3,1,0.637549,1,0.403249,Vegetation,Built-up,Vegetation,Vegetation,No Change
3485.0,7,Hyderabad,17.5542035458006,78.64179882260994,1,1,1,1,1,0.724699,1,0.791852,Vegetation,Vegetation,Vegetation,Vegetation,No Change
3486.0,7,Hyderabad,17.256771355228626,78.43725243241593,1,6,1,3,1,0.862053,3,0.648089,Vegetation,Built-up,Vegetation,Built-up,Vegetation Loss
3487.0,7,Hyderabad,17.411820573267654,78.39485195100549,6,6,3,3,3,0.737384,3,0.913028,Built-up,Built-up,Built-up,Built-up,No Change
3488.0,7,Hyderabad,17.386038924613423,78.25300796764301,4,4,2,2,2,0.853538,2,0.714904,Agriculture,Agriculture,Agriculture,Agriculture,No Change
3489.0,7,Hyderabad,17.402567925841225,78.67593480340649,4,4,2,2,2,0.623627,2,0.604921,Agriculture,Agriculture,Agriculture,Agriculture,No Change
3490.0,7,Hyderabad,17.21275390630677,78.69003835336717,5,5,1,1,1,0.793596,1,0.680341,Vegetation,Vegetation,Vegetation,Vegetation,No Change
3491.0,7,Hyderabad,17.305639706684726,78.40338594620462,1,1,1,1,1,0.737852,1,0.663395,Vegetation,Vegetation,Vegetation,Vegetation,No Change
3492.0,7,Hyderabad,17.475870453025376,78.68518745083291,5,5,1,1,1,0.551029,1,0.643045,Vegetation,Vegetation,Vegetation,Vegetation,No Change
3493.0,7,Hyderabad,17.33708074162891,78.25561308196697,6,6,3,3,3,0.494782,3,0.517974,Built-up,Built-up,Built-up,Built-up,No Change
3494.0,7,Hyderabad,17.54270511016387,78.51378889462292,6,6,3,3,3,0.662316,3,0.731085,Built-up,Built-up,Built-up,Built-up,No Change
3495.0,7,Hyderabad,17.325761969049005,78.30636789551971,4,4,2,2,2,0.817665,2,0.693475,Agriculture,Agriculture,Agriculture,Agriculture,No Change
3496.0,7,Hyderabad,17.330792534640075,78.28660495926908,6,6,3,3,2,0.496465,3,0.441687,Built-up,Built-up,Agriculture,Built-up,Urban Expansion
3497.0,7,Hyderabad,17.216706493556895,78.35370911099281,5,4,1,2,2,0.672873,2,0.633862,Vegetation,Agriculture,Agriculture,Agriculture,No Change
3498.0,7,Hyderabad,17.365826830720735,78.50938714973073,6,6,3,3,3,0.777727,3,0.753609,Built-up,Built-up,Built-up,Built-up,No Change
3499.0,7,Hyderabad,17.488267203946226,78.34257000146974,4,6,2,3,2,0.821081,3,0.627536,Agriculture,Built-up,Agriculture,Built-up,Urban Expansion
3500.0,8,Bengaluru,13.006302756888696,77.57451043354754,6,6,3,3,3,0.590344,3,0.596394,Built-up,Built-up,Built-up,Built-up,No Change
3501.0,8,Bengaluru,12.801666535166271,77.44452421193544,1,5,1,1,1,0.716769,1,0.718821,Vegetation,Vegetation,Vegetation,Vegetation,No Change
3502.0,8,Bengaluru,12.836251673604872,77.49402138409043,4,5,2,1,2,0.584868,1,0.505656,Agriculture,Vegetation,Agriculture,Vegetation,Vegetation Gain
3503.0,8,Bengaluru,13.12326340688106,77.67979298484636,4,4,2,2,2,0.835815,2,0.84477,Agriculture,Agriculture,Agriculture,Agriculture,No Change
3504.0,8,Bengaluru,12.815231095956475,77.6222109751343,6,6,3,3,3,0.809439,3,0.800676,Built-up,Built-up,Built-up,Built-up,No Change
3505.0,8,Bengaluru,12.755852455676177,77.39933895314424,1,1,1,1,1,0.546502,1,0.911698,Vegetation,Vegetation,Vegetation,Vegetation,No Change
3506.0,8,Bengaluru,13.10350047063043,77.39996777384312,6,6,3,3,3,0.435268,3,0.662208,Built-up,Built-up,Built-up,Built-up,No Change
3507.0,8,Bengaluru,12.850624718150785,77.48620604111859,6,6,3,3,3,0.515364,3,0.556798,Built-up,Built-up,Built-up,Built-up,No Change
3508.0,8,Bengaluru,12.851612864963316,77.4042796872069,1,5,1,1,1,0.770945,1,0.819052,Vegetation,Vegetation,Vegetation,Vegetation,No Change
3509.0,8,Bengaluru,12.991480554700724,77.62131265985018,2,2,1,1,1,0.746025,1,0.739735,Vegetation,Vegetation,Vegetation,Vegetation,No Change
3510.0,8,Bengaluru,13.06622038633947,77.62562457321394,6,6,3,3,3,0.492211,3,0.503231,Built-up,Built-up,Built-up,Built-up,No Change
3511.0,8,Bengaluru,12.897696439038649,77.51522162479566,1,4,1,2,1,0.881893,2,0.794189,Vegetation,Agriculture,Vegetation,Agriculture,Agriculture Gain
3512.0,8,Bengaluru,13.068196679964531,77.7350393748197,1,1,1,1,1,0.61805,2,0.644655,Vegetation,Vegetation,Vegetation,Agriculture,Agriculture Gain
3513.0,8,Bengaluru,12.889431938424748,77.71078486214847,5,6,1,3,1,0.727262,3,0.94117,Vegetation,Built-up,Vegetation,Built-up,Vegetation Loss
3514.0,8,Bengaluru,12.778490000835989,77.45054292433905,5,4,1,2,1,0.749136,2,0.689163,Vegetation,Agriculture,Vegetation,Agriculture,Agriculture Gain
3515.0,8,Bengaluru,12.813703959973472,77.71437812328496,6,6,3,3,3,0.912635,3,0.837481,Built-up,Built-up,Built-up,Built-up,No Change
3516.0,8,Bengaluru,13.104937775085022,77.64835194990216,7,7,4,4,4,0.985953,4,0.989997,Barren,Barren,Barren,Barren,No Change
3517.0,8,Bengaluru,12.85682309361121,77.63335008465737,5,5,1,1,1,0.906111,1,0.89839,Vegetation,Vegetation,Vegetation,Vegetation,No Change
3518.0,8,Bengaluru,12.758637233056946,77.44721915778781,1,5,1,1,1,0.86479,1,0.856946,Vegetation,Vegetation,Vegetation,Vegetation,No Change
3519.0,8,Bengaluru,13.052745657077676,77.56858155267236,6,6,3,3,3,0.948365,3,0.921423,Built-up,Built-up,Built-up,Built-up,No Change
3520.0,8,Bengaluru,12.844246679633535,77.56229334568351,7,6,4,3,4,0.570277,3,0.915997,Barren,Built-up,Barren,Built-up,Urban Expansion
3521.0,8,Bengaluru,13.047625259958195,77.41263401934921,4,6,2,3,1,0.547482,2,0.420739,Agriculture,Built-up,Vegetation,Agriculture,Agriculture Gain
3522.0,8,Bengaluru,12.881077606282435,77.36744876055799,5,5,1,1,1,0.820546,1,0.826516,Vegetation,Vegetation,Vegetation,Vegetation,No Change
3523.0,8,Bengaluru,13.108441204693086,77.69236939882403,4,6,2,3,2,0.517432,2,0.637666,Agriculture,Built-up,Agriculture,Agriculture,No Change
3524.0,8,Bengaluru,13.0123214692923,77.46464647429973,1,6,1,3,1,0.590946,2,0.70237,Vegetation,Built-up,Vegetation,Agriculture,Agriculture Gain
3525.0,8,Bengaluru,12.98573133688236,77.79235188994653,4,5,2,1,2,0.628611,1,0.702858,Agriculture,Vegetation,Agriculture,Vegetation,Vegetation Gain
3526.0,8,Bengaluru,13.1393432504668,77.40823227445702,1,6,1,3,1,0.925526,3,0.553992,Vegetation,Built-up,Vegetation,Built-up,Vegetation Loss
3527.0,8,Bengaluru,12.910272853016322,77.6584130810843,1,1,1,1,1,0.748253,1,0.908415,Vegetation,Vegetation,Vegetation,Vegetation,No Change
3528.0,8,Bengaluru,13.100536030192837,77.35801645007474,1,4,1,2,1,0.905412,2,0.946746,Vegetation,Agriculture,Vegetation,Agriculture,Agriculture Gain
3529.0,8,Bengaluru,12.859877365577216,77.48737385098795,1,1,1,1,1,0.894343,1,0.795877,Vegetation,Vegetation,Vegetation,Vegetation,No Change
3530.0,8,Bengaluru,12.85367899011679,77.74599882128597,5,5,1,1,1,0.759331,1,0.710437,Vegetation,Vegetation,Vegetation,Vegetation,No Change
3531.0,8,Bengaluru,13.041786210611418,77.69120158895467,6,6,3,3,3,0.81663,3,0.952587,Built-up,Built-up,Built-up,Built-up,No Change
3532.0,8,Bengaluru,13.05337447777656,77.62212114360588,6,6,3,3,3,0.814347,3,0.5288,Built-up,Built-up,Built-up,Built-up,No Change
3533.0,8,Bengaluru,13.094607149317646,77.64197391138492,6,6,3,3,3,0.807674,3,0.84776,Built-up,Built-up,Built-up,Built-up,No Change
3534.0,8,Bengaluru,12.882874236850675,77.53875748523959,6,6,3,3,3,0.913154,3,0.890951,Built-up,Built-up,Built-up,Built-up,No Change
3535.0,8,Bengaluru,12.79744445333091,77.73980044582554,6,6,3,3,3,0.467361,3,0.582439,Built-up,Built-up,Built-up,Built-up,No Change
3536.0,8,Bengaluru,13.066579712453118,77.51522162479566,6,6,3,3,3,0.899971,3,0.664553,Built-up,Built-up,Built-up,Built-up,No Change
3537.0,8,Bengaluru,13.098380073510947,77.72731386337627,1,1,1,1,1,0.820617,1,0.628663,Vegetation,Vegetation,Vegetation,Vegetation,No Change
3538.0,8,Bengaluru,12.866884224793347,77.38819984362115,4,4,2,2,2,0.828726,2,0.91202,Agriculture,Agriculture,Agriculture,Agriculture,No Change
3539.0,8,Bengaluru,12.81594974818377,77.49860279203945,1,6,1,3,1,0.833615,3,0.537184,Vegetation,Built-up,Vegetation,Built-up,Vegetation Loss
3540.0,8,Bengaluru,12.982766896444767,77.61969569233875,0,0,0,0,0,0.998641,0,0.999925,Water,Water,Water,Water,No Change
3541.0,8,Bengaluru,13.14679926732499,77.63550604133926,5,5,1,1,1,0.555048,1,0.493486,Vegetation,Vegetation,Vegetation,Vegetation,No Change
3542.0,8,Bengaluru,13.072418761799897,77.39511687130887,4,6,2,3,2,0.618513,3,0.67435,Agriculture,Built-up,Agriculture,Built-up,Urban Expansion
3543.0,8,Bengaluru,13.048882901355965,77.79935874916266,1,4,1,2,1,0.7689,2,0.786899,Vegetation,Agriculture,Vegetation,Agriculture,Agriculture Gain
3544.0,8,Bengaluru,13.065411902583762,77.72542740127962,4,1,2,1,2,0.542879,1,0.824297,Agriculture,Vegetation,Agriculture,Vegetation,Vegetation Gain
3545.0,8,Bengaluru,12.94979872551758,77.39143377864399,5,7,1,4,4,0.50518,4,0.985397,Vegetation,Barren,Barren,Barren,No Change
3546.0,8,Bengaluru,12.781813767387227,77.37041320099559,6,6,3,3,3,0.483375,3,0.820883,Built-up,Built-up,Built-up,Built-up,No Change
3547.0,8,Bengaluru,12.90973386384585,77.73827330984253,1,6,1,3,1,0.585285,3,0.480188,Vegetation,Built-up,Vegetation,Built-up,Vegetation Loss
3548.0,8,Bengaluru,12.810559856479054,77.54468636611477,5,5,1,1,2,0.624801,1,0.591272,Vegetation,Vegetation,Agriculture,Vegetation,Vegetation Gain
3549.0,8,Bengaluru,12.961566655739546,77.79145357466241,4,4,2,2,2,0.615056,1,0.494612,Agriculture,Agriculture,Agriculture,Vegetation,Vegetation Gain
3550.0,8,Bengaluru,12.890599748294104,77.53875748523959,6,6,3,3,3,0.939402,3,0.637853,Built-up,Built-up,Built-up,Built-up,No Change
3551.0,8,Bengaluru,13.09155287735164,77.73548853246176,4,6,2,3,2,0.857786,3,0.651312,Agriculture,Built-up,Agriculture,Built-up,Urban Expansion
3552.0,8,Bengaluru,13.069364489833887,77.76989400784353,3,0,1,0,1,0.792647,0,1.0,Vegetation,Water,Vegetation,Water,Water Gain
3553.0,8,Bengaluru,13.055260939873213,77.51737758147755,6,6,3,3,3,0.519218,3,0.520022,Built-up,Built-up,Built-up,Built-up,No Change
3554.0,8,Bengaluru,12.894282840958994,77.48378058985148,1,6,1,3,1,0.878078,3,0.797702,Vegetation,Built-up,Vegetation,Built-up,Vegetation Loss
3555.0,8,Bengaluru,12.864368941997814,77.58268510263304,6,6,3,3,3,0.700269,3,0.638792,Built-up,Built-up,Built-up,Built-up,No Change
3556.0,8,Bengaluru,12.962644634080489,77.79477734121365,1,4,1,2,1,0.93854,2,0.763875,Vegetation,Agriculture,Vegetation,Agriculture,Agriculture Gain
3557.0,8,Bengaluru,13.023730073400616,77.6876083278182,6,6,3,3,3,0.645621,3,0.913593,Built-up,Built-up,Built-up,Built-up,No Change
3558.0,8,Bengaluru,12.914135608738034,77.75183787063274,1,5,1,1,2,0.712454,1,0.462995,Vegetation,Vegetation,Agriculture,Vegetation,Vegetation Gain
3559.0,8,Bengaluru,12.849546739809842,77.36394533094993,5,5,1,1,1,0.774148,1,0.742943,Vegetation,Vegetation,Vegetation,Vegetation,No Change
3560.0,8,Bengaluru,12.8274481838205,77.6951541762048,0,6,0,3,0,0.635937,3,0.427374,Water,Built-up,Water,Built-up,Water Loss
3561.0,8,Bengaluru,13.081671409226326,77.78354840016216,1,1,1,1,2,0.670683,2,0.68303,Vegetation,Vegetation,Agriculture,Agriculture,No Change
3562.0,8,Bengaluru,12.8808081116972,77.75938371901934,6,6,3,3,3,0.979529,3,0.982921,Built-up,Built-up,Built-up,Built-up,No Change
3563.0,8,Bengaluru,12.766272912971962,77.46105321316325,5,5,1,1,1,0.58783,1,0.820577,Vegetation,Vegetation,Vegetation,Vegetation,No Change
3564.0,8,Bengaluru,12.908116896334434,77.66371314126062,6,6,3,3,3,0.88344,3,0.778584,Built-up,Built-up,Built-up,Built-up,No Change
3565.0,8,Bengaluru,12.883952215191618,77.70377800293234,1,1,1,1,1,0.959437,1,0.532343,Vegetation,Vegetation,Vegetation,Vegetation,No Change
3566.0,8,Bengaluru,12.767800048954966,77.4419190976115,5,1,1,1,1,0.674155,1,0.851342,Vegetation,Vegetation,Vegetation,Vegetation,No Change
3567.0,8,Bengaluru,12.854846799986149,77.46042439246436,6,1,3,1,1,0.549931,1,0.676941,Built-up,Vegetation,Vegetation,Vegetation,No Change
3568.0,8,Bengaluru,13.090295235953873,77.71428829175655,1,6,1,3,1,0.852706,3,0.793926,Vegetation,Built-up,Vegetation,Built-up,Vegetation Loss
3569.0,8,Bengaluru,13.074305223896545,77.77959581291204,6,6,3,3,3,0.52122,3,0.659912,Built-up,Built-up,Built-up,Built-up,No Change
3570.0,8,Bengaluru,13.135660157801908,77.62310929041841,1,1,1,1,1,0.833247,1,0.674407,Vegetation,Vegetation,Vegetation,Vegetation,No Change
3571.0,8,Bengaluru,12.80301400809245,77.70934755769389,6,6,3,3,3,0.639027,3,0.560158,Built-up,Built-up,Built-up,Built-up,No Change
3572.0,8,Bengaluru,12.889611601481572,77.7718703014686,5,6,1,3,1,0.509909,3,0.706584,Vegetation,Built-up,Vegetation,Built-up,Vegetation Loss
3573.0,8,Bengaluru,12.81594974818377,77.511808026716,6,6,3,3,3,0.702374,3,0.87882,Built-up,Built-up,Built-up,Built-up,No Change
3574.0,8,Bengaluru,12.752977846766992,77.47030586058968,5,5,1,1,1,0.763303,1,0.840656,Vegetation,Vegetation,Vegetation,Vegetation,No Change
3575.0,8,Bengaluru,12.770045837165265,77.53902697982483,1,1,1,1,1,0.739641,1,0.7796,Vegetation,Vegetation,Vegetation,Vegetation,No Change
3576.0,8,Bengaluru,13.039630253929532,77.37625225034236,5,5,1,1,1,0.759498,1,0.756328,Vegetation,Vegetation,Vegetation,Vegetation,No Change
3577.0,8,Bengaluru,12.812895476217763,77.78525519920198,6,6,3,3,3,0.883334,3,0.934363,Built-up,Built-up,Built-up,Built-up,No Change
3578.0,8,Bengaluru,12.763667798648015,77.71806121594985,5,5,1,1,1,0.753211,1,0.703714,Vegetation,Vegetation,Vegetation,Vegetation,No Change
3579.0,8,Bengaluru,13.147787414137522,77.61996518692399,6,6,3,3,3,0.976308,3,0.943916,Built-up,Built-up,Built-up,Built-up,No Change
3580.0,8,Bengaluru,12.908027064806022,77.60774809905996,6,6,3,3,3,0.943852,3,0.892485,Built-up,Built-up,Built-up,Built-up,No Change
3581.0,8,Bengaluru,12.906679591879843,77.70853907393817,6,1,3,1,2,0.543434,2,0.539961,Built-up,Vegetation,Agriculture,Agriculture,No Change
3582.0,8,Bengaluru,12.75791858082965,77.59921410386083,5,5,1,1,1,0.624412,1,0.741455,Vegetation,Vegetation,Vegetation,Vegetation,No Change
3583.0,8,Bengaluru,12.833556727752514,77.72632571656374,1,1,1,1,1,0.883248,1,0.924663,Vegetation,Vegetation,Vegetation,Vegetation,No Change
3584.0,8,Bengaluru,12.989953418717722,77.65374184160689,6,6,3,3,3,0.952658,3,0.775524,Built-up,Built-up,Built-up,Built-up,No Change
3585.0,8,Bengaluru,12.911710157470912,77.62364827958888,6,6,3,3,3,0.799854,3,0.984918,Built-up,Built-up,Built-up,Built-up,No Change
3586.0,8,Bengaluru,13.023640241872204,77.4802771602434,5,6,1,3,1,0.655747,3,0.975143,Vegetation,Built-up,Vegetation,Built-up,Vegetation Loss
3587.0,8,Bengaluru,13.139972071165683,77.50264521081799,4,5,2,1,1,0.539596,1,0.673971,Agriculture,Vegetation,Vegetation,Vegetation,No Change
3588.0,8,Bengaluru,12.96138699268272,77.795945151083,6,6,3,3,3,0.614913,3,0.718564,Built-up,Built-up,Built-up,Built-up,No Change
3589.0,8,Bengaluru,13.12326340688106,77.7899264386794,4,4,2,2,2,0.797441,2,0.880512,Agriculture,Agriculture,Agriculture,Agriculture,No Change
3590.0,8,Bengaluru,12.778939158478046,77.51198768977282,4,1,2,1,2,0.578748,1,0.785299,Agriculture,Vegetation,Agriculture,Vegetation,Vegetation Gain
3591.0,8,Bengaluru,12.853499327059968,77.37526410352983,6,6,3,3,2,0.626285,2,0.620332,Built-up,Built-up,Agriculture,Agriculture,No Change
3592.0,8,Bengaluru,13.134672010989377,77.63101446491866,1,1,1,1,1,0.597169,1,0.754451,Vegetation,Vegetation,Vegetation,Vegetation,No Change
3593.0,8,Bengaluru,13.015555404315128,77.78875862881004,5,5,1,1,1,0.623976,2,0.400266,Vegetation,Vegetation,Vegetation,Agriculture,Agriculture Gain
3594.0,8,Bengaluru,13.073317077084011,77.68132012082935,1,6,1,3,1,0.404555,3,0.514694,Vegetation,Built-up,Vegetation,Built-up,Vegetation Loss
3595.0,8,Bengaluru,13.141499207148684,77.4419190976115,1,4,1,2,1,0.454383,1,0.580087,Vegetation,Agriculture,Vegetation,Vegetation,No Change
3596.0,8,Bengaluru,12.787832479790833,77.36583179304658,5,6,1,3,1,0.721893,3,0.807808,Vegetation,Built-up,Vegetation,Built-up,Vegetation Loss
3597.0,8,Bengaluru,13.03855227558859,77.72740369490468,6,6,3,3,3,0.875578,3,0.894008,Built-up,Built-up,Built-up,Built-up,No Change
3598.0,8,Bengaluru,12.776603538739336,77.39179310475764,5,5,1,1,1,0.729934,1,0.352574,Vegetation,Vegetation,Vegetation,Vegetation,No Change
3599.0,8,Bengaluru,13.040798063798889,77.62310929041841,6,6,3,3,3,0.89922,3,0.989669,Built-up,Built-up,Built-up,Built-up,No Change
3600.0,8,Bengaluru,13.068106848436122,77.74501067447343,6,6,3,3,3,0.483279,3,0.678467,Built-up,Built-up,Built-up,Built-up,No Change
3601.0,8,Bengaluru,13.061010157691577,77.69793895358556,1,1,1,1,1,0.739214,1,0.823958,Vegetation,Vegetation,Vegetation,Vegetation,No Change
3602.0,8,Bengaluru,12.802205524336742,77.65320285243641,6,6,3,3,3,0.469364,3,0.544026,Built-up,Built-up,Built-up,Built-up,No Change
3603.0,8,Bengaluru,12.863111300600046,77.75183787063274,4,1,2,1,2,0.653889,1,0.59779,Agriculture,Vegetation,Agriculture,Vegetation,Vegetation Gain
3604.0,8,Bengaluru,12.925993370488412,77.45512433228807,5,4,1,2,1,0.673441,2,0.884202,Vegetation,Agriculture,Vegetation,Agriculture,Agriculture Gain
3605.0,8,Bengaluru,13.092091866522113,77.58942246726393,0,0,0,0,0,0.997818,0,0.996264,Water,Water,Water,Water,No Change
3606.0,8,Bengaluru,13.070981457345304,77.7199476780465,6,6,3,3,2,0.540799,3,0.541747,Built-up,Built-up,Agriculture,Built-up,Urban Expansion
3607.0,8,Bengaluru,12.76663223908561,77.6395484601178,6,6,3,3,3,0.845372,3,0.924,Built-up,Built-up,Built-up,Built-up,No Change
3608.0,8,Bengaluru,12.804541144075452,77.38155231051867,6,6,3,3,3,0.531343,3,0.840546,Built-up,Built-up,Built-up,Built-up,No Change
3609.0,8,Bengaluru,12.92590353896,77.53983546358053,6,6,3,3,3,0.947162,3,0.75716,Built-up,Built-up,Built-up,Built-up,No Change
3610.0,8,Bengaluru,13.029119965105334,77.69560333384686,6,6,3,3,3,0.935407,3,0.950043,Built-up,Built-up,Built-up,Built-up,No Change
3611.0,8,Bengaluru,12.781993430444054,77.67440309314163,4,6,2,3,2,0.733553,3,0.556483,Agriculture,Built-up,Agriculture,Built-up,Urban Expansion
3612.0,8,Bengaluru,13.071969604157834,77.38307944650167,1,1,1,1,1,0.842805,1,0.736686,Vegetation,Vegetation,Vegetation,Vegetation,No Change
3613.0,8,Bengaluru,13.100176704079187,77.65778426038543,6,6,3,3,3,0.603503,3,0.505051,Built-up,Built-up,Built-up,Built-up,No Change
3614.0,8,Bengaluru,12.767800048954966,77.75695826775222,6,6,3,3,3,0.604358,3,0.684402,Built-up,Built-up,Built-up,Built-up,No Change
3615.0,8,Bengaluru,13.089756246783402,77.4125441878208,1,4,1,2,1,0.632122,2,0.698232,Vegetation,Agriculture,Vegetation,Agriculture,Agriculture Gain
3616.0,8,Bengaluru,12.911260999828851,77.54046428427941,6,6,3,3,3,0.949441,3,0.949207,Built-up,Built-up,Built-up,Built-up,No Change
3617.0,8,Bengaluru,13.010973996366118,77.6501485804704,6,6,3,3,3,0.653289,3,0.721439,Built-up,Built-up,Built-up,Built-up,No Change
3618.0,8,Bengaluru,13.003517979507928,77.65284352632277,1,1,1,1,1,0.771333,1,0.929237,Vegetation,Vegetation,Vegetation,Vegetation,No Change
3619.0,8,Bengaluru,12.918806848215455,77.66533010877203,6,6,3,3,2,0.557318,2,0.488815,Built-up,Built-up,Agriculture,Agriculture,No Change
3620.0,8,Bengaluru,12.776423875682513,77.36960471723988,6,6,3,3,3,0.664475,3,0.73666,Built-up,Built-up,Built-up,Built-up,No Change
3621.0,8,Bengaluru,12.790347762586364,77.67000134824944,4,5,2,1,2,0.80432,1,0.891762,Agriculture,Vegetation,Agriculture,Vegetation,Vegetation Gain
3622.0,8,Bengaluru,13.024269062571088,77.76585158906501,5,6,1,3,1,0.939511,3,0.43522,Vegetation,Built-up,Vegetation,Built-up,Vegetation Loss
3623.0,8,Bengaluru,13.133144875006376,77.43383426005443,1,5,1,1,1,0.936385,1,0.792904,Vegetation,Vegetation,Vegetation,Vegetation,No Change
3624.0,8,Bengaluru,12.754864308863644,77.75839557220681,4,4,2,2,2,0.793533,2,0.812581,Agriculture,Agriculture,Agriculture,Agriculture,No Change
3625.0,8,Bengaluru,12.975760037228634,77.54549484987048,6,6,3,3,3,0.972411,3,0.957694,Built-up,Built-up,Built-up,Built-up,No Change
3626.0,8,Bengaluru,12.93237140900566,77.41874256328121,4,4,2,2,2,0.566905,2,0.364525,Agriculture,Agriculture,Agriculture,Agriculture,No Change
3627.0,8,Bengaluru,12.9589615414156,77.73773432067206,6,6,3,3,3,0.533621,3,0.97846,Built-up,Built-up,Built-up,Built-up,No Change
3628.0,8,Bengaluru,12.98519234771189,77.52025219038673,6,6,3,3,3,0.964342,3,0.824877,Built-up,Built-up,Built-up,Built-up,No Change
3629.0,8,Bengaluru,12.982766896444767,77.54378805083066,6,6,3,3,3,0.983197,3,0.928582,Built-up,Built-up,Built-up,Built-up,No Change
3630.0,8,Bengaluru,12.851163707321255,77.4313189772589,5,5,1,1,1,0.67153,1,0.592455,Vegetation,Vegetation,Vegetation,Vegetation,No Change
3631.0,8,Bengaluru,12.999834886843038,77.3794861853652,5,5,1,1,1,0.712613,1,0.577289,Vegetation,Vegetation,Vegetation,Vegetation,No Change
3632.0,8,Bengaluru,12.76483560851737,77.6403569438735,6,6,3,3,3,0.768275,3,0.87727,Built-up,Built-up,Built-up,Built-up,No Change
3633.0,8,Bengaluru,13.143655163830571,77.44066145621373,1,1,1,1,1,0.860389,1,0.824098,Vegetation,Vegetation,Vegetation,Vegetation,No Change
3634.0,8,Bengaluru,12.832209254826337,77.46868889307827,1,5,1,1,1,0.793342,1,0.836584,Vegetation,Vegetation,Vegetation,Vegetation,No Change
3635.0,8,Bengaluru,12.94746310577887,77.65050790658405,6,6,3,3,3,0.763653,3,0.811285,Built-up,Built-up,Built-up,Built-up,No Change
3636.0,8,Bengaluru,13.1393432504668,77.56606626987681,6,6,3,3,3,0.56472,3,0.509592,Built-up,Built-up,Built-up,Built-up,No Change
3637.0,8,Bengaluru,12.800498725296915,77.69946608956857,4,6,2,3,2,0.789249,3,0.440309,Agriculture,Built-up,Agriculture,Built-up,Urban Expansion
3638.0,8,Bengaluru,12.945307149096982,77.63649418815179,1,6,1,3,3,0.487572,3,0.89949,Vegetation,Built-up,Built-up,Built-up,No Change
3639.0,8,Bengaluru,13.043852335764894,77.35361470518255,5,6,1,3,1,0.688902,3,0.583878,Vegetation,Built-up,Vegetation,Built-up,Vegetation Loss
3640.0,8,Bengaluru,12.93839012140926,77.37957601689361,6,6,3,3,3,0.885015,3,0.630966,Built-up,Built-up,Built-up,Built-up,No Change
3641.0,8,Bengaluru,13.02166394824714,77.65347234702165,6,6,3,3,3,0.799789,3,0.951328,Built-up,Built-up,Built-up,Built-up,No Change
3642.0,8,Bengaluru,12.794390181364903,77.71006620992118,6,6,3,3,3,0.519316,3,0.627591,Built-up,Built-up,Built-up,Built-up,No Change
3643.0,8,Bengaluru,12.761332178909305,77.65113672728293,6,6,3,3,2,0.607485,2,0.584365,Built-up,Built-up,Agriculture,Agriculture,No Change
3644.0,8,Bengaluru,12.7680695435402,77.39772198563283,1,1,1,1,1,0.947016,1,0.982217,Vegetation,Vegetation,Vegetation,Vegetation,No Change
3645.0,8,Bengaluru,13.064693250356466,77.38613371846768,1,1,1,1,1,0.675077,1,0.849984,Vegetation,Vegetation,Vegetation,Vegetation,No Change
3646.0,8,Bengaluru,12.75198969995446,77.79657397178188,6,6,3,3,3,0.902067,3,0.976535,Built-up,Built-up,Built-up,Built-up,No Change
3647.0,8,Bengaluru,12.946385127437926,77.5155809509093,1,1,1,1,2,0.372621,2,0.527644,Vegetation,Vegetation,Agriculture,Agriculture,No Change
3648.0,8,Bengaluru,12.866345235622877,77.49707565605644,1,5,1,1,2,0.454684,2,0.588509,Vegetation,Vegetation,Agriculture,Agriculture,No Change
3649.0,8,Bengaluru,12.88592850881668,77.4448835380491,6,6,3,3,3,0.937569,3,0.917646,Built-up,Built-up,Built-up,Built-up,No Change
3650.0,8,Bengaluru,13.089756246783402,77.5878054997525,0,0,0,0,0,0.995084,0,0.999069,Water,Water,Water,Water,No Change
3651.0,8,Bengaluru,12.996960277933857,77.38900832737686,4,5,2,1,2,0.700455,1,0.831417,Agriculture,Vegetation,Agriculture,Vegetation,Vegetation Gain
3652.0,8,Bengaluru,12.955907269449591,77.53812866454071,6,6,3,3,3,0.970744,3,0.944508,Built-up,Built-up,Built-up,Built-up,No Change
3653.0,8,Bengaluru,13.000643370598745,77.49500953090296,6,6,3,3,3,0.934881,3,0.955156,Built-up,Built-up,Built-up,Built-up,No Change
3654.0,8,Bengaluru,12.833107570110457,77.37822854396742,5,5,1,1,1,0.470641,1,0.513294,Vegetation,Vegetation,Vegetation,Vegetation,No Change
3655.0,8,Bengaluru,12.827807509934148,77.38011500606407,4,6,2,3,2,0.76146,3,0.414849,Agriculture,Built-up,Agriculture,Built-up,Urban Expansion
3656.0,8,Bengaluru,12.867602877020644,77.72111548791585,6,6,3,3,3,0.562685,3,0.486818,Built-up,Built-up,Built-up,Built-up,No Change
3657.0,8,Bengaluru,12.81127850870635,77.38307944650167,1,6,1,3,1,0.649895,3,0.831081,Vegetation,Built-up,Vegetation,Built-up,Vegetation Loss
3658.0,8,Bengaluru,12.8890726123111,77.79603498261142,5,5,1,1,1,0.732332,1,0.746946,Vegetation,Vegetation,Vegetation,Vegetation,No Change
3659.0,8,Bengaluru,13.097751252812063,77.5666950905757,6,6,3,3,3,0.431354,2,0.33971,Built-up,Built-up,Built-up,Agriculture,Other Change
3660.0,8,Bengaluru,12.928328990227124,77.52249797859702,6,6,3,3,3,0.954695,3,0.901016,Built-up,Built-up,Built-up,Built-up,No Change
3661.0,8,Bengaluru,13.112034465829565,77.40302204580912,4,6,2,3,2,0.698695,3,0.453513,Agriculture,Built-up,Agriculture,Built-up,Urban Expansion
3662.0,8,Bengaluru,13.105117438141844,77.64664515086234,7,7,4,4,4,0.99026,4,0.985749,Barren,Barren,Barren,Barren,No Change
3663.0,8,Bengaluru,12.926442528130472,77.5336370881201,4,1,2,1,2,0.623214,1,0.658996,Agriculture,Vegetation,Agriculture,Vegetation,Vegetation Gain
3664.0,8,Bengaluru,13.124880374392475,77.41434081838904,4,6,2,3,2,0.686706,3,0.428844,Agriculture,Built-up,Agriculture,Built-up,Urban Expansion
3665.0,8,Bengaluru,13.071071288873716,77.5094724069773,6,6,3,3,3,0.673511,3,0.678304,Built-up,Built-up,Built-up,Built-up,No Change
3666.0,8,Bengaluru,12.950337714688052,77.61008371879868,6,6,3,3,3,0.924782,3,0.933839,Built-up,Built-up,Built-up,Built-up,No Change
3667.0,8,Bengaluru,13.004865452434109,77.47075501823174,6,6,3,3,3,0.782111,3,0.835348,Built-up,Built-up,Built-up,Built-up,No Change
3668.0,8,Bengaluru,12.96408193853508,77.73036813534227,6,6,3,3,3,0.638761,3,0.531795,Built-up,Built-up,Built-up,Built-up,No Change
3669.0,8,Bengaluru,13.094427486260823,77.67575056606782,1,1,1,1,1,0.763762,1,0.677626,Vegetation,Vegetation,Vegetation,Vegetation,No Change
3670.0,8,Bengaluru,12.841731396838002,77.4374275211909,4,5,2,1,2,0.840684,1,0.632627,Agriculture,Vegetation,Agriculture,Vegetation,Vegetation Gain
3671.0,8,Bengaluru,12.939647762807027,77.36125038509756,5,5,1,1,1,0.78752,1,0.817794,Vegetation,Vegetation,Vegetation,Vegetation,No Change
3672.0,8,Bengaluru,12.889701433009984,77.41461031297428,4,6,2,3,2,0.836082,2,0.474808,Agriculture,Built-up,Agriculture,Agriculture,No Change
3673.0,8,Bengaluru,13.059033864066514,77.61762956718528,0,0,0,0,0,0.604112,0,0.614924,Water,Water,Water,Water,No Change
3674.0,8,Bengaluru,12.869938496759357,77.67350477785752,6,6,3,3,3,0.607759,3,0.579845,Built-up,Built-up,Built-up,Built-up,No Change
3675.0,8,Bengaluru,12.77498657122792,77.41523913367315,6,6,3,3,3,0.828961,3,0.844206,Built-up,Built-up,Built-up,Built-up,No Change
3676.0,8,Bengaluru,13.103680133687254,77.69991524721063,1,1,1,1,1,0.727322,1,0.793607,Vegetation,Vegetation,Vegetation,Vegetation,No Change
3677.0,8,Bengaluru,13.09020540442546,77.41694593271298,1,1,1,1,1,0.893459,1,0.913479,Vegetation,Vegetation,Vegetation,Vegetation,No Change
3678.0,8,Bengaluru,12.905511782010487,77.4629396752599,6,6,3,3,2,0.439718,3,0.930914,Built-up,Built-up,Agriculture,Built-up,Urban Expansion
3679.0,8,Bengaluru,12.766362744500372,77.7253375697512,6,6,3,3,3,0.511982,3,0.452703,Built-up,Built-up,Built-up,Built-up,No Change
3680.0,8,Bengaluru,12.967226042029498,77.68599136030677,6,6,3,3,3,0.91408,3,0.926954,Built-up,Built-up,Built-up,Built-up,No Change
3681.0,8,Bengaluru,12.8522416856622,77.79334003675906,5,1,1,1,1,0.58194,1,0.93549,Vegetation,Vegetation,Vegetation,Vegetation,No Change
3682.0,8,Bengaluru,13.020316475320962,77.70449665515964,6,6,3,3,3,0.604544,1,0.429774,Built-up,Built-up,Built-up,Vegetation,Vegetation Gain
3683.0,8,Bengaluru,12.806517437700515,77.55429833965485,6,6,3,3,3,0.53289,3,0.804516,Built-up,Built-up,Built-up,Built-up,No Change
3684.0,8,Bengaluru,12.886916655629213,77.47443811089663,6,6,3,3,3,0.53403,3,0.488872,Built-up,Built-up,Built-up,Built-up,No Change
3685.0,8,Bengaluru,12.88673699257239,77.47093468128857,5,5,1,1,1,0.90332,1,0.685233,Vegetation,Vegetation,Vegetation,Vegetation,No Change
3686.0,8,Bengaluru,12.843168701292592,77.55106440463203,6,6,3,3,2,0.595616,3,0.704139,Built-up,Built-up,Agriculture,Built-up,Urban Expansion
3687.0,8,Bengaluru,12.764745776988958,77.74393269613249,1,1,1,1,1,0.634656,1,0.683144,Vegetation,Vegetation,Vegetation,Vegetation,No Change
3688.0,8,Bengaluru,13.138085609069032,77.44730898931621,4,4,2,2,2,0.483029,2,0.739743,Agriculture,Agriculture,Agriculture,Agriculture,No Change
3689.0,8,Bengaluru,12.90236767851607,77.47282114338522,5,5,1,1,1,0.909333,1,0.724558,Vegetation,Vegetation,Vegetation,Vegetation,No Change
3690.0,8,Bengaluru,12.946474958966338,77.73827330984253,1,3,1,1,1,0.750847,1,0.772478,Vegetation,Vegetation,Vegetation,Vegetation,No Change
3691.0,8,Bengaluru,12.93228157747725,77.50228588470434,6,6,3,3,3,0.579303,3,0.553045,Built-up,Built-up,Built-up,Built-up,No Change
3692.0,8,Bengaluru,13.126317678847066,77.73593769010382,1,6,1,3,1,0.726133,3,0.500423,Vegetation,Built-up,Vegetation,Built-up,Vegetation Loss
3693.0,8,Bengaluru,12.98986358718931,77.5170182553639,6,6,3,3,3,0.751336,3,0.601317,Built-up,Built-up,Built-up,Built-up,No Change
3694.0,8,Bengaluru,12.844246679633535,77.50794527099428,6,6,3,3,3,0.721788,3,0.623054,Built-up,Built-up,Built-up,Built-up,No Change
3695.0,8,Bengaluru,13.108351373164677,77.6682047176812,6,6,3,3,3,0.41475,3,0.498225,Built-up,Built-up,Built-up,Built-up,No Change
3696.0,8,Bengaluru,13.003517979507928,77.67233696798816,6,6,3,3,3,0.959373,3,0.973958,Built-up,Built-up,Built-up,Built-up,No Change
3697.0,8,Bengaluru,13.105027606613431,77.61493462133292,4,6,2,3,2,0.763787,2,0.430214,Agriculture,Built-up,Agriculture,Agriculture,No Change
3698.0,8,Bengaluru,12.769057690352732,77.45224972337887,1,5,1,1,1,0.907054,1,0.59551,Vegetation,Vegetation,Vegetation,Vegetation,No Change
3699.0,8,Bengaluru,12.974322732774043,77.7252477382228,6,6,3,3,3,0.722867,3,0.513012,Built-up,Built-up,Built-up,Built-up,No Change
3700.0,8,Bengaluru,12.82008199849072,77.55106440463203,5,2,1,1,1,0.818537,1,0.778315,Vegetation,Vegetation,Vegetation,Vegetation,No Change
3701.0,8,Bengaluru,13.04735576537296,77.54756097502396,6,6,3,3,3,0.515816,3,0.90608,Built-up,Built-up,Built-up,Built-up,No Change
3702.0,8,Bengaluru,12.789000289660184,77.43455291228172,1,6,1,3,1,0.846836,3,0.583208,Vegetation,Built-up,Vegetation,Built-up,Vegetation Loss
3703.0,8,Bengaluru,12.922759435465585,77.43715802660567,1,1,1,1,1,0.936904,1,0.855705,Vegetation,Vegetation,Vegetation,Vegetation,No Change
3704.0,8,Bengaluru,13.08418669202186,77.37589292422872,6,6,3,3,3,0.65548,3,0.879465,Built-up,Built-up,Built-up,Built-up,No Change
3705.0,8,Bengaluru,13.086252817175335,77.73746482608682,4,4,2,2,2,0.899326,2,0.674053,Agriculture,Agriculture,Agriculture,Agriculture,No Change
3706.0,8,Bengaluru,13.020316475320962,77.6538316731353,6,6,3,3,3,0.928797,3,0.994269,Built-up,Built-up,Built-up,Built-up,No Change
3707.0,8,Bengaluru,12.921591625596228,77.58412240708762,6,6,3,3,3,0.932574,3,0.78099,Built-up,Built-up,Built-up,Built-up,No Change
3708.0,8,Bengaluru,13.056159255157333,77.41541879672998,1,1,1,1,1,0.912597,1,0.784779,Vegetation,Vegetation,Vegetation,Vegetation,No Change
3709.0,8,Bengaluru,13.108800530806736,77.49662649841439,4,4,2,2,2,0.748273,2,0.754498,Agriculture,Agriculture,Agriculture,Agriculture,No Change
3710.0,8,Bengaluru,12.844606005747185,77.51441314103995,6,6,3,3,3,0.818106,3,0.57193,Built-up,Built-up,Built-up,Built-up,No Change
3711.0,8,Bengaluru,12.870746980515062,77.77600255177555,1,4,1,2,1,0.978495,2,0.691896,Vegetation,Agriculture,Vegetation,Agriculture,Agriculture Gain
3712.0,8,Bengaluru,12.789000289660184,77.52573191361985,1,5,1,1,1,0.906724,1,0.881807,Vegetation,Vegetation,Vegetation,Vegetation,No Change
3713.0,8,Bengaluru,13.05058970039579,77.59274623381516,6,6,3,3,3,0.58703,3,0.94364,Built-up,Built-up,Built-up,Built-up,No Change
3714.0,8,Bengaluru,12.762589820307072,77.42556975944052,1,1,1,1,1,0.596055,1,0.557478,Vegetation,Vegetation,Vegetation,Vegetation,No Change
3715.0,8,Bengaluru,12.784868039353237,77.39367956685429,4,4,2,2,2,0.791812,2,0.709746,Agriculture,Agriculture,Agriculture,Agriculture,No Change
3716.0,8,Bengaluru,12.84352802740624,77.65670628204448,6,6,3,3,3,0.701331,3,0.716364,Built-up,Built-up,Built-up,Built-up,No Change
3717.0,8,Bengaluru,13.051398184151498,77.41200519865032,6,6,3,3,3,0.829632,3,0.972653,Built-up,Built-up,Built-up,Built-up,No Change
3718.0,8,Bengaluru,12.945396980625397,77.36556229846134,5,5,1,1,1,0.754998,1,0.687188,Vegetation,Vegetation,Vegetation,Vegetation,No Change
3719.0,8,Bengaluru,13.140600891864564,77.75147854451909,4,5,2,1,1,0.406612,1,0.775881,Agriculture,Vegetation,Vegetation,Vegetation,No Change
3720.0,8,Bengaluru,13.13386352723367,77.45952607718024,1,4,1,2,1,0.879578,2,0.749327,Vegetation,Agriculture,Vegetation,Agriculture,Agriculture Gain
3721.0,8,Bengaluru,12.79654613804679,77.76189900181488,6,6,3,3,3,0.596881,3,0.443498,Built-up,Built-up,Built-up,Built-up,No Change
3722.0,8,Bengaluru,12.998217919331625,77.74824460949625,5,5,1,1,1,0.668012,1,0.411503,Vegetation,Vegetation,Vegetation,Vegetation,No Change
3723.0,8,Bengaluru,12.92302893005082,77.47713305674898,6,6,3,3,3,0.844303,3,0.612934,Built-up,Built-up,Built-up,Built-up,No Change
3724.0,8,Bengaluru,13.105566595783904,77.68383540362488,5,1,1,1,1,0.697766,1,0.826949,Vegetation,Vegetation,Vegetation,Vegetation,No Change
3725.0,8,Bengaluru,13.081671409226326,77.53184045755187,6,6,3,3,3,0.589719,3,0.838199,Built-up,Built-up,Built-up,Built-up,No Change
3726.0,8,Bengaluru,12.873262263310597,77.50120790636339,5,1,1,1,1,0.816189,1,0.821678,Vegetation,Vegetation,Vegetation,Vegetation,No Change
3727.0,8,Bengaluru,12.919974658084811,77.56921037337123,6,6,3,3,3,0.525634,3,0.759872,Built-up,Built-up,Built-up,Built-up,No Change
3728.0,8,Bengaluru,12.81217682399047,77.6748522507837,6,6,3,3,3,0.68291,3,0.967742,Built-up,Built-up,Built-up,Built-up,No Change
3729.0,8,Bengaluru,12.851163707321255,77.75650911011016,4,4,2,2,1,0.818494,2,0.457541,Agriculture,Agriculture,Vegetation,Agriculture,Agriculture Gain
3730.0,8,Bengaluru,12.977107510154813,77.45081241892429,5,5,1,1,1,0.932222,1,0.821126,Vegetation,Vegetation,Vegetation,Vegetation,No Change
3731.0,8,Bengaluru,13.148955224006878,77.78812980811117,5,5,1,1,1,0.593598,1,0.470035,Vegetation,Vegetation,Vegetation,Vegetation,No Change
3732.0,8,Bengaluru,13.0694543213623,77.6186177139978,6,6,3,3,3,0.976578,3,0.845183,Built-up,Built-up,Built-up,Built-up,No Change
3733.0,8,Bengaluru,12.886647161043978,77.68365574056807,1,1,1,1,1,0.830896,1,0.364983,Vegetation,Vegetation,Vegetation,Vegetation,No Change
3734.0,8,Bengaluru,12.866435067151288,77.69183040965355,6,6,3,3,1,0.327804,4,0.503398,Built-up,Built-up,Vegetation,Barren,Vegetation Loss
3735.0,8,Bengaluru,13.128024477886893,77.67709803899399,1,4,1,2,1,0.69057,2,0.592046,Vegetation,Agriculture,Vegetation,Agriculture,Agriculture Gain
3736.0,8,Bengaluru,13.120658292557112,77.74501067447343,5,5,1,1,1,0.730483,1,0.647222,Vegetation,Vegetation,Vegetation,Vegetation,No Change
3737.0,8,Bengaluru,12.906320265766196,77.40490850790577,5,6,1,3,2,0.66084,2,0.689026,Vegetation,Built-up,Agriculture,Agriculture,No Change
3738.0,8,Bengaluru,12.914674597908506,77.62212114360588,6,6,3,3,3,0.931321,3,0.862354,Built-up,Built-up,Built-up,Built-up,No Change
3739.0,8,Bengaluru,12.992289038456434,77.64314172125428,6,6,3,3,3,0.819147,3,0.787101,Built-up,Built-up,Built-up,Built-up,No Change
3740.0,8,Bengaluru,12.770674657864149,77.69335754563656,6,6,3,3,3,0.678306,3,0.623775,Built-up,Built-up,Built-up,Built-up,No Change
3741.0,8,Bengaluru,13.075652696822726,77.49770447675533,6,6,3,3,2,0.373424,3,0.572305,Built-up,Built-up,Agriculture,Built-up,Urban Expansion
3742.0,8,Bengaluru,13.137366956841737,77.70853907393817,4,1,2,1,1,0.338243,1,0.671706,Agriculture,Vegetation,Vegetation,Vegetation,No Change
3743.0,8,Bengaluru,12.948541084119812,77.66721657086867,6,7,3,4,4,0.695283,4,0.990851,Built-up,Barren,Barren,Barren,No Change
3744.0,8,Bengaluru,12.858440061122623,77.78525519920198,6,6,3,3,3,0.830365,3,0.936093,Built-up,Built-up,Built-up,Built-up,No Change
3745.0,8,Bengaluru,13.088588436914046,77.45745995202677,5,5,1,1,1,0.887175,1,0.926012,Vegetation,Vegetation,Vegetation,Vegetation,No Change
3746.0,8,Bengaluru,12.837599146531051,77.69120158895467,6,6,3,3,1,0.514176,3,0.587231,Built-up,Built-up,Vegetation,Built-up,Vegetation Loss
3747.0,8,Bengaluru,12.967585368143146,77.6343382314699,6,6,3,3,3,0.593321,2,0.689739,Built-up,Built-up,Built-up,Agriculture,Other Change
3748.0,8,Bengaluru,12.80984120425176,77.75740742539428,6,6,3,3,3,0.575428,3,0.505824,Built-up,Built-up,Built-up,Built-up,No Change
3749.0,8,Bengaluru,12.892396378862342,77.41640694354251,1,6,1,3,1,0.792583,3,0.517909,Vegetation,Built-up,Vegetation,Built-up,Vegetation Loss
3750.0,8,Bengaluru,12.918896679743868,77.66146735305031,1,1,1,1,1,0.914548,1,0.858764,Vegetation,Vegetation,Vegetation,Vegetation,No Change
3751.0,8,Bengaluru,12.890330253708868,77.58735634211045,0,0,0,0,0,0.772911,0,0.996426,Water,Water,Water,Water,No Change
3752.0,8,Bengaluru,13.064603418828057,77.75498197412716,4,6,2,3,2,0.696691,3,0.49843,Agriculture,Built-up,Agriculture,Built-up,Urban Expansion
3753.0,8,Bengaluru,12.812086992462056,77.52186915789814,1,4,1,2,1,0.834267,2,0.76432,Vegetation,Agriculture,Vegetation,Agriculture,Agriculture Gain
3754.0,8,Bengaluru,12.901379531703538,77.42844436834972,1,1,1,1,1,0.822392,1,0.909955,Vegetation,Vegetation,Vegetation,Vegetation,No Change
3755.0,8,Bengaluru,13.096673274471122,77.53327776200646,6,6,3,3,3,0.596162,3,0.926399,Built-up,Built-up,Built-up,Built-up,No Change
3756.0,8,Bengaluru,12.88440137283368,77.5110893744887,6,6,3,3,2,0.375914,2,0.597976,Built-up,Built-up,Agriculture,Agriculture,No Change
3757.0,8,Bengaluru,13.019597823093669,77.62580423627077,6,6,3,3,3,0.506123,3,0.552571,Built-up,Built-up,Built-up,Built-up,No Change
3758.0,8,Bengaluru,13.098380073510947,77.41667643812774,4,4,2,2,2,0.417815,2,0.571662,Agriculture,Agriculture,Agriculture,Agriculture,No Change
3759.0,8,Bengaluru,13.044930314105835,77.58960213032076,0,0,0,0,0,0.982187,0,0.93793,Water,Water,Water,Water,No Change
3760.0,8,Bengaluru,12.755672792619352,77.370503032524,6,6,3,3,3,0.652894,3,0.727338,Built-up,Built-up,Built-up,Built-up,No Change
3761.0,8,Bengaluru,13.007201072172816,77.54971693170585,6,6,3,3,3,0.737643,3,0.93632,Built-up,Built-up,Built-up,Built-up,No Change
3762.0,8,Bengaluru,13.023280915758557,77.71168317743259,6,6,3,3,3,0.91555,3,0.958138,Built-up,Built-up,Built-up,Built-up,No Change
3763.0,8,Bengaluru,12.965609074518085,77.60810742517361,6,6,3,3,3,0.497259,3,0.535693,Built-up,Built-up,Built-up,Built-up,No Change
3764.0,8,Bengaluru,13.06855600607818,77.77726019317332,4,6,2,3,2,0.769382,3,0.930796,Agriculture,Built-up,Agriculture,Built-up,Urban Expansion
3765.0,8,Bengaluru,12.766093249915135,77.6410755961008,6,6,3,3,3,0.9399,3,0.907808,Built-up,Built-up,Built-up,Built-up,No Change
3766.0,8,Bengaluru,13.085264670362804,77.62885850823677,6,6,3,3,3,0.469951,3,0.694126,Built-up,Built-up,Built-up,Built-up,No Change
3767.0,8,Bengaluru,12.95985985669972,77.75093955534862,6,6,3,3,3,0.607678,3,0.763661,Built-up,Built-up,Built-up,Built-up,No Change
3768.0,8,Bengaluru,12.755223634977291,77.72102565638744,4,5,2,1,2,0.67647,1,0.571796,Agriculture,Vegetation,Agriculture,Vegetation,Vegetation Gain
3769.0,8,Bengaluru,13.089576583726576,77.43688853202043,5,6,1,3,1,0.748876,3,0.614444,Vegetation,Built-up,Vegetation,Built-up,Vegetation Loss
3770.0,8,Bengaluru,12.941444393375267,77.4704855236465,5,6,1,3,1,0.554078,3,0.600677,Vegetation,Built-up,Vegetation,Built-up,Vegetation Loss
3771.0,8,Bengaluru,12.783969724069117,77.56561711223476,1,1,1,1,1,0.908143,1,0.871,Vegetation,Vegetation,Vegetation,Vegetation,No Change
3772.0,8,Bengaluru,13.013040121519596,77.35334521059731,5,5,1,1,1,0.817814,1,0.808225,Vegetation,Vegetation,Vegetation,Vegetation,No Change
3773.0,8,Bengaluru,12.901110037118302,77.58160712429209,6,6,3,3,3,0.862798,3,0.652113,Built-up,Built-up,Built-up,Built-up,No Change
3774.0,8,Bengaluru,12.87200462191283,77.79917908610584,6,6,3,3,3,0.512185,3,0.611828,Built-up,Built-up,Built-up,Built-up,No Change
3775.0,8,Bengaluru,13.047894754543432,77.51001139614776,6,6,3,3,3,0.95802,3,0.995472,Built-up,Built-up,Built-up,Built-up,No Change
3776.0,8,Bengaluru,13.057327065026689,77.75067006076338,5,5,1,1,1,0.719264,1,0.583064,Vegetation,Vegetation,Vegetation,Vegetation,No Change
3777.0,8,Bengaluru,12.84065341849706,77.57109683546788,4,4,2,2,2,0.647255,2,0.775096,Agriculture,Agriculture,Agriculture,Agriculture,No Change
3778.0,8,Bengaluru,13.017531697940193,77.71815104747826,6,6,3,3,3,0.837657,3,0.908409,Built-up,Built-up,Built-up,Built-up,No Change
3779.0,8,Bengaluru,12.901828689345598,77.5336370881201,6,6,3,3,2,0.718052,3,0.692535,Built-up,Built-up,Agriculture,Built-up,Urban Expansion
3780.0,8,Bengaluru,12.959590362114485,77.4359003852079,6,6,3,3,3,0.716445,3,0.696207,Built-up,Built-up,Built-up,Built-up,No Change
3781.0,8,Bengaluru,12.94108506726162,77.63999761775986,1,1,1,1,1,0.983158,1,0.962595,Vegetation,Vegetation,Vegetation,Vegetation,No Change
3782.0,8,Bengaluru,12.930574778437425,77.66649791864138,6,6,3,3,2,0.659928,2,0.506297,Built-up,Built-up,Agriculture,Agriculture,No Change
3783.0,8,Bengaluru,12.983216054086826,77.66389280431744,6,6,3,3,1,0.813275,1,0.609764,Built-up,Built-up,Vegetation,Vegetation,No Change
3784.0,8,Bengaluru,13.029658954275805,77.43715802660567,6,6,3,3,2,0.457348,2,0.398137,Built-up,Built-up,Agriculture,Agriculture,No Change
3785.0,8,Bengaluru,12.975490542643398,77.42583925402576,6,6,3,3,3,0.53372,3,0.71948,Built-up,Built-up,Built-up,Built-up,No Change
3786.0,8,Bengaluru,13.080323936300148,77.66793522309597,6,6,3,3,3,0.833275,3,0.608377,Built-up,Built-up,Built-up,Built-up,No Change
3787.0,8,Bengaluru,12.873711420952656,77.75067006076338,1,6,1,3,1,0.9451,3,0.546278,Vegetation,Built-up,Vegetation,Built-up,Vegetation Loss
3788.0,8,Bengaluru,13.003517979507928,77.77519406801984,4,4,2,2,2,0.806227,2,0.786966,Agriculture,Agriculture,Agriculture,Agriculture,No Change
3789.0,8,Bengaluru,13.055799929043683,77.36637078221705,1,4,1,2,1,0.90444,2,0.83947,Vegetation,Agriculture,Vegetation,Agriculture,Agriculture Gain
3790.0,8,Bengaluru,13.003967137149989,77.44146993996944,4,6,2,3,2,0.818011,3,0.562961,Agriculture,Built-up,Agriculture,Built-up,Urban Expansion
3791.0,8,Bengaluru,12.89140823204981,77.58367324944557,6,6,3,3,3,0.921063,3,0.814627,Built-up,Built-up,Built-up,Built-up,No Change
3792.0,8,Bengaluru,12.827717678405737,77.4532378701914,5,5,1,1,1,0.822169,1,0.713352,Vegetation,Vegetation,Vegetation,Vegetation,No Change
3793.0,8,Bengaluru,12.788371468961302,77.4967163299428,5,5,1,1,1,0.83994,1,0.86119,Vegetation,Vegetation,Vegetation,Vegetation,No Change
3794.0,8,Bengaluru,12.932730735119309,77.56453913389382,6,6,3,3,3,0.899495,3,0.966092,Built-up,Built-up,Built-up,Built-up,No Change
3795.0,8,Bengaluru,12.805439459359572,77.62445676334458,6,6,3,3,3,0.48168,3,0.725136,Built-up,Built-up,Built-up,Built-up,No Change
3796.0,8,Bengaluru,12.995882299592912,77.67170814728928,6,6,3,3,3,0.903047,3,0.908037,Built-up,Built-up,Built-up,Built-up,No Change
3797.0,8,Bengaluru,13.08508500730598,77.47901951884563,4,6,2,3,2,0.54085,3,0.614862,Agriculture,Built-up,Agriculture,Built-up,Urban Expansion
3798.0,8,Bengaluru,12.761691505022952,77.76046169736028,1,1,1,1,1,0.927465,1,0.889308,Vegetation,Vegetation,Vegetation,Vegetation,No Change
3799.0,8,Bengaluru,12.920693310312108,77.50713678723858,6,6,3,3,3,0.89796,3,0.878488,Built-up,Built-up,Built-up,Built-up,No Change
3800.0,8,Bengaluru,12.81594974818377,77.75543113176921,4,4,2,2,2,0.853536,2,0.835602,Agriculture,Agriculture,Agriculture,Agriculture,No Change
3801.0,8,Bengaluru,13.145182299813577,77.53902697982483,4,4,2,2,1,0.530555,2,0.663077,Agriculture,Agriculture,Vegetation,Agriculture,Agriculture Gain
3802.0,8,Bengaluru,12.778400169307575,77.70314918223346,6,6,3,3,3,0.458507,3,0.531479,Built-up,Built-up,Built-up,Built-up,No Change
3803.0,8,Bengaluru,13.048433743713904,77.59750730482101,6,6,3,3,3,0.942843,3,0.851493,Built-up,Built-up,Built-up,Built-up,No Change
3804.0,8,Bengaluru,12.796276643461551,77.48369075832306,5,5,1,1,1,0.724215,1,0.640138,Vegetation,Vegetation,Vegetation,Vegetation,No Change
3805.0,8,Bengaluru,13.128743130114188,77.53606253938723,4,1,2,1,2,0.877703,1,0.648125,Agriculture,Vegetation,Agriculture,Vegetation,Vegetation Gain
3806.0,8,Bengaluru,12.871645295799182,77.53327776200646,6,6,3,3,3,0.810074,3,0.683355,Built-up,Built-up,Built-up,Built-up,No Change
3807.0,8,Bengaluru,12.909105043146964,77.57145616158154,6,6,3,3,3,0.662554,3,0.757235,Built-up,Built-up,Built-up,Built-up,No Change
3808.0,8,Bengaluru,13.140600891864564,77.73611735316065,5,6,1,3,1,0.563612,3,0.471179,Vegetation,Built-up,Vegetation,Built-up,Vegetation Loss
3809.0,8,Bengaluru,12.933988376517076,77.47704322522057,6,6,3,3,3,0.799377,3,0.93244,Built-up,Built-up,Built-up,Built-up,No Change
3810.0,8,Bengaluru,12.8522416856622,77.6478129607317,5,6,1,3,1,0.811387,3,0.562405,Vegetation,Built-up,Vegetation,Built-up,Vegetation Loss
3811.0,8,Bengaluru,12.945576643682218,77.39098462100192,5,5,1,1,1,0.86207,1,0.933391,Vegetation,Vegetation,Vegetation,Vegetation,No Change
3812.0,8,Bengaluru,13.126587173432302,77.67440309314163,4,6,2,3,2,0.865197,3,0.535042,Agriculture,Built-up,Agriculture,Built-up,Urban Expansion
3813.0,8,Bengaluru,12.758188075414886,77.48261277998212,6,6,3,3,1,0.437775,2,0.663808,Built-up,Built-up,Vegetation,Agriculture,Agriculture Gain
3814.0,8,Bengaluru,13.087151132459455,77.52258781012543,4,5,2,1,2,0.808953,1,0.471454,Agriculture,Vegetation,Agriculture,Vegetation,Vegetation Gain
3815.0,8,Bengaluru,12.899403238078476,77.44937511446969,5,5,1,1,1,0.805145,1,0.772149,Vegetation,Vegetation,Vegetation,Vegetation,No Change
3816.0,8,Bengaluru,12.82457357491132,77.43787667883296,4,6,2,3,2,0.575752,2,0.581719,Agriculture,Built-up,Agriculture,Agriculture,No Change
3817.0,8,Bengaluru,12.76339830406278,77.7371953315016,4,5,2,1,2,0.811513,1,0.720305,Agriculture,Vegetation,Agriculture,Vegetation,Vegetation Gain
3818.0,8,Bengaluru,12.906320265766196,77.59436320132659,6,6,3,3,3,0.65898,3,0.883751,Built-up,Built-up,Built-up,Built-up,No Change
3819.0,8,Bengaluru,13.138714429767916,77.67404376702798,1,4,1,2,1,0.691801,2,0.777326,Vegetation,Agriculture,Vegetation,Agriculture,Agriculture Gain
3820.0,8,Bengaluru,12.990582239416606,77.36816741278528,4,5,2,1,2,0.783542,1,0.829293,Agriculture,Vegetation,Agriculture,Vegetation,Vegetation Gain
3821.0,8,Bengaluru,12.789359615773831,77.7875908189407,5,5,1,1,1,0.918774,1,0.817506,Vegetation,Vegetation,Vegetation,Vegetation,No Change
3822.0,8,Bengaluru,13.011692648593415,77.75327517508732,5,7,1,4,1,0.479286,4,0.990439,Vegetation,Barren,Vegetation,Barren,Vegetation Loss
3823.0,8,Bengaluru,12.89042008523728,77.61834821941258,6,6,3,3,3,0.962362,3,0.914566,Built-up,Built-up,Built-up,Built-up,No Change
3824.0,8,Bengaluru,12.89913374349324,77.61448546369087,6,6,3,3,3,0.818714,3,0.905268,Built-up,Built-up,Built-up,Built-up,No Change
3825.0,8,Bengaluru,12.782981577256583,77.63838065024844,6,6,3,3,3,0.469816,3,0.578215,Built-up,Built-up,Built-up,Built-up,No Change
3826.0,8,Bengaluru,13.104219122857726,77.35388419976779,4,5,2,1,2,0.90241,1,0.738942,Agriculture,Vegetation,Agriculture,Vegetation,Vegetation Gain
3827.0,8,Bengaluru,12.963453117836195,77.68904563227278,1,1,1,1,1,0.726581,1,0.883418,Vegetation,Vegetation,Vegetation,Vegetation,No Change
3828.0,8,Bengaluru,13.127305825659596,77.50390285221575,4,4,2,2,2,0.720855,2,0.831041,Agriculture,Agriculture,Agriculture,Agriculture,No Change
3829.0,8,Bengaluru,12.969022672597738,77.60415483792349,6,6,3,3,3,0.53781,3,0.741035,Built-up,Built-up,Built-up,Built-up,No Change
3830.0,8,Bengaluru,12.94521731756857,77.36690977138753,5,1,1,1,1,0.816003,1,0.829494,Vegetation,Vegetation,Vegetation,Vegetation,No Change
3831.0,8,Bengaluru,12.969920987881856,77.54585417598413,6,6,3,3,3,0.68766,3,0.935886,Built-up,Built-up,Built-up,Built-up,No Change
3832.0,8,Bengaluru,13.036396318906702,77.46518546347019,6,6,3,3,3,0.706584,3,0.59444,Built-up,Built-up,Built-up,Built-up,No Change
3833.0,8,Bengaluru,13.03819294947494,77.61035321338392,6,6,3,3,3,0.939738,3,0.891265,Built-up,Built-up,Built-up,Built-up,No Change
3834.0,8,Bengaluru,13.09622411682906,77.61951602928193,6,6,3,3,3,0.473218,3,0.779972,Built-up,Built-up,Built-up,Built-up,No Change
3835.0,8,Bengaluru,13.058225380310803,77.50480116749986,6,6,3,3,3,0.974449,3,0.900373,Built-up,Built-up,Built-up,Built-up,No Change
3836.0,8,Bengaluru,12.75189986842605,77.51935387510261,5,5,1,1,1,0.832519,1,0.823766,Vegetation,Vegetation,Vegetation,Vegetation,No Change
3837.0,8,Bengaluru,12.896977786811352,77.55474749729692,6,6,3,3,3,0.750723,3,0.623819,Built-up,Built-up,Built-up,Built-up,No Change
3838.0,8,Bengaluru,12.869309676060473,77.38155231051867,1,1,1,1,1,0.692377,1,0.796653,Vegetation,Vegetation,Vegetation,Vegetation,No Change
3839.0,8,Bengaluru,13.140600891864564,77.79163323771922,4,5,2,1,1,0.632284,2,0.562118,Agriculture,Vegetation,Vegetation,Agriculture,Agriculture Gain
3840.0,8,Bengaluru,12.979802456007173,77.35954358605774,6,6,3,3,3,0.450255,2,0.394445,Built-up,Built-up,Built-up,Agriculture,Other Change
3841.0,8,Bengaluru,13.132605885835902,77.62544491015711,1,1,1,1,1,0.982648,1,0.911312,Vegetation,Vegetation,Vegetation,Vegetation,No Change
3842.0,8,Bengaluru,12.788461300489711,77.48935014461301,5,1,1,1,1,0.705133,1,0.817486,Vegetation,Vegetation,Vegetation,Vegetation,No Change
3843.0,8,Bengaluru,13.116256547664928,77.46249051761784,5,6,1,3,1,0.805325,3,0.512752,Vegetation,Built-up,Vegetation,Built-up,Vegetation Loss
3844.0,8,Bengaluru,12.789539278830658,77.3667301083307,5,5,1,1,1,0.740292,1,0.839977,Vegetation,Vegetation,Vegetation,Vegetation,No Change
3845.0,8,Bengaluru,12.881347100867671,77.59876494621876,6,6,3,3,3,0.745981,3,0.856397,Built-up,Built-up,Built-up,Built-up,No Change
3846.0,8,Bengaluru,12.894013346373756,77.47704322522057,1,1,1,1,2,0.610247,2,0.623817,Vegetation,Vegetation,Agriculture,Agriculture,No Change
3847.0,8,Bengaluru,12.945846138267454,77.66380297278903,6,6,3,3,3,0.902148,3,0.883988,Built-up,Built-up,Built-up,Built-up,No Change
3848.0,8,Bengaluru,12.826729531593204,77.66892336990851,6,6,3,3,3,0.51768,3,0.722066,Built-up,Built-up,Built-up,Built-up,No Change
3849.0,8,Bengaluru,12.812446318575706,77.48988913378348,1,6,1,3,1,0.67944,3,0.982181,Vegetation,Built-up,Vegetation,Built-up,Vegetation Loss
3850.0,8,Bengaluru,12.947373274250458,77.50156723247704,6,6,3,3,3,0.507304,2,0.425196,Built-up,Built-up,Built-up,Agriculture,Other Change
3851.0,8,Bengaluru,12.80579878547322,77.59139876088899,6,6,3,3,3,0.544455,3,0.977086,Built-up,Built-up,Built-up,Built-up,No Change
3852.0,8,Bengaluru,13.025796198554092,77.74743612574055,6,6,3,3,3,0.555508,3,0.562966,Built-up,Built-up,Built-up,Built-up,No Change
3853.0,8,Bengaluru,12.903715151442247,77.65922156484001,1,1,1,1,1,0.817127,1,0.637578,Vegetation,Vegetation,Vegetation,Vegetation,No Change
3854.0,8,Bengaluru,12.975849868757043,77.50489099902828,6,6,3,3,3,0.851391,3,0.981463,Built-up,Built-up,Built-up,Built-up,No Change
3855.0,8,Bengaluru,12.803193671149272,77.65715543968653,5,6,1,3,1,0.792166,3,0.570848,Vegetation,Built-up,Vegetation,Built-up,Vegetation Loss
3856.0,8,Bengaluru,12.886018340345094,77.45081241892429,6,6,3,3,3,0.796796,3,0.962499,Built-up,Built-up,Built-up,Built-up,No Change
3857.0,8,Bengaluru,12.945935969795864,77.66092836387985,6,6,3,3,3,0.939795,3,0.901468,Built-up,Built-up,Built-up,Built-up,No Change
3858.0,8,Bengaluru,12.869130013003646,77.52195898942655,6,6,3,3,3,0.806902,3,0.641487,Built-up,Built-up,Built-up,Built-up,No Change
3859.0,8,Bengaluru,12.796905464160435,77.39278125157017,6,6,3,3,2,0.511471,3,0.642289,Built-up,Built-up,Agriculture,Built-up,Urban Expansion
3860.0,8,Bengaluru,13.024628388684736,77.69201007271037,6,6,3,3,3,0.930169,3,0.849971,Built-up,Built-up,Built-up,Built-up,No Change
3861.0,8,Bengaluru,12.888713286197452,77.35496217810874,5,5,1,1,1,0.605801,1,0.67921,Vegetation,Vegetation,Vegetation,Vegetation,No Change
3862.0,8,Bengaluru,12.780645957517876,77.55672379092198,1,5,1,1,1,0.852969,1,0.764506,Vegetation,Vegetation,Vegetation,Vegetation,No Change
3863.0,8,Bengaluru,12.940007088920677,77.40571699166148,6,6,3,3,2,0.55155,2,0.656373,Built-up,Built-up,Agriculture,Agriculture,No Change
3864.0,8,Bengaluru,13.027772492179157,77.53327776200646,6,6,3,3,3,0.633692,3,0.529789,Built-up,Built-up,Built-up,Built-up,No Change
3865.0,8,Bengaluru,12.863111300600046,77.53893714829641,0,6,0,3,0,0.666743,3,0.603322,Water,Built-up,Water,Built-up,Water Loss
3866.0,8,Bengaluru,13.124161722165178,77.64421969959521,1,6,1,3,2,0.493798,3,0.418127,Vegetation,Built-up,Agriculture,Built-up,Urban Expansion
3867.0,8,Bengaluru,13.014028268332126,77.51647926619343,6,6,3,3,3,0.980576,3,0.833469,Built-up,Built-up,Built-up,Built-up,No Change
3868.0,8,Bengaluru,13.116705705306988,77.58555971154222,6,6,3,3,1,0.498034,3,0.871936,Built-up,Built-up,Vegetation,Built-up,Vegetation Loss
3869.0,8,Bengaluru,12.859518039463568,77.58951229879234,6,6,3,3,3,0.833852,3,0.879697,Built-up,Built-up,Built-up,Built-up,No Change
3870.0,8,Bengaluru,13.027323334537094,77.77815850845744,4,6,2,3,2,0.872901,3,0.57023,Agriculture,Built-up,Agriculture,Built-up,Urban Expansion
3871.0,8,Bengaluru,13.10673440565326,77.48863149238572,6,6,3,3,3,0.615443,3,0.697656,Built-up,Built-up,Built-up,Built-up,No Change
3872.0,8,Bengaluru,13.101793671590602,77.53067264768251,6,6,3,3,3,0.85686,3,0.777208,Built-up,Built-up,Built-up,Built-up,No Change
3873.0,8,Bengaluru,12.959770025171306,77.35586049339285,1,1,1,1,1,0.827104,1,0.667909,Vegetation,Vegetation,Vegetation,Vegetation,No Change
3874.0,8,Bengaluru,13.009446860383116,77.3885591697348,1,5,1,1,1,0.883226,1,0.787748,Vegetation,Vegetation,Vegetation,Vegetation,No Change
3875.0,8,Bengaluru,12.98061093976288,77.69632198607415,6,6,3,3,3,0.985144,3,0.928966,Built-up,Built-up,Built-up,Built-up,No Change
3876.0,8,Bengaluru,13.068735669135004,77.75031073464973,6,6,3,3,3,0.51164,3,0.446017,Built-up,Built-up,Built-up,Built-up,No Change
3877.0,8,Bengaluru,12.964890422290788,77.40311187733754,6,6,3,3,3,0.809637,3,0.727318,Built-up,Built-up,Built-up,Built-up,No Change
3878.0,8,Bengaluru,12.88862345466904,77.49518919395979,6,6,3,3,3,0.528303,3,0.713479,Built-up,Built-up,Built-up,Built-up,No Change
3879.0,8,Bengaluru,13.120298966443466,77.78714166129863,5,5,1,1,2,0.545654,2,0.488076,Vegetation,Vegetation,Agriculture,Agriculture,No Change
3880.0,8,Bengaluru,12.871196138157122,77.54145243109194,6,6,3,3,3,0.484774,3,0.587685,Built-up,Built-up,Built-up,Built-up,No Change
3881.0,8,Bengaluru,13.125239700506125,77.6455671725214,5,6,1,3,1,0.619163,3,0.629959,Vegetation,Built-up,Vegetation,Built-up,Vegetation Loss
3882.0,8,Bengaluru,13.143565332302162,77.61825838788417,6,6,3,3,3,0.88431,3,0.973288,Built-up,Built-up,Built-up,Built-up,No Change
3883.0,8,Bengaluru,13.090295235953873,77.44003263551485,6,6,3,3,2,0.472637,3,0.515164,Built-up,Built-up,Agriculture,Built-up,Urban Expansion
3884.0,8,Bengaluru,12.897067618339763,77.42583925402576,5,6,1,3,1,0.766042,3,0.513274,Vegetation,Built-up,Vegetation,Built-up,Vegetation Loss
3885.0,8,Bengaluru,13.12461087980724,77.60379551180984,1,1,1,1,1,0.893518,1,0.858434,Vegetation,Vegetation,Vegetation,Vegetation,No Change
3886.0,8,Bengaluru,12.926622191187295,77.62203131207747,6,6,3,3,3,0.595447,3,0.611498,Built-up,Built-up,Built-up,Built-up,No Change
3887.0,8,Bengaluru,13.003517979507928,77.55807126384816,6,6,3,3,3,0.994927,3,0.963011,Built-up,Built-up,Built-up,Built-up,No Change
3888.0,8,Bengaluru,12.813254802331413,77.38757102292227,1,1,1,1,3,0.489185,2,0.459528,Vegetation,Vegetation,Built-up,Agriculture,Other Change
3889.0,8,Bengaluru,12.999206066144154,77.6621860052776,6,6,3,3,3,0.951885,3,0.938248,Built-up,Built-up,Built-up,Built-up,No Change
3890.0,8,Bengaluru,13.120658292557112,77.6470943085044,6,6,3,3,3,0.511965,2,0.54278,Built-up,Built-up,Built-up,Agriculture,Other Change
3891.0,8,Bengaluru,13.122544754653765,77.35595032492127,4,4,2,2,2,0.758216,2,0.820593,Agriculture,Agriculture,Agriculture,Agriculture,No Change
3892.0,8,Bengaluru,13.119580314216169,77.60604130002014,6,6,3,3,3,0.484356,3,0.950171,Built-up,Built-up,Built-up,Built-up,No Change
3893.0,8,Bengaluru,13.02525720938362,77.45260904949252,6,6,3,3,2,0.656345,3,0.367447,Built-up,Built-up,Agriculture,Built-up,Urban Expansion
3894.0,8,Bengaluru,12.891947221220285,77.78498570461674,6,6,3,3,3,0.766711,3,0.863614,Built-up,Built-up,Built-up,Built-up,No Change
3895.0,8,Bengaluru,13.13574998933032,77.7523768598032,4,6,2,3,2,0.564084,2,0.594717,Agriculture,Built-up,Agriculture,Agriculture,No Change
3896.0,8,Bengaluru,12.909194874675377,77.42521043332688,5,6,1,3,1,0.868382,3,0.586191,Vegetation,Built-up,Vegetation,Built-up,Vegetation Loss
3897.0,8,Bengaluru,13.06990347900436,77.5531305297855,6,6,3,3,3,0.407428,3,0.651029,Built-up,Built-up,Built-up,Built-up,No Change
3898.0,8,Bengaluru,12.766093249915135,77.6899439475569,5,5,1,1,1,0.687522,1,0.687834,Vegetation,Vegetation,Vegetation,Vegetation,No Change
3899.0,8,Bengaluru,12.969561661768209,77.47910935037405,6,6,3,3,3,0.566815,3,0.472764,Built-up,Built-up,Built-up,Built-up,No Change
3900.0,8,Bengaluru,12.859248544878332,77.70476614974487,6,6,3,3,3,0.402346,3,0.527739,Built-up,Built-up,Built-up,Built-up,No Change
3901.0,8,Bengaluru,13.082749387567269,77.74312421237678,4,4,2,2,2,0.629469,2,0.630776,Agriculture,Agriculture,Agriculture,Agriculture,No Change
3902.0,8,Bengaluru,13.027772492179157,77.43185796642936,5,5,1,1,1,0.810538,1,0.689687,Vegetation,Vegetation,Vegetation,Vegetation,No Change
3903.0,8,Bengaluru,12.767350891312905,77.35684864020538,4,4,2,2,2,0.55827,2,0.756636,Agriculture,Agriculture,Agriculture,Agriculture,No Change
3904.0,8,Bengaluru,13.094607149317646,77.73935128818347,1,6,1,3,1,0.585462,3,0.39571,Vegetation,Built-up,Vegetation,Built-up,Vegetation Loss
3905.0,8,Bengaluru,12.911889820527737,77.61727024107164,0,0,0,0,0,0.999439,0,0.998491,Water,Water,Water,Water,No Change
3906.0,8,Bengaluru,12.922849266993994,77.49285357422107,6,6,3,3,3,0.927241,3,0.855488,Built-up,Built-up,Built-up,Built-up,No Change
3907.0,8,Bengaluru,12.930844273022656,77.63469755758355,6,6,3,3,3,0.754495,3,0.88716,Built-up,Built-up,Built-up,Built-up,No Change
3908.0,8,Bengaluru,13.028850470520098,77.5576221062061,6,6,3,3,3,0.861141,3,0.931191,Built-up,Built-up,Built-up,Built-up,No Change
3909.0,8,Bengaluru,12.954919122637062,77.7605515288887,2,2,1,1,1,0.848568,1,0.631074,Vegetation,Vegetation,Vegetation,Vegetation,No Change
3910.0,8,Bengaluru,12.950786872330111,77.42071885690628,1,6,1,3,1,0.702798,3,0.591605,Vegetation,Built-up,Vegetation,Built-up,Vegetation Loss
3911.0,8,Bengaluru,12.989683924132487,77.74456151683137,6,6,3,3,3,0.790014,3,0.962173,Built-up,Built-up,Built-up,Built-up,No Change
3912.0,8,Bengaluru,12.76941701646638,77.52734888113127,4,1,2,1,2,0.662502,1,0.669401,Agriculture,Vegetation,Agriculture,Vegetation,Vegetation Gain
3913.0,8,Bengaluru,12.9770176786264,77.47165333351586,4,4,2,2,2,0.736741,2,0.794932,Agriculture,Agriculture,Agriculture,Agriculture,No Change
3914.0,8,Bengaluru,12.812086992462056,77.65481981994783,4,5,2,1,2,0.763384,1,0.760232,Agriculture,Vegetation,Agriculture,Vegetation,Vegetation Gain
3915.0,8,Bengaluru,12.751181216198754,77.74015977193919,1,6,1,3,1,0.878923,3,0.43706,Vegetation,Built-up,Vegetation,Built-up,Vegetation Loss
3916.0,8,Bengaluru,13.068106848436122,77.5576221062061,6,6,3,3,3,0.89276,3,0.99719,Built-up,Built-up,Built-up,Built-up,No Change
3917.0,8,Bengaluru,12.81819553639407,77.70620345419947,6,6,3,3,3,0.942112,3,0.717266,Built-up,Built-up,Built-up,Built-up,No Change
3918.0,8,Bengaluru,12.800858051410565,77.50237571623275,6,6,3,3,3,0.61364,3,0.575598,Built-up,Built-up,Built-up,Built-up,No Change
3919.0,8,Bengaluru,13.060201673935868,77.76926518714465,5,6,1,3,1,0.47516,3,0.445939,Vegetation,Built-up,Vegetation,Built-up,Vegetation Loss
3920.0,8,Bengaluru,12.87155546427077,77.70458648668804,4,4,2,2,2,0.536284,2,0.654613,Agriculture,Agriculture,Agriculture,Agriculture,No Change
3921.0,8,Bengaluru,13.144643310643104,77.6892252953296,1,7,1,4,1,0.769997,4,0.978,Vegetation,Barren,Vegetation,Barren,Vegetation Loss
3922.0,8,Bengaluru,12.8868268241008,77.41496963908791,1,4,1,2,1,0.684321,2,0.517798,Vegetation,Agriculture,Vegetation,Agriculture,Agriculture Gain
3923.0,8,Bengaluru,12.959320867529248,77.71599509079637,6,6,3,3,3,0.804194,3,0.903113,Built-up,Built-up,Built-up,Built-up,No Change
3924.0,8,Bengaluru,12.94934956787552,77.6508672326977,4,6,2,3,2,0.887482,3,0.79591,Agriculture,Built-up,Agriculture,Built-up,Urban Expansion
3925.0,8,Bengaluru,12.911710157470912,77.71626458538161,6,6,3,3,3,0.458734,3,0.581479,Built-up,Built-up,Built-up,Built-up,No Change
3926.0,8,Bengaluru,12.980970265876527,77.58573937459904,6,6,3,3,3,0.562598,3,0.597787,Built-up,Built-up,Built-up,Built-up,No Change
3927.0,8,Bengaluru,12.966237895216969,77.35298588448367,0,0,0,0,0,0.740979,2,0.595235,Water,Water,Water,Agriculture,Water Loss
3928.0,8,Bengaluru,12.78504770241006,77.76306681168423,5,5,1,1,1,0.962781,1,0.703848,Vegetation,Vegetation,Vegetation,Vegetation,No Change
3929.0,8,Bengaluru,12.764206787818487,77.42799521070765,0,1,0,1,0,0.998643,1,0.712222,Water,Vegetation,Water,Vegetation,Water Loss
3930.0,8,Bengaluru,12.917998364459748,77.6989271003981,6,6,3,3,3,0.583759,3,0.949135,Built-up,Built-up,Built-up,Built-up,No Change
3931.0,8,Bengaluru,12.972256607620569,77.53184045755187,6,6,3,3,3,0.755709,3,0.833003,Built-up,Built-up,Built-up,Built-up,No Change
3932.0,8,Bengaluru,13.139433081995213,77.62643305696965,3,0,1,0,0,0.537369,0,0.986152,Vegetation,Water,Water,Water,No Change
3933.0,8,Bengaluru,13.12613801579024,77.52941500628474,6,6,3,3,3,0.549621,3,0.849087,Built-up,Built-up,Built-up,Built-up,No Change
3934.0,8,Bengaluru,12.822417618229432,77.7080000847677,6,6,3,3,3,0.730876,3,0.839948,Built-up,Built-up,Built-up,Built-up,No Change
3935.0,8,Bengaluru,13.089486752198166,77.76630074670706,3,3,1,1,1,0.704456,1,0.600695,Vegetation,Vegetation,Vegetation,Vegetation,No Change
3936.0,8,Bengaluru,12.965249748404435,77.62068383915128,6,6,3,3,3,0.426854,2,0.432081,Built-up,Built-up,Built-up,Agriculture,Other Change
3937.0,8,Bengaluru,12.83616184207646,77.79980790680472,6,6,3,3,1,0.786218,3,0.528136,Built-up,Built-up,Vegetation,Built-up,Vegetation Loss
3938.0,8,Bengaluru,12.808583562853991,77.69623215454574,6,6,3,3,3,0.690959,3,0.822144,Built-up,Built-up,Built-up,Built-up,No Change
3939.0,8,Bengaluru,13.027233503008684,77.53579304480199,6,6,3,3,3,0.710816,3,0.797223,Built-up,Built-up,Built-up,Built-up,No Change
3940.0,8,Bengaluru,12.921681457124638,77.64062643845874,0,0,0,0,0,0.998219,0,0.999994,Water,Water,Water,Water,No Change
3941.0,8,Bengaluru,12.90838639091967,77.37418612518888,5,5,1,1,1,0.698165,1,0.696155,Vegetation,Vegetation,Vegetation,Vegetation,No Change
3942.0,8,Bengaluru,13.115358232380808,77.3696945487683,5,1,1,1,1,0.897059,1,0.632506,Vegetation,Vegetation,Vegetation,Vegetation,No Change
3943.0,8,Bengaluru,13.109519183034031,77.78076362278138,5,5,1,1,1,0.869778,1,0.643672,Vegetation,Vegetation,Vegetation,Vegetation,No Change
3944.0,8,Bengaluru,12.769776342580029,77.51845555981849,5,6,1,3,1,0.638852,3,0.797554,Vegetation,Built-up,Vegetation,Built-up,Vegetation Loss
3945.0,8,Bengaluru,12.959410699057658,77.35837577618838,5,6,1,3,1,0.686693,3,0.65563,Vegetation,Built-up,Vegetation,Built-up,Vegetation Loss
3946.0,8,Bengaluru,13.025796198554092,77.6282296875379,6,6,3,3,3,0.945479,3,0.93433,Built-up,Built-up,Built-up,Built-up,No Change
3947.0,8,Bengaluru,13.120209134915052,77.59418353826976,6,6,3,3,3,0.451155,1,0.450128,Built-up,Built-up,Built-up,Vegetation,Vegetation Gain
3948.0,8,Bengaluru,13.077090001277316,77.62634322544125,6,6,3,3,2,0.472659,2,0.508692,Built-up,Built-up,Agriculture,Agriculture,No Change
3949.0,8,Bengaluru,13.041606547554595,77.39709316493393,4,4,2,2,2,0.751425,2,0.882478,Agriculture,Agriculture,Agriculture,Agriculture,No Change
3950.0,8,Bengaluru,13.032084405542928,77.38128281593343,5,4,1,2,1,0.787893,2,0.865579,Vegetation,Agriculture,Vegetation,Agriculture,Agriculture Gain
3951.0,8,Bengaluru,12.759984705983126,77.6117905178385,3,5,1,1,1,0.590507,1,0.655166,Vegetation,Vegetation,Vegetation,Vegetation,No Change
3952.0,8,Bengaluru,13.041786210611418,77.48746368251636,6,6,3,3,3,0.723373,3,0.925057,Built-up,Built-up,Built-up,Built-up,No Change
3953.0,8,Bengaluru,12.887904802441744,77.50237571623275,1,1,1,1,1,0.931153,1,0.779257,Vegetation,Vegetation,Vegetation,Vegetation,No Change
3954.0,8,Bengaluru,12.864907931168284,77.46949737683397,5,5,1,1,1,0.824957,1,0.69832,Vegetation,Vegetation,Vegetation,Vegetation,No Change
3955.0,8,Bengaluru,12.77130347856303,77.59094960324693,1,1,1,1,1,0.639741,1,0.786759,Vegetation,Vegetation,Vegetation,Vegetation,No Change
3956.0,8,Bengaluru,13.03765396030447,77.39080495794511,1,6,1,3,2,0.469473,2,0.360688,Vegetation,Built-up,Agriculture,Agriculture,No Change
3957.0,8,Bengaluru,12.90425414061272,77.38200146816072,4,6,2,3,2,0.742763,3,0.577187,Agriculture,Built-up,Agriculture,Built-up,Urban Expansion
3958.0,8,Bengaluru,13.10763272093738,77.44218859219674,5,6,1,3,1,0.676954,3,0.706154,Vegetation,Built-up,Vegetation,Built-up,Vegetation Loss
3959.0,8,Bengaluru,13.03217423707134,77.39349990379746,1,1,1,1,1,0.901778,1,0.788903,Vegetation,Vegetation,Vegetation,Vegetation,No Change
3960.0,8,Bengaluru,13.056608412799392,77.44227842372516,1,1,1,1,1,0.895134,1,0.80271,Vegetation,Vegetation,Vegetation,Vegetation,No Change
3961.0,8,Bengaluru,12.875597883049307,77.71599509079637,4,4,2,2,2,0.703156,2,0.686706,Agriculture,Agriculture,Agriculture,Agriculture,No Change
3962.0,8,Bengaluru,12.916111902363095,77.4975248136985,6,6,3,3,3,0.881992,3,0.947762,Built-up,Built-up,Built-up,Built-up,No Change
3963.0,8,Bengaluru,13.118592167403635,77.76549226295135,4,4,2,2,2,0.650651,2,0.514564,Agriculture,Agriculture,Agriculture,Agriculture,No Change
3964.0,8,Bengaluru,12.75657110790347,77.72605622197851,4,4,2,2,1,0.432817,2,0.825028,Agriculture,Agriculture,Vegetation,Agriculture,Agriculture Gain
3965.0,8,Bengaluru,12.852511180247436,77.36340634177945,5,5,1,1,1,0.771895,1,0.840032,Vegetation,Vegetation,Vegetation,Vegetation,No Change
3966.0,8,Bengaluru,12.964710759233965,77.69398636633544,6,6,3,3,3,0.686651,3,0.900547,Built-up,Built-up,Built-up,Built-up,No Change
3967.0,8,Bengaluru,13.069364489833887,77.67422343008481,6,6,3,3,1,0.740754,3,0.523789,Built-up,Built-up,Vegetation,Built-up,Vegetation Loss
3968.0,8,Bengaluru,12.890330253708868,77.55564581258103,6,6,3,3,3,0.852099,3,0.635892,Built-up,Built-up,Built-up,Built-up,No Change
3969.0,8,Bengaluru,12.773189940659682,77.71967818346126,0,4,0,2,0,0.630515,2,0.801557,Water,Agriculture,Water,Agriculture,Water Loss
3970.0,8,Bengaluru,12.830951613428567,77.69883726886968,6,6,3,3,3,0.536501,3,0.7777,Built-up,Built-up,Built-up,Built-up,No Change
3971.0,8,Bengaluru,12.818644694036127,77.73045796687069,4,6,2,3,1,0.584205,2,0.600444,Agriculture,Built-up,Vegetation,Agriculture,Agriculture Gain
3972.0,8,Bengaluru,13.018070687110663,77.59427336979817,6,6,3,3,3,0.799507,3,0.980235,Built-up,Built-up,Built-up,Built-up,No Change
3973.0,8,Bengaluru,12.960758171983835,77.78247042182122,1,4,1,2,1,0.966082,2,0.741348,Vegetation,Agriculture,Vegetation,Agriculture,Agriculture Gain
3974.0,8,Bengaluru,12.936413827784198,77.61969569233875,6,6,3,3,3,0.93588,3,0.974484,Built-up,Built-up,Built-up,Built-up,No Change
3975.0,8,Bengaluru,13.041965873668245,77.75372433272939,6,6,3,3,3,0.479533,3,0.481418,Built-up,Built-up,Built-up,Built-up,No Change
3976.0,8,Bengaluru,12.780376462932638,77.74492084294502,6,6,3,3,3,0.830774,3,0.886342,Built-up,Built-up,Built-up,Built-up,No Change
3977.0,8,Bengaluru,13.062806788259817,77.39251175698493,4,4,2,2,2,0.844564,2,0.925572,Agriculture,Agriculture,Agriculture,Agriculture,No Change
3978.0,8,Bengaluru,13.001541685882865,77.50525032514193,6,6,3,3,3,0.986501,3,0.980395,Built-up,Built-up,Built-up,Built-up,No Change
3979.0,8,Bengaluru,12.84855859299731,77.62050417609446,6,6,3,3,3,0.52099,3,0.831352,Built-up,Built-up,Built-up,Built-up,No Change
3980.0,8,Bengaluru,12.770135668693676,77.52267764165384,5,5,1,1,1,0.41916,3,0.438501,Vegetation,Vegetation,Vegetation,Built-up,Vegetation Loss
3981.0,8,Bengaluru,12.871465632742355,77.38083365829138,1,5,1,1,1,0.657102,1,0.607106,Vegetation,Vegetation,Vegetation,Vegetation,No Change
3982.0,8,Bengaluru,12.892576041919169,77.62993648657772,6,6,3,3,3,0.940555,3,0.980936,Built-up,Built-up,Built-up,Built-up,No Change
3983.0,8,Bengaluru,12.985910999939184,77.79549599344095,1,4,1,2,1,0.643641,2,0.623396,Vegetation,Agriculture,Vegetation,Agriculture,Agriculture Gain
3984.0,8,Bengaluru,12.99219920692802,77.76917535561624,6,6,3,3,3,0.720614,3,0.673353,Built-up,Built-up,Built-up,Built-up,No Change
3985.0,8,Bengaluru,12.779747642233756,77.5494474371206,1,1,1,1,1,0.724829,1,0.789039,Vegetation,Vegetation,Vegetation,Vegetation,No Change
3986.0,8,Bengaluru,13.049781216640085,77.45278871254935,5,6,1,3,1,0.671022,2,0.395887,Vegetation,Built-up,Vegetation,Agriculture,Agriculture Gain
3987.0,8,Bengaluru,12.921501794067815,77.43563089062266,5,1,1,1,1,0.879929,1,0.618824,Vegetation,Vegetation,Vegetation,Vegetation,No Change
3988.0,8,Bengaluru,12.927161180357768,77.5846613962581,6,6,3,3,3,0.926399,3,0.960413,Built-up,Built-up,Built-up,Built-up,No Change
3989.0,8,Bengaluru,12.860865512389749,77.39143377864399,5,5,1,1,1,0.621819,1,0.539169,Vegetation,Vegetation,Vegetation,Vegetation,No Change
3990.0,8,Bengaluru,13.019957149207317,77.41496963908791,5,4,1,2,1,0.673848,2,0.854352,Vegetation,Agriculture,Vegetation,Agriculture,Agriculture Gain
3991.0,8,Bengaluru,13.09568512765859,77.44506320110592,6,6,3,3,3,0.471088,3,0.909239,Built-up,Built-up,Built-up,Built-up,No Change
3992.0,8,Bengaluru,12.782442588086113,77.46859906154985,6,6,3,3,3,0.753594,3,0.84857,Built-up,Built-up,Built-up,Built-up,No Change
3993.0,8,Bengaluru,12.93919860516497,77.48566705194813,6,6,3,3,3,0.966934,3,0.995077,Built-up,Built-up,Built-up,Built-up,No Change
3994.0,8,Bengaluru,12.89050991676569,77.63227210631644,6,6,3,3,3,0.85397,3,0.887821,Built-up,Built-up,Built-up,Built-up,No Change
3995.0,8,Bengaluru,12.806607269228929,77.64628582474869,4,1,2,1,2,0.612144,1,0.76563,Agriculture,Vegetation,Agriculture,Vegetation,Vegetation Gain
3996.0,8,Bengaluru,13.05930335865175,77.37310814684794,4,4,2,2,2,0.752289,2,0.899141,Agriculture,Agriculture,Agriculture,Agriculture,No Change
3997.0,8,Bengaluru,13.000373876013509,77.47758221439105,6,6,3,3,3,0.404628,3,0.667177,Built-up,Built-up,Built-up,Built-up,No Change
3998.0,8,Bengaluru,12.840833081553882,77.61304815923627,6,6,3,3,3,0.974574,3,0.823397,Built-up,Built-up,Built-up,Built-up,No Change
3999.0,8,Bengaluru,13.012051974707065,77.38819984362115,4,5,2,1,2,0.663231,2,0.475606,Agriculture,Vegetation,Agriculture,Agriculture,No Change
4000.0,9,Kolkata,22.422174070444285,88.22655340958,1,1,1,1,1,0.808057,1,0.872654,Vegetation,Vegetation,Vegetation,Vegetation,No Change
4001.0,9,Kolkata,22.485235803389475,88.30084408357669,6,6,3,3,3,0.851056,3,0.969341,Built-up,Built-up,Built-up,Built-up,No Change
4002.0,9,Kolkata,22.62483399854165,88.32105617746937,6,6,3,3,3,0.791219,3,0.7132,Built-up,Built-up,Built-up,Built-up,No Change
4003.0,9,Kolkata,22.733709810976936,88.2340992579666,6,6,3,3,3,0.776579,3,0.780313,Built-up,Built-up,Built-up,Built-up,No Change
4004.0,9,Kolkata,22.407262036727904,88.3114442039293,4,4,2,2,2,0.830403,2,0.820333,Agriculture,Agriculture,Agriculture,Agriculture,No Change
4005.0,9,Kolkata,22.43115722328548,88.42157765776236,6,6,3,3,3,0.745633,3,0.533198,Built-up,Built-up,Built-up,Built-up,No Change
4006.0,9,Kolkata,22.572192722892247,88.44735930641659,6,6,3,3,3,0.717373,3,0.802884,Built-up,Built-up,Built-up,Built-up,No Change
4007.0,9,Kolkata,22.37159891994836,88.50062940276487,4,4,2,2,2,0.834133,2,0.864644,Agriculture,Agriculture,Agriculture,Agriculture,No Change
4008.0,9,Kolkata,22.47382719928116,88.47287146048558,3,0,1,0,1,0.801762,0,0.685623,Vegetation,Water,Vegetation,Water,Water Gain
4009.0,9,Kolkata,22.54533309589707,88.4858072005769,0,0,0,0,0,0.628293,0,0.755894,Water,Water,Water,Water,No Change
4010.0,9,Kolkata,22.524851507419147,88.37989582857921,6,0,3,0,3,0.47361,3,0.710866,Built-up,Water,Built-up,Built-up,No Change
4011.0,9,Kolkata,22.39989585139812,88.32599691153203,4,3,2,1,0,0.451727,1,0.514117,Agriculture,Vegetation,Water,Vegetation,Water Loss
4012.0,9,Kolkata,22.691668655680143,88.40235371068219,0,0,0,0,0,0.867967,0,0.984021,Water,Water,Water,Water,No Change
4013.0,9,Kolkata,22.38929573104551,88.37486526298814,1,1,1,1,1,0.909483,1,0.920281,Vegetation,Vegetation,Vegetation,Vegetation,No Change
4014.0,9,Kolkata,22.55961630891457,88.52506357849292,4,1,2,1,2,0.824093,1,0.673271,Agriculture,Vegetation,Agriculture,Vegetation,Vegetation Gain
4015.0,9,Kolkata,22.484247656576944,88.25062825919441,1,1,1,1,1,0.729612,1,0.708546,Vegetation,Vegetation,Vegetation,Vegetation,No Change
4016.0,9,Kolkata,22.672444708599983,88.31279167685548,1,1,1,1,1,0.983888,1,0.700401,Vegetation,Vegetation,Vegetation,Vegetation,No Change
4017.0,9,Kolkata,22.70891630913524,88.35366502228291,6,7,3,4,3,0.894209,4,0.977749,Built-up,Barren,Built-up,Barren,Other Change
4018.0,9,Kolkata,22.46232876364443,88.45194071436559,0,0,0,0,0,0.997592,0,0.987978,Water,Water,Water,Water,No Change
4019.0,9,Kolkata,22.73900987115324,88.26742675500745,1,1,1,1,1,0.859786,1,0.767024,Vegetation,Vegetation,Vegetation,Vegetation,No Change
4020.0,9,Kolkata,22.72346901673797,88.38250094290315,6,6,3,3,3,0.895036,3,0.794124,Built-up,Built-up,Built-up,Built-up,No Change
4021.0,9,Kolkata,22.69202798179379,88.28701002820125,6,6,3,3,2,0.530292,2,0.524993,Built-up,Built-up,Agriculture,Agriculture,No Change
4022.0,9,Kolkata,22.533205839561457,88.43109979977402,0,0,0,0,0,0.984873,0,0.754794,Water,Water,Water,Water,No Change
4023.0,9,Kolkata,22.605160893819438,88.25503000408659,6,6,3,3,3,0.670327,3,0.864425,Built-up,Built-up,Built-up,Built-up,No Change
4024.0,9,Kolkata,22.6003998228136,88.23661454076215,6,6,3,3,3,0.727887,3,0.868087,Built-up,Built-up,Built-up,Built-up,No Change
4025.0,9,Kolkata,22.44804555062693,88.33560888507212,1,1,1,1,1,0.627689,1,0.738071,Vegetation,Vegetation,Vegetation,Vegetation,No Change
4026.0,9,Kolkata,22.572911375119546,88.32545792236157,6,6,3,3,3,0.893629,3,0.948027,Built-up,Built-up,Built-up,Built-up,No Change
4027.0,9,Kolkata,22.684302470350364,88.54482651474355,4,4,2,2,2,0.628551,2,0.588122,Agriculture,Agriculture,Agriculture,Agriculture,No Change
4028.0,9,Kolkata,22.50239362531616,88.30300004025858,6,6,3,3,3,0.522786,3,0.642926,Built-up,Built-up,Built-up,Built-up,No Change
4029.0,9,Kolkata,22.677385442662644,88.3128815083839,4,4,2,2,2,0.77459,2,0.767385,Agriculture,Agriculture,Agriculture,Agriculture,No Change
4030.0,9,Kolkata,22.421096092103344,88.37899751329509,1,1,1,1,1,0.891538,1,0.924152,Vegetation,Vegetation,Vegetation,Vegetation,No Change
4031.0,9,Kolkata,22.6943636015325,88.36148036525476,0,0,0,0,0,1.0,0,1.0,Water,Water,Water,Water,No Change
4032.0,9,Kolkata,22.523324371436143,88.44807795864388,0,1,0,1,0,0.983895,1,0.562383,Water,Vegetation,Water,Vegetation,Water Loss
4033.0,9,Kolkata,22.57875042446632,88.39471803076718,6,6,3,3,3,0.575291,3,0.770403,Built-up,Built-up,Built-up,Built-up,No Change
4034.0,9,Kolkata,22.658071664054077,88.31386965519643,6,1,3,1,3,0.741017,1,0.721948,Built-up,Vegetation,Built-up,Vegetation,Vegetation Gain
4035.0,9,Kolkata,22.37734813776672,88.51769739316315,1,1,1,1,1,0.870655,1,0.939694,Vegetation,Vegetation,Vegetation,Vegetation,No Change
4036.0,9,Kolkata,22.59303363748382,88.38456706805663,6,6,3,3,3,0.866794,3,0.848029,Built-up,Built-up,Built-up,Built-up,No Change
4037.0,9,Kolkata,22.62564248229736,88.49065810311114,6,6,3,3,3,0.911361,3,0.609183,Built-up,Built-up,Built-up,Built-up,No Change
4038.0,9,Kolkata,22.579019919051557,88.34010046149271,6,6,3,3,3,0.857445,3,0.824865,Built-up,Built-up,Built-up,Built-up,No Change
4039.0,9,Kolkata,22.691219498038084,88.28629137597396,6,6,3,3,3,0.789364,3,0.790637,Built-up,Built-up,Built-up,Built-up,No Change
4040.0,9,Kolkata,22.66166492519055,88.54114342207866,4,1,2,1,1,0.457599,2,0.609449,Agriculture,Vegetation,Vegetation,Agriculture,Agriculture Gain
4041.0,9,Kolkata,22.38516348073856,88.28494390304778,2,1,1,1,1,0.828551,1,0.781502,Vegetation,Vegetation,Vegetation,Vegetation,No Change
4042.0,9,Kolkata,22.50778351702088,88.51500244731078,6,6,3,3,3,0.78306,3,0.778634,Built-up,Built-up,Built-up,Built-up,No Change
4043.0,9,Kolkata,22.64199182046833,88.50116839193534,1,1,1,1,1,0.984183,1,0.979028,Vegetation,Vegetation,Vegetation,Vegetation,No Change
4044.0,9,Kolkata,22.490625695094195,88.30138307274716,6,6,3,3,3,0.647297,3,0.644645,Built-up,Built-up,Built-up,Built-up,No Change
4045.0,9,Kolkata,22.37833628457925,88.4873343365599,4,4,2,2,2,0.780752,2,0.853982,Agriculture,Agriculture,Agriculture,Agriculture,No Change
4046.0,9,Kolkata,22.54084151947648,88.40720461321644,6,6,3,3,3,0.723302,3,0.795475,Built-up,Built-up,Built-up,Built-up,No Change
4047.0,9,Kolkata,22.72328935368115,88.23481791019391,4,0,2,0,2,0.745406,0,0.923913,Agriculture,Water,Agriculture,Water,Water Gain
4048.0,9,Kolkata,22.739099702681653,88.3587854194024,0,0,0,0,0,1.0,0,0.999669,Water,Water,Water,Water,No Change
4049.0,9,Kolkata,22.55485523790874,88.3776500403689,6,6,3,3,3,0.859369,3,0.839258,Built-up,Built-up,Built-up,Built-up,No Change
4050.0,9,Kolkata,22.59950150752948,88.5286568396294,6,6,3,3,3,0.801383,3,0.729706,Built-up,Built-up,Built-up,Built-up,No Change
4051.0,9,Kolkata,22.45029133883723,88.2904236262809,1,1,1,1,1,0.828246,1,0.883116,Vegetation,Vegetation,Vegetation,Vegetation,No Change
4052.0,9,Kolkata,22.653220761519822,88.42651839182501,6,6,3,3,3,0.750752,3,0.804837,Built-up,Built-up,Built-up,Built-up,No Change
4053.0,9,Kolkata,22.64450710326387,88.33740551564036,6,7,3,4,3,0.819893,4,0.980295,Built-up,Barren,Built-up,Barren,Other Change
4054.0,9,Kolkata,22.54973484078926,88.504581990015,0,0,0,0,2,0.434091,2,0.658754,Water,Water,Agriculture,Agriculture,No Change
4055.0,9,Kolkata,22.72185204922656,88.50673794669689,1,1,1,1,2,0.591192,1,0.540087,Vegetation,Vegetation,Agriculture,Vegetation,Vegetation Gain
4056.0,9,Kolkata,22.389834720215983,88.47206297672987,5,4,1,2,1,0.741623,2,0.675388,Vegetation,Agriculture,Vegetation,Agriculture,Agriculture Gain
4057.0,9,Kolkata,22.410226477165494,88.36920587669819,0,4,0,2,1,0.650107,2,0.482435,Water,Agriculture,Vegetation,Agriculture,Agriculture Gain
4058.0,9,Kolkata,22.66921077357716,88.21703126756834,4,1,2,1,2,0.771213,1,0.704567,Agriculture,Vegetation,Agriculture,Vegetation,Vegetation Gain
4059.0,9,Kolkata,22.44211666975174,88.46146285637727,4,1,2,1,2,0.628734,1,0.78376,Agriculture,Vegetation,Agriculture,Vegetation,Vegetation Gain
4060.0,9,Kolkata,22.44678790922916,88.22826020861983,4,1,2,1,2,0.594721,1,0.790813,Agriculture,Vegetation,Agriculture,Vegetation,Vegetation Gain
4061.0,9,Kolkata,22.64091384212739,88.48212410791201,6,6,3,3,3,0.650265,3,0.806716,Built-up,Built-up,Built-up,Built-up,No Change
4062.0,9,Kolkata,22.607496513558143,88.38825016072153,6,6,3,3,3,0.842629,3,0.838807,Built-up,Built-up,Built-up,Built-up,No Change
4063.0,9,Kolkata,22.455771062070355,88.3572582834194,6,6,3,3,3,0.891067,3,0.967064,Built-up,Built-up,Built-up,Built-up,No Change
4064.0,9,Kolkata,22.71942659795944,88.20256839149401,6,6,3,3,3,0.590634,3,0.84432,Built-up,Built-up,Built-up,Built-up,No Change
4065.0,9,Kolkata,22.4222639019727,88.42355395138742,6,6,3,3,3,0.596669,3,0.646764,Built-up,Built-up,Built-up,Built-up,No Change
4066.0,9,Kolkata,22.560245129613456,88.4256200765409,0,0,0,0,0,0.984593,0,0.966869,Water,Water,Water,Water,No Change
4067.0,9,Kolkata,22.48263068906553,88.2385010028588,1,1,1,1,1,0.801901,1,0.770303,Vegetation,Vegetation,Vegetation,Vegetation,No Change
4068.0,9,Kolkata,22.4793967540427,88.48338174930977,4,0,2,0,1,0.37124,1,0.432659,Agriculture,Water,Vegetation,Vegetation,No Change
4069.0,9,Kolkata,22.671097235673805,88.47924949900283,1,6,1,3,1,0.460419,3,0.546698,Vegetation,Built-up,Vegetation,Built-up,Vegetation Loss
4070.0,9,Kolkata,22.362256440993512,88.3534853592261,4,4,2,2,2,0.658535,0,0.416081,Agriculture,Agriculture,Agriculture,Water,Water Gain
4071.0,9,Kolkata,22.380402409732728,88.34764630987932,4,1,2,1,2,0.515005,1,0.716322,Agriculture,Vegetation,Agriculture,Vegetation,Vegetation Gain
4072.0,9,Kolkata,22.45316594774641,88.47700371079253,3,4,1,2,1,0.697241,2,0.724988,Vegetation,Agriculture,Vegetation,Agriculture,Agriculture Gain
4073.0,9,Kolkata,22.396482253318467,88.25035876460917,1,1,1,1,1,0.875951,1,0.844061,Vegetation,Vegetation,Vegetation,Vegetation,No Change
4074.0,9,Kolkata,22.603364263251198,88.4887716410145,1,1,1,1,1,0.84302,1,0.850397,Vegetation,Vegetation,Vegetation,Vegetation,No Change
4075.0,9,Kolkata,22.510478462873238,88.20104125551102,0,0,0,0,0,1.0,0,1.0,Water,Water,Water,Water,No Change
4076.0,9,Kolkata,22.673522686940927,88.40361135207996,6,6,3,3,3,0.765678,3,0.806816,Built-up,Built-up,Built-up,Built-up,No Change
4077.0,9,Kolkata,22.621330568933583,88.43639985995033,6,6,3,3,3,0.729061,3,0.656124,Built-up,Built-up,Built-up,Built-up,No Change
4078.0,9,Kolkata,22.583062337830093,88.25637747701278,1,1,1,1,1,0.860153,1,0.773663,Vegetation,Vegetation,Vegetation,Vegetation,No Change
4079.0,9,Kolkata,22.35057834229996,88.42472176125678,1,1,1,1,1,0.600225,1,0.703525,Vegetation,Vegetation,Vegetation,Vegetation,No Change
4080.0,9,Kolkata,22.555573890136035,88.4482576217007,0,0,0,0,0,0.667807,0,0.751992,Water,Water,Water,Water,No Change
4081.0,9,Kolkata,22.38965505715916,88.2588927598083,1,1,1,1,1,0.78438,1,0.627423,Vegetation,Vegetation,Vegetation,Vegetation,No Change
4082.0,9,Kolkata,22.64226131505357,88.26760641806426,1,1,1,1,1,0.945832,1,0.94424,Vegetation,Vegetation,Vegetation,Vegetation,No Change
4083.0,9,Kolkata,22.733709810976936,88.2407467910691,6,1,3,1,1,0.577215,1,0.933911,Built-up,Vegetation,Vegetation,Vegetation,No Change
4084.0,9,Kolkata,22.74871167622173,88.52757886128846,6,6,3,3,3,0.864746,3,0.772603,Built-up,Built-up,Built-up,Built-up,No Change
4085.0,9,Kolkata,22.552339955113204,88.20732946249984,4,4,2,2,2,0.804295,2,0.754825,Agriculture,Agriculture,Agriculture,Agriculture,No Change
4086.0,9,Kolkata,22.737842061283885,88.36435497416394,0,0,0,0,0,1.0,0,1.0,Water,Water,Water,Water,No Change
4087.0,9,Kolkata,22.35920216902751,88.52919582879987,4,4,2,2,2,0.870977,2,0.854294,Agriculture,Agriculture,Agriculture,Agriculture,No Change
4088.0,9,Kolkata,22.7131383909706,88.4716138190878,6,6,3,3,3,0.843803,3,0.788972,Built-up,Built-up,Built-up,Built-up,No Change
4089.0,9,Kolkata,22.44678790922916,88.35159889712945,6,1,3,1,3,0.815018,1,0.717551,Built-up,Vegetation,Built-up,Vegetation,Vegetation Gain
4090.0,9,Kolkata,22.604262578535312,88.32177482969668,6,6,3,3,3,0.63623,4,0.508004,Built-up,Built-up,Built-up,Barren,Other Change
4091.0,9,Kolkata,22.4635864050422,88.47269179742875,4,4,2,2,2,0.579574,2,0.683551,Agriculture,Agriculture,Agriculture,Agriculture,No Change
4092.0,9,Kolkata,22.74691504565349,88.3978621342616,6,6,3,3,2,0.498368,3,0.783304,Built-up,Built-up,Agriculture,Built-up,Urban Expansion
4093.0,9,Kolkata,22.421185923631757,88.31629510646354,3,3,1,1,1,0.72135,1,0.703497,Vegetation,Vegetation,Vegetation,Vegetation,No Change
4094.0,9,Kolkata,22.615940677228867,88.20688030485779,1,1,1,1,1,0.833337,1,0.741344,Vegetation,Vegetation,Vegetation,Vegetation,No Change
4095.0,9,Kolkata,22.718528282675315,88.34468186944173,6,7,3,4,2,0.604908,2,0.660007,Built-up,Barren,Agriculture,Agriculture,No Change
4096.0,9,Kolkata,22.63911721155915,88.33893265162335,6,6,3,3,3,0.728089,3,0.935066,Built-up,Built-up,Built-up,Built-up,No Change
4097.0,9,Kolkata,22.63031372177478,88.41573860841558,6,0,3,0,3,0.779133,0,0.587063,Built-up,Water,Built-up,Water,Water Gain
4098.0,9,Kolkata,22.51811414278825,88.22888902931872,0,0,0,0,0,1.0,0,1.0,Water,Water,Water,Water,No Change
4099.0,9,Kolkata,22.729847055255224,88.2400281388418,1,1,1,1,1,0.826249,1,0.595108,Vegetation,Vegetation,Vegetation,Vegetation,No Change
4100.0,9,Kolkata,22.568419798698944,88.24721466111475,6,6,3,3,3,0.744816,3,0.901758,Built-up,Built-up,Built-up,Built-up,No Change
4101.0,9,Kolkata,22.69184831873697,88.46784089489451,6,6,3,3,3,0.747964,3,0.853005,Built-up,Built-up,Built-up,Built-up,No Change
4102.0,9,Kolkata,22.730475875954102,88.46352898153073,6,6,3,3,3,0.857262,3,0.864509,Built-up,Built-up,Built-up,Built-up,No Change
4103.0,9,Kolkata,22.473198378582275,88.23814167674514,1,1,1,1,1,0.807868,1,0.684181,Vegetation,Vegetation,Vegetation,Vegetation,No Change
4104.0,9,Kolkata,22.717899461976437,88.44699998030293,4,1,2,1,2,0.713274,1,0.888322,Agriculture,Vegetation,Agriculture,Vegetation,Vegetation Gain
4105.0,9,Kolkata,22.416424852625923,88.47287146048558,1,1,1,1,1,0.627568,1,0.461685,Vegetation,Vegetation,Vegetation,Vegetation,No Change
4106.0,9,Kolkata,22.394505959693404,88.47359011271287,1,1,1,1,1,0.627373,1,0.597136,Vegetation,Vegetation,Vegetation,Vegetation,No Change
4107.0,9,Kolkata,22.637949401689795,88.51248716451525,0,0,0,0,0,0.990603,0,0.822607,Water,Water,Water,Water,No Change
4108.0,9,Kolkata,22.74727437176714,88.45337801882019,6,6,3,3,3,0.885209,3,0.924207,Built-up,Built-up,Built-up,Built-up,No Change
4109.0,9,Kolkata,22.441308185996032,88.22098385481847,4,1,2,1,2,0.755861,1,0.533564,Agriculture,Vegetation,Agriculture,Vegetation,Vegetation Gain
4110.0,9,Kolkata,22.3568665492888,88.40046724858554,6,6,3,3,3,0.819694,3,0.787351,Built-up,Built-up,Built-up,Built-up,No Change
4111.0,9,Kolkata,22.50059699474792,88.42633872876819,1,1,1,1,2,0.548011,2,0.465112,Vegetation,Vegetation,Agriculture,Agriculture,No Change
4112.0,9,Kolkata,22.35399194037961,88.53422639439094,1,1,1,1,1,0.564443,1,0.674854,Vegetation,Vegetation,Vegetation,Vegetation,No Change
4113.0,9,Kolkata,22.68097870379912,88.52380593709516,4,1,2,1,2,0.858152,1,0.871483,Agriculture,Vegetation,Agriculture,Vegetation,Vegetation Gain
4114.0,9,Kolkata,22.710173950533004,88.34126827136207,6,6,3,3,3,0.927408,3,0.839952,Built-up,Built-up,Built-up,Built-up,No Change
4115.0,9,Kolkata,22.47679163971875,88.25664697159802,1,1,1,1,1,0.969563,1,0.794071,Vegetation,Vegetation,Vegetation,Vegetation,No Change
4116.0,9,Kolkata,22.38130072501685,88.52173981194169,4,1,2,1,2,0.752617,1,0.685813,Agriculture,Vegetation,Agriculture,Vegetation,Vegetation Gain
4117.0,9,Kolkata,22.470144106616267,88.29365756130373,6,6,3,3,3,0.574894,3,0.766226,Built-up,Built-up,Built-up,Built-up,No Change
4118.0,9,Kolkata,22.40896883576773,88.32833253127075,3,3,1,1,1,0.718087,1,0.835753,Vegetation,Vegetation,Vegetation,Vegetation,No Change
4119.0,9,Kolkata,22.38058207278955,88.42175732081918,1,6,1,3,1,0.98516,1,0.459622,Vegetation,Built-up,Vegetation,Vegetation,No Change
4120.0,9,Kolkata,22.5635688961647,88.31961887301479,6,7,3,4,3,0.763191,4,0.981784,Built-up,Barren,Built-up,Barren,Other Change
4121.0,9,Kolkata,22.52637864340215,88.31018656253153,7,6,4,3,4,0.987831,3,0.81288,Barren,Built-up,Barren,Built-up,Urban Expansion
4122.0,9,Kolkata,22.54066185641965,88.33569871660053,5,5,1,1,1,0.522534,1,0.509681,Vegetation,Vegetation,Vegetation,Vegetation,No Change
4123.0,9,Kolkata,22.72427750049368,88.2776675492464,1,6,1,3,3,0.67016,3,0.645151,Vegetation,Built-up,Built-up,Built-up,No Change
4124.0,9,Kolkata,22.67945156781612,88.33830383092447,1,6,1,3,1,0.656616,3,0.790647,Vegetation,Built-up,Vegetation,Built-up,Vegetation Loss
4125.0,9,Kolkata,22.68466179646401,88.25125707989329,5,5,1,1,1,0.636178,1,0.92048,Vegetation,Vegetation,Vegetation,Vegetation,No Change
4126.0,9,Kolkata,22.404836585460775,88.26338433622891,3,2,1,1,1,0.842955,1,0.843973,Vegetation,Vegetation,Vegetation,Vegetation,No Change
4127.0,9,Kolkata,22.499878342520624,88.41609793452922,6,6,3,3,3,0.933276,3,0.797331,Built-up,Built-up,Built-up,Built-up,No Change
4128.0,9,Kolkata,22.3583936852718,88.38537555181233,5,5,1,1,1,0.946015,1,0.607798,Vegetation,Vegetation,Vegetation,Vegetation,No Change
4129.0,9,Kolkata,22.46071179613301,88.28197946261018,1,1,1,1,2,0.610639,2,0.727779,Vegetation,Vegetation,Agriculture,Agriculture,No Change
4130.0,9,Kolkata,22.4651135410252,88.44457452903582,1,1,1,1,1,0.989908,1,0.827713,Vegetation,Vegetation,Vegetation,Vegetation,No Change
4131.0,9,Kolkata,22.70433490118623,88.42732687558072,6,6,3,3,1,0.377237,1,0.943379,Built-up,Built-up,Vegetation,Vegetation,No Change
4132.0,9,Kolkata,22.565096032147704,88.26140804260385,6,6,3,3,3,0.813809,3,0.954543,Built-up,Built-up,Built-up,Built-up,No Change
4133.0,9,Kolkata,22.65250210929253,88.25467067797295,1,1,1,1,1,0.850411,1,0.795817,Vegetation,Vegetation,Vegetation,Vegetation,No Change
4134.0,9,Kolkata,22.60471173617737,88.53117212242493,6,1,3,1,3,0.510877,1,0.749595,Built-up,Vegetation,Built-up,Vegetation,Vegetation Gain
4135.0,9,Kolkata,22.630044227189543,88.28108114732606,6,6,3,3,3,0.571032,3,0.474735,Built-up,Built-up,Built-up,Built-up,No Change
4136.0,9,Kolkata,22.50086648933316,88.31324083449753,6,6,3,3,3,0.761273,3,0.692706,Built-up,Built-up,Built-up,Built-up,No Change
4137.0,9,Kolkata,22.368185321868705,88.34540052166902,4,1,2,1,2,0.551957,1,0.803806,Agriculture,Vegetation,Agriculture,Vegetation,Vegetation Gain
4138.0,9,Kolkata,22.533475334146694,88.54635365072656,4,1,2,1,2,0.790042,1,0.605495,Agriculture,Vegetation,Agriculture,Vegetation,Vegetation Gain
4139.0,9,Kolkata,22.71700114669231,88.48652585280419,6,6,3,3,3,0.886705,3,0.764063,Built-up,Built-up,Built-up,Built-up,No Change
4140.0,9,Kolkata,22.749699823034263,88.48293259166772,4,1,2,1,2,0.745008,1,0.800921,Agriculture,Vegetation,Agriculture,Vegetation,Vegetation Gain
4141.0,9,Kolkata,22.503471603657104,88.38151279609062,6,6,3,3,3,0.715566,3,0.912298,Built-up,Built-up,Built-up,Built-up,No Change
4142.0,9,Kolkata,22.68142786144118,88.35914474551605,0,0,0,0,0,1.0,0,1.0,Water,Water,Water,Water,No Change
4143.0,9,Kolkata,22.646303733832102,88.50772609350942,4,4,2,2,2,0.767212,2,0.904777,Agriculture,Agriculture,Agriculture,Agriculture,No Change
4144.0,9,Kolkata,22.56096378184075,88.26212669483114,0,0,0,0,0,1.0,0,0.999823,Water,Water,Water,Water,No Change
4145.0,9,Kolkata,22.569767271625125,88.54240106347643,6,6,3,3,3,0.635288,3,0.50648,Built-up,Built-up,Built-up,Built-up,No Change
4146.0,9,Kolkata,22.401422987381125,88.48706484197467,6,6,3,3,3,0.660639,3,0.461958,Built-up,Built-up,Built-up,Built-up,No Change
4147.0,9,Kolkata,22.397739894716235,88.30865942654853,1,1,1,1,1,0.692231,1,0.67616,Vegetation,Vegetation,Vegetation,Vegetation,No Change
4148.0,9,Kolkata,22.60776600814338,88.50700744128211,1,1,1,1,1,0.975344,1,0.958135,Vegetation,Vegetation,Vegetation,Vegetation,No Change
4149.0,9,Kolkata,22.43519964206402,88.42517091889883,6,6,3,3,3,0.727962,3,0.825106,Built-up,Built-up,Built-up,Built-up,No Change
4150.0,9,Kolkata,22.405195911574427,88.41618776605763,6,6,3,3,3,0.527257,3,0.558949,Built-up,Built-up,Built-up,Built-up,No Change
4151.0,9,Kolkata,22.598693023773773,88.35591081049321,0,0,0,0,0,0.932184,0,0.881839,Water,Water,Water,Water,No Change
4152.0,9,Kolkata,22.36054964195369,88.25970124356401,1,1,1,1,1,0.925634,1,0.723529,Vegetation,Vegetation,Vegetation,Vegetation,No Change
4153.0,9,Kolkata,22.4891883906396,88.46352898153073,4,1,2,1,2,0.827623,1,0.620938,Agriculture,Vegetation,Agriculture,Vegetation,Vegetation Gain
4154.0,9,Kolkata,22.408340015068845,88.5474316290675,4,4,2,2,2,0.789834,2,0.718376,Agriculture,Agriculture,Agriculture,Agriculture,No Change
4155.0,9,Kolkata,22.742692963818133,88.22179233857418,4,4,2,2,2,0.786719,2,0.759389,Agriculture,Agriculture,Agriculture,Agriculture,No Change
4156.0,9,Kolkata,22.519731110299663,88.26886405946203,1,1,1,1,1,0.639834,1,0.547543,Vegetation,Vegetation,Vegetation,Vegetation,No Change
4157.0,9,Kolkata,22.47364753622433,88.40028758552872,6,6,3,3,3,0.591993,3,0.530572,Built-up,Built-up,Built-up,Built-up,No Change
4158.0,9,Kolkata,22.385522806852208,88.25161640600695,6,6,3,3,3,0.353567,3,0.86919,Built-up,Built-up,Built-up,Built-up,No Change
4159.0,9,Kolkata,22.71134176040236,88.26302501011526,1,1,1,1,1,0.886627,1,0.804237,Vegetation,Vegetation,Vegetation,Vegetation,No Change
4160.0,9,Kolkata,22.35776486457292,88.49973108748075,1,4,1,2,1,0.515471,2,0.646062,Vegetation,Agriculture,Vegetation,Agriculture,Agriculture Gain
4161.0,9,Kolkata,22.51514970235065,88.32312230262285,6,6,3,3,3,0.751021,3,0.759164,Built-up,Built-up,Built-up,Built-up,No Change
4162.0,9,Kolkata,22.63255950998508,88.49362254354874,6,1,3,1,3,0.733245,1,0.578568,Built-up,Vegetation,Built-up,Vegetation,Vegetation Gain
4163.0,9,Kolkata,22.571114744551306,88.33003933031057,6,6,3,3,3,0.857546,3,0.9093,Built-up,Built-up,Built-up,Built-up,No Change
4164.0,9,Kolkata,22.382648197943027,88.52380593709516,4,4,2,2,2,0.842162,2,0.698664,Agriculture,Agriculture,Agriculture,Agriculture,No Change
4165.0,9,Kolkata,22.45172864329182,88.28988463711043,6,6,3,3,3,0.929398,3,0.834603,Built-up,Built-up,Built-up,Built-up,No Change
4166.0,9,Kolkata,22.401602650437948,88.4339744086832,6,6,3,3,3,0.818449,3,0.97436,Built-up,Built-up,Built-up,Built-up,No Change
4167.0,9,Kolkata,22.65205295165047,88.22143301246052,4,1,2,1,2,0.577602,1,0.705515,Agriculture,Vegetation,Agriculture,Vegetation,Vegetation Gain
4168.0,9,Kolkata,22.618096633910756,88.24326207386463,6,6,3,3,3,0.734987,3,0.880976,Built-up,Built-up,Built-up,Built-up,No Change
4169.0,9,Kolkata,22.510837788986883,88.21379733254551,6,0,3,0,3,0.729337,0,0.63511,Built-up,Water,Built-up,Water,Water Gain
4170.0,9,Kolkata,22.50850216924817,88.32914101502645,6,6,3,3,3,0.510451,3,0.943477,Built-up,Built-up,Built-up,Built-up,No Change
4171.0,9,Kolkata,22.743411616045428,88.31961887301479,6,6,3,3,3,0.574377,3,0.665144,Built-up,Built-up,Built-up,Built-up,No Change
4172.0,9,Kolkata,22.52125824628267,88.47017651463322,6,1,3,1,3,0.438023,1,0.501857,Built-up,Vegetation,Built-up,Vegetation,Vegetation Gain
4173.0,9,Kolkata,22.70074164004975,88.39956893330142,6,6,3,3,3,0.830503,3,0.888544,Built-up,Built-up,Built-up,Built-up,No Change
4174.0,9,Kolkata,22.65088514178112,88.2212533494037,3,3,1,1,1,0.890162,1,0.650327,Vegetation,Vegetation,Vegetation,Vegetation,No Change
4175.0,9,Kolkata,22.408789172710904,88.49613782634427,4,1,2,1,2,0.833445,1,0.660806,Agriculture,Vegetation,Agriculture,Vegetation,Vegetation Gain
4176.0,9,Kolkata,22.622947536445,88.22296014844353,1,1,1,1,1,0.916484,1,0.798638,Vegetation,Vegetation,Vegetation,Vegetation,No Change
4177.0,9,Kolkata,22.39396697052293,88.39813162884684,1,1,1,1,1,0.978793,1,0.903365,Vegetation,Vegetation,Vegetation,Vegetation,No Change
4178.0,9,Kolkata,22.50598688645264,88.50700744128211,0,1,0,1,2,0.56352,1,0.427189,Water,Vegetation,Agriculture,Vegetation,Vegetation Gain
4179.0,9,Kolkata,22.387678763534097,88.32249348192397,4,4,2,2,2,0.778498,2,0.600189,Agriculture,Agriculture,Agriculture,Agriculture,No Change
4180.0,9,Kolkata,22.594021784296352,88.33965130385066,6,6,3,3,3,0.824021,3,0.794558,Built-up,Built-up,Built-up,Built-up,No Change
4181.0,9,Kolkata,22.749699823034263,88.29275924601961,4,4,2,2,2,0.569864,2,0.658248,Agriculture,Agriculture,Agriculture,Agriculture,No Change
4182.0,9,Kolkata,22.60578971451832,88.33866315703813,6,6,3,3,3,0.530859,3,0.846215,Built-up,Built-up,Built-up,Built-up,No Change
4183.0,9,Kolkata,22.60291510560913,88.4437660452801,6,7,3,4,3,0.908296,3,0.852128,Built-up,Barren,Built-up,Built-up,No Change
4184.0,9,Kolkata,22.62402551478594,88.33435124367435,6,6,3,3,3,0.633979,3,0.451617,Built-up,Built-up,Built-up,Built-up,No Change
4185.0,9,Kolkata,22.705682374112406,88.30192206191764,6,7,3,4,3,0.63679,4,0.992527,Built-up,Barren,Built-up,Barren,Other Change
4186.0,9,Kolkata,22.735057283903117,88.42948283226261,1,1,1,1,1,0.918701,1,0.935114,Vegetation,Vegetation,Vegetation,Vegetation,No Change
4187.0,9,Kolkata,22.602016790325013,88.43559137619462,6,6,3,3,3,0.807952,3,0.946396,Built-up,Built-up,Built-up,Built-up,No Change
4188.0,9,Kolkata,22.61567118264363,88.48023764581536,4,4,2,2,2,0.822273,2,0.774591,Agriculture,Agriculture,Agriculture,Agriculture,No Change
4189.0,9,Kolkata,22.71322822249901,88.42759637016596,4,4,2,2,2,0.821728,2,0.839634,Agriculture,Agriculture,Agriculture,Agriculture,No Change
4190.0,9,Kolkata,22.38121089348844,88.20427519053383,5,1,1,1,1,0.888226,1,0.78961,Vegetation,Vegetation,Vegetation,Vegetation,No Change
4191.0,9,Kolkata,22.466640677008204,88.46918836782069,3,0,1,0,1,0.721843,0,0.996353,Vegetation,Water,Vegetation,Water,Water Gain
4192.0,9,Kolkata,22.363603913919693,88.28575238680348,6,6,3,3,3,0.572661,3,0.654046,Built-up,Built-up,Built-up,Built-up,No Change
4193.0,9,Kolkata,22.364053071561752,88.20948541918173,1,1,1,1,1,0.760202,1,0.732559,Vegetation,Vegetation,Vegetation,Vegetation,No Change
4194.0,9,Kolkata,22.44831504521217,88.38187212220427,6,0,3,0,1,0.599005,0,0.843814,Built-up,Water,Vegetation,Water,Water Gain
4195.0,9,Kolkata,22.699214504066745,88.4955988371738,1,1,1,1,1,0.78148,1,0.913714,Vegetation,Vegetation,Vegetation,Vegetation,No Change
4196.0,9,Kolkata,22.57425884804572,88.29509486575833,6,0,3,0,3,0.528355,3,0.604344,Built-up,Water,Built-up,Built-up,No Change
4197.0,9,Kolkata,22.401872145023184,88.48077663498583,6,6,3,3,3,0.73779,3,0.781367,Built-up,Built-up,Built-up,Built-up,No Change
4198.0,9,Kolkata,22.61099994316621,88.50521081071388,4,1,2,1,2,0.853945,1,0.615224,Agriculture,Vegetation,Agriculture,Vegetation,Vegetation Gain
4199.0,9,Kolkata,22.56320957005105,88.22044486564799,6,6,3,3,3,0.744781,3,0.809156,Built-up,Built-up,Built-up,Built-up,No Change
4200.0,9,Kolkata,22.699573830180395,88.4849987168212,4,1,2,1,1,0.471791,1,0.430978,Agriculture,Vegetation,Vegetation,Vegetation,No Change
4201.0,9,Kolkata,22.5222463930952,88.32393078637857,6,6,3,3,3,0.371301,1,0.522742,Built-up,Built-up,Built-up,Vegetation,Vegetation Gain
4202.0,9,Kolkata,22.451009991064524,88.35114973948738,6,6,3,3,3,0.869287,3,0.921903,Built-up,Built-up,Built-up,Built-up,No Change
4203.0,9,Kolkata,22.726613120232397,88.20634131568731,6,6,3,3,3,0.679246,3,0.804308,Built-up,Built-up,Built-up,Built-up,No Change
4204.0,9,Kolkata,22.44148784905285,88.42750653863754,6,6,3,3,3,0.83328,3,0.914357,Built-up,Built-up,Built-up,Built-up,No Change
4205.0,9,Kolkata,22.4876612546566,88.303089871787,6,6,3,3,3,0.81274,3,0.861798,Built-up,Built-up,Built-up,Built-up,No Change
4206.0,9,Kolkata,22.55350776498256,88.50736676739577,5,1,1,1,1,0.77562,1,0.787226,Vegetation,Vegetation,Vegetation,Vegetation,No Change
4207.0,9,Kolkata,22.62079157976311,88.46065437262155,6,6,3,3,3,0.817184,3,0.83171,Built-up,Built-up,Built-up,Built-up,No Change
4208.0,9,Kolkata,22.68097870379912,88.20517350581797,4,4,2,2,2,0.819035,2,0.766842,Agriculture,Agriculture,Agriculture,Agriculture,No Change
4209.0,9,Kolkata,22.397111074017356,88.43145912588767,6,6,3,3,3,0.557681,3,0.786573,Built-up,Built-up,Built-up,Built-up,No Change
4210.0,9,Kolkata,22.40492641698919,88.45526448091684,1,1,1,1,1,0.741653,1,0.690201,Vegetation,Vegetation,Vegetation,Vegetation,No Change
4211.0,9,Kolkata,22.596986224733943,88.24335190539304,6,6,3,3,1,0.519051,1,0.586096,Built-up,Built-up,Vegetation,Vegetation,No Change
4212.0,9,Kolkata,22.58620644132451,88.53144161701017,6,6,3,3,2,0.699409,3,0.559036,Built-up,Built-up,Agriculture,Built-up,Urban Expansion
4213.0,9,Kolkata,22.65798183252566,88.5443773571015,4,1,2,1,1,0.809055,2,0.630036,Agriculture,Vegetation,Vegetation,Agriculture,Agriculture Gain
4214.0,9,Kolkata,22.573540195818424,88.23373993185297,6,6,3,3,3,0.568699,3,0.337759,Built-up,Built-up,Built-up,Built-up,No Change
4215.0,9,Kolkata,22.50095632086157,88.49748529927045,0,6,0,3,0,0.725892,1,0.446373,Water,Built-up,Water,Vegetation,Water Loss
4216.0,9,Kolkata,22.71071293970348,88.5422214004196,6,6,3,3,3,0.776271,3,0.788759,Built-up,Built-up,Built-up,Built-up,No Change
4217.0,9,Kolkata,22.71367738014107,88.29204059379232,3,6,1,3,1,0.714074,3,0.756924,Vegetation,Built-up,Vegetation,Built-up,Vegetation Loss
4218.0,9,Kolkata,22.48909855911119,88.39741297661953,6,6,3,3,3,0.854574,3,0.807188,Built-up,Built-up,Built-up,Built-up,No Change
4219.0,9,Kolkata,22.67118706720222,88.36210918595364,6,6,3,3,3,0.654907,3,0.893298,Built-up,Built-up,Built-up,Built-up,No Change
4220.0,9,Kolkata,22.487032433957715,88.35635996813528,6,6,3,3,3,0.835039,3,0.951289,Built-up,Built-up,Built-up,Built-up,No Change
4221.0,9,Kolkata,22.46870680216168,88.25323337351836,1,1,1,1,1,0.923457,1,0.941452,Vegetation,Vegetation,Vegetation,Vegetation,No Change
4222.0,9,Kolkata,22.433313179967367,88.49191574450892,4,4,2,2,1,0.917096,2,0.446655,Agriculture,Agriculture,Vegetation,Agriculture,Agriculture Gain
4223.0,9,Kolkata,22.560155298085043,88.36049221844223,6,6,3,3,3,0.884418,3,0.809702,Built-up,Built-up,Built-up,Built-up,No Change
4224.0,9,Kolkata,22.59626757250665,88.22924835543236,6,6,3,3,3,0.702222,3,0.67613,Built-up,Built-up,Built-up,Built-up,No Change
4225.0,9,Kolkata,22.362166609465103,88.420409847893,6,1,3,1,3,0.57387,1,0.610084,Built-up,Vegetation,Built-up,Vegetation,Vegetation Gain
4226.0,9,Kolkata,22.43852340861526,88.48454955917913,4,4,2,2,2,0.834095,2,0.77972,Agriculture,Agriculture,Agriculture,Agriculture,No Change
4227.0,9,Kolkata,22.46071179613301,88.28296760942271,1,1,1,1,1,0.857332,1,0.798388,Vegetation,Vegetation,Vegetation,Vegetation,No Change
4228.0,9,Kolkata,22.49224266260561,88.47763253149141,3,0,1,0,3,0.680842,0,0.94586,Vegetation,Water,Built-up,Water,Water Gain
4229.0,9,Kolkata,22.42837244590471,88.2370636984042,6,6,3,3,1,0.38901,1,0.42702,Built-up,Built-up,Vegetation,Vegetation,No Change
4230.0,9,Kolkata,22.456130388184004,88.44628132807564,4,1,2,1,2,0.734454,1,0.614646,Agriculture,Vegetation,Agriculture,Vegetation,Vegetation Gain
4231.0,9,Kolkata,22.49224266260561,88.3948078622956,6,6,3,3,3,0.742842,3,0.910265,Built-up,Built-up,Built-up,Built-up,No Change
4232.0,9,Kolkata,22.445979425473453,88.39741297661953,6,6,3,3,3,0.59892,3,0.796231,Built-up,Built-up,Built-up,Built-up,No Change
4233.0,9,Kolkata,22.694094106947265,88.22978734460284,6,6,3,3,3,0.348062,3,0.472456,Built-up,Built-up,Built-up,Built-up,No Change
4234.0,9,Kolkata,22.54299747615836,88.3430649019303,1,1,1,1,1,0.671213,1,0.758995,Vegetation,Vegetation,Vegetation,Vegetation,No Change
4235.0,9,Kolkata,22.61710848709822,88.20867693542603,6,6,3,3,3,0.735525,3,0.711775,Built-up,Built-up,Built-up,Built-up,No Change
4236.0,9,Kolkata,22.49287148330449,88.23823150827356,1,1,1,1,1,0.536172,1,0.672085,Vegetation,Vegetation,Vegetation,Vegetation,No Change
4237.0,9,Kolkata,22.53033123065228,88.31431881283848,6,7,3,4,3,0.493125,3,0.735399,Built-up,Barren,Built-up,Built-up,No Change
4238.0,9,Kolkata,22.670917572616982,88.21739059368198,1,4,1,2,1,0.630735,2,0.817466,Vegetation,Agriculture,Vegetation,Agriculture,Agriculture Gain
4239.0,9,Kolkata,22.692656802492674,88.34575984778266,6,0,3,0,3,0.522893,3,0.460589,Built-up,Water,Built-up,Built-up,No Change
4240.0,9,Kolkata,22.545602590482307,88.38896881294882,6,6,3,3,3,0.63868,3,0.683155,Built-up,Built-up,Built-up,Built-up,No Change
4241.0,9,Kolkata,22.593392963597463,88.39426887312511,0,0,0,0,0,0.955784,0,0.899067,Water,Water,Water,Water,No Change
4242.0,9,Kolkata,22.64378845103657,88.41798439662587,6,6,3,3,3,0.783228,3,0.892774,Built-up,Built-up,Built-up,Built-up,No Change
4243.0,9,Kolkata,22.39989585139812,88.49955142442393,3,0,1,0,0,0.722843,0,0.991493,Vegetation,Water,Water,Water,No Change
4244.0,9,Kolkata,22.45316594774641,88.33677669494148,6,1,3,1,3,0.515184,1,0.648858,Built-up,Vegetation,Built-up,Vegetation,Vegetation Gain
4245.0,9,Kolkata,22.64603423924687,88.31440864436689,1,1,1,1,1,0.620064,2,0.419935,Vegetation,Vegetation,Vegetation,Agriculture,Agriculture Gain
4246.0,9,Kolkata,22.523054876850907,88.36579227861853,6,6,3,3,3,0.497735,3,0.937678,Built-up,Built-up,Built-up,Built-up,No Change
4247.0,9,Kolkata,22.596537067091884,88.30147290427557,6,6,3,3,3,0.84272,3,0.807882,Built-up,Built-up,Built-up,Built-up,No Change
4248.0,9,Kolkata,22.66678532231003,88.46972735699116,4,1,2,1,2,0.379286,2,0.516911,Agriculture,Vegetation,Agriculture,Agriculture,No Change
4249.0,9,Kolkata,22.620072927535816,88.40127573234125,6,6,3,3,3,0.903479,3,0.983022,Built-up,Built-up,Built-up,Built-up,No Change
4250.0,9,Kolkata,22.5147005447086,88.4858072005769,0,0,0,0,0,0.691025,0,0.767608,Water,Water,Water,Water,No Change
4251.0,9,Kolkata,22.52161757239632,88.48365124389501,0,0,0,0,0,0.776624,0,0.950388,Water,Water,Water,Water,No Change
4252.0,9,Kolkata,22.702268776032756,88.32375112332174,6,1,3,1,3,0.849463,1,0.561306,Built-up,Vegetation,Built-up,Vegetation,Vegetation Gain
4253.0,9,Kolkata,22.66570734396909,88.54689263989702,4,1,2,1,2,0.839421,1,0.792755,Agriculture,Vegetation,Agriculture,Vegetation,Vegetation Gain
4254.0,9,Kolkata,22.49439861928749,88.50062940276487,4,4,2,2,2,0.874776,2,0.76675,Agriculture,Agriculture,Agriculture,Agriculture,No Change
4255.0,9,Kolkata,22.5252108335328,88.39732314509112,6,6,3,3,3,0.601345,3,0.842612,Built-up,Built-up,Built-up,Built-up,No Change
4256.0,9,Kolkata,22.67001925733286,88.23832133980197,5,5,1,1,1,0.9261,1,0.47431,Vegetation,Vegetation,Vegetation,Vegetation,No Change
4257.0,9,Kolkata,22.458016850280654,88.47862067830394,4,6,2,3,2,0.876209,3,0.641444,Agriculture,Built-up,Agriculture,Built-up,Urban Expansion
4258.0,9,Kolkata,22.742513300761303,88.30425768165634,0,0,0,0,0,0.950699,0,0.890481,Water,Water,Water,Water,No Change
4259.0,9,Kolkata,22.493500304003376,88.21532446852851,1,1,1,1,1,0.706631,1,0.693005,Vegetation,Vegetation,Vegetation,Vegetation,No Change
4260.0,9,Kolkata,22.5733605327616,88.23679420381897,6,6,3,3,3,0.557089,3,0.558641,Built-up,Built-up,Built-up,Built-up,No Change
4261.0,9,Kolkata,22.735596273073583,88.49173608145209,6,6,3,3,3,0.781494,3,0.679276,Built-up,Built-up,Built-up,Built-up,No Change
4262.0,9,Kolkata,22.562041760181696,88.36983469739707,6,6,3,3,1,0.42153,1,0.698664,Built-up,Built-up,Vegetation,Vegetation,No Change
4263.0,9,Kolkata,22.53581095388541,88.4024435422106,6,6,3,3,3,0.90479,3,0.79874,Built-up,Built-up,Built-up,Built-up,No Change
4264.0,9,Kolkata,22.55126197677226,88.35420401145339,6,6,3,3,3,0.591444,3,0.616496,Built-up,Built-up,Built-up,Built-up,No Change
4265.0,9,Kolkata,22.566353673545468,88.53287892146476,4,4,2,2,2,0.593681,2,0.563356,Agriculture,Agriculture,Agriculture,Agriculture,No Change
4266.0,9,Kolkata,22.64271047269563,88.42032001636458,6,6,3,3,3,0.798184,3,0.936207,Built-up,Built-up,Built-up,Built-up,No Change
4267.0,9,Kolkata,22.6251933246553,88.28692019667284,1,1,1,1,1,0.815966,1,0.6812,Vegetation,Vegetation,Vegetation,Vegetation,No Change
4268.0,9,Kolkata,22.704784058828288,88.29707115938339,6,6,3,3,3,0.818576,3,0.951032,Built-up,Built-up,Built-up,Built-up,No Change
4269.0,9,Kolkata,22.428192782847887,88.33794450481082,4,1,2,1,2,0.923356,1,0.608187,Agriculture,Vegetation,Agriculture,Vegetation,Vegetation Gain
4270.0,9,Kolkata,22.423072385728407,88.47098499838893,4,4,2,2,2,0.769937,2,0.750095,Agriculture,Agriculture,Agriculture,Agriculture,No Change
4271.0,9,Kolkata,22.39010421480122,88.38106363844857,3,3,1,1,1,0.810482,1,0.693069,Vegetation,Vegetation,Vegetation,Vegetation,No Change
4272.0,9,Kolkata,22.558358667516806,88.37720088272685,6,6,3,3,3,0.653472,3,0.571601,Built-up,Built-up,Built-up,Built-up,No Change
4273.0,9,Kolkata,22.432594527740072,88.38232127984634,6,6,3,3,3,0.896858,3,0.844736,Built-up,Built-up,Built-up,Built-up,No Change
4274.0,9,Kolkata,22.74215397464766,88.49173608145209,1,1,1,1,1,0.862018,1,0.944527,Vegetation,Vegetation,Vegetation,Vegetation,No Change
4275.0,9,Kolkata,22.732182674993933,88.41501995618827,1,1,1,1,1,0.924765,1,0.951495,Vegetation,Vegetation,Vegetation,Vegetation,No Change
4276.0,9,Kolkata,22.56563502131817,88.23131448058584,6,6,3,3,3,0.745008,3,0.796958,Built-up,Built-up,Built-up,Built-up,No Change
4277.0,9,Kolkata,22.43340301149578,88.42894384309213,6,6,3,3,3,0.485038,3,0.65188,Built-up,Built-up,Built-up,Built-up,No Change
4278.0,9,Kolkata,22.73101486512458,88.51033120783336,0,1,0,1,0,0.593276,1,0.736022,Water,Vegetation,Water,Vegetation,Water Loss
4279.0,9,Kolkata,22.70199928144752,88.54653331378339,4,4,2,2,2,0.852356,2,0.972467,Agriculture,Agriculture,Agriculture,Agriculture,No Change
4280.0,9,Kolkata,22.35920216902751,88.44340671916646,1,1,1,1,1,0.949388,1,0.800617,Vegetation,Vegetation,Vegetation,Vegetation,No Change
4281.0,9,Kolkata,22.54156017170377,88.21900756119341,1,1,1,1,1,0.699122,1,0.806493,Vegetation,Vegetation,Vegetation,Vegetation,No Change
4282.0,9,Kolkata,22.39288899218199,88.48311225472455,6,6,3,3,3,0.616223,3,0.895408,Built-up,Built-up,Built-up,Built-up,No Change
4283.0,9,Kolkata,22.590967512330344,88.48463939070754,6,6,3,3,3,0.799658,3,0.715305,Built-up,Built-up,Built-up,Built-up,No Change
4284.0,9,Kolkata,22.727241940931275,88.3339919175607,6,6,3,3,3,0.817884,3,0.882843,Built-up,Built-up,Built-up,Built-up,No Change
4285.0,9,Kolkata,22.3899245517444,88.5481502812948,4,0,2,0,2,0.658703,0,0.709579,Agriculture,Water,Agriculture,Water,Water Gain
4286.0,9,Kolkata,22.43897256625732,88.53638235107283,4,1,2,1,2,0.717553,1,0.824875,Agriculture,Vegetation,Agriculture,Vegetation,Vegetation Gain
4287.0,9,Kolkata,22.61638983487093,88.24020780189862,6,6,3,3,3,0.466515,3,0.384507,Built-up,Built-up,Built-up,Built-up,No Change
4288.0,9,Kolkata,22.7461963934262,88.48544787446325,6,6,3,3,3,0.801616,3,0.891763,Built-up,Built-up,Built-up,Built-up,No Change
4289.0,9,Kolkata,22.48811041229866,88.24595701971698,1,1,1,1,1,0.870526,1,0.740999,Vegetation,Vegetation,Vegetation,Vegetation,No Change
4290.0,9,Kolkata,22.50293261448663,88.26823523876315,1,1,1,1,1,0.869248,1,0.616898,Vegetation,Vegetation,Vegetation,Vegetation,No Change
4291.0,9,Kolkata,22.56096378184075,88.52317711639627,4,4,2,2,2,0.891737,2,0.811095,Agriculture,Agriculture,Agriculture,Agriculture,No Change
4292.0,9,Kolkata,22.55404675415303,88.50269552791835,4,4,2,2,2,0.735015,2,0.846663,Agriculture,Agriculture,Agriculture,Agriculture,No Change
4293.0,9,Kolkata,22.46574236172408,88.27640990784865,1,1,1,1,1,0.820413,1,0.632215,Vegetation,Vegetation,Vegetation,Vegetation,No Change
4294.0,9,Kolkata,22.37141925689153,88.25763511841055,1,1,1,1,1,0.922371,1,0.937087,Vegetation,Vegetation,Vegetation,Vegetation,No Change
4295.0,9,Kolkata,22.694094106947265,88.46029504650791,6,6,3,3,3,0.562389,3,0.491088,Built-up,Built-up,Built-up,Built-up,No Change
4296.0,9,Kolkata,22.697148378913276,88.3768415566132,6,0,3,0,3,0.859694,0,0.635042,Built-up,Water,Built-up,Water,Water Gain
4297.0,9,Kolkata,22.49619524985573,88.47655455315046,0,0,0,0,0,0.871554,0,0.85406,Water,Water,Water,Water,No Change
4298.0,9,Kolkata,22.62357635714388,88.26122837954702,6,1,3,1,3,0.834134,1,0.659607,Built-up,Vegetation,Built-up,Vegetation,Vegetation Gain
4299.0,9,Kolkata,22.719696092544677,88.32923084655486,6,6,3,3,3,0.786555,3,0.74075,Built-up,Built-up,Built-up,Built-up,No Change
4300.0,9,Kolkata,22.540392361834414,88.49928192983869,4,1,2,1,2,0.700145,1,0.52896,Agriculture,Vegetation,Agriculture,Vegetation,Vegetation Gain
4301.0,9,Kolkata,22.713767211669484,88.37064318115277,6,6,3,3,3,0.616926,3,0.673078,Built-up,Built-up,Built-up,Built-up,No Change
4302.0,9,Kolkata,22.583601327000565,88.37351779006195,6,6,3,3,3,0.949161,3,0.942218,Built-up,Built-up,Built-up,Built-up,No Change
4303.0,9,Kolkata,22.739818354908948,88.21703126756834,4,1,2,1,2,0.9131,1,0.596095,Agriculture,Vegetation,Agriculture,Vegetation,Vegetation Gain
4304.0,9,Kolkata,22.682595671310537,88.5128464906289,1,1,1,1,1,0.928067,1,0.883467,Vegetation,Vegetation,Vegetation,Vegetation,No Change
4305.0,9,Kolkata,22.515868354577957,88.41421147243257,4,1,2,1,2,0.729077,1,0.57369,Agriculture,Vegetation,Agriculture,Vegetation,Vegetation Gain
4306.0,9,Kolkata,22.56141293948281,88.28575238680348,6,6,3,3,3,0.849692,3,0.712254,Built-up,Built-up,Built-up,Built-up,No Change
4307.0,9,Kolkata,22.43142671787072,88.33668686341306,1,1,1,1,1,0.820602,1,0.870979,Vegetation,Vegetation,Vegetation,Vegetation,No Change
4308.0,9,Kolkata,22.42918092966042,88.51590076259491,1,1,1,1,1,0.718071,1,0.670582,Vegetation,Vegetation,Vegetation,Vegetation,No Change
4309.0,9,Kolkata,22.61288640526286,88.21640244686945,6,1,3,1,3,0.557586,1,0.687822,Built-up,Vegetation,Built-up,Vegetation,Vegetation Gain
4310.0,9,Kolkata,22.53401432331717,88.36956520281183,6,6,3,3,3,0.773564,3,0.573894,Built-up,Built-up,Built-up,Built-up,No Change
4311.0,9,Kolkata,22.56213159171011,88.24110611718274,0,0,0,0,0,1.0,0,1.0,Water,Water,Water,Water,No Change
4312.0,9,Kolkata,22.551351808300677,88.29922711606527,0,0,0,0,0,1.0,0,0.999344,Water,Water,Water,Water,No Change
4313.0,9,Kolkata,22.54021269877759,88.25673680312642,1,1,1,1,1,0.664259,1,0.84278,Vegetation,Vegetation,Vegetation,Vegetation,No Change
4314.0,9,Kolkata,22.409777319523435,88.33605804271417,1,1,1,1,1,0.767135,1,0.636989,Vegetation,Vegetation,Vegetation,Vegetation,No Change
4315.0,9,Kolkata,22.617377981683457,88.52021267595867,4,4,2,2,2,0.829967,2,0.7776,Agriculture,Agriculture,Agriculture,Agriculture,No Change
4316.0,9,Kolkata,22.508322506191348,88.44619149654723,0,0,0,0,0,0.719812,0,0.71049,Water,Water,Water,Water,No Change
4317.0,9,Kolkata,22.614144046660627,88.22475677901177,6,6,3,3,3,0.838235,3,0.906274,Built-up,Built-up,Built-up,Built-up,No Change
4318.0,9,Kolkata,22.42100626057493,88.26006056967766,1,1,1,1,1,0.927176,1,0.680038,Vegetation,Vegetation,Vegetation,Vegetation,No Change
4319.0,9,Kolkata,22.46906612827533,88.37127200185166,6,6,3,3,3,0.551433,3,0.857726,Built-up,Built-up,Built-up,Built-up,No Change
4320.0,9,Kolkata,22.644776597849106,88.44762880100183,5,5,1,1,2,0.446457,3,0.439938,Vegetation,Vegetation,Agriculture,Built-up,Urban Expansion
4321.0,9,Kolkata,22.49376979858861,88.24442988373399,6,6,3,3,3,0.863111,3,0.775767,Built-up,Built-up,Built-up,Built-up,No Change
4322.0,9,Kolkata,22.61504236194475,88.2610487164902,6,6,3,3,3,0.773265,3,0.898609,Built-up,Built-up,Built-up,Built-up,No Change
4323.0,9,Kolkata,22.519192121129198,88.45903740511014,6,1,3,1,3,0.73528,1,0.489214,Built-up,Vegetation,Built-up,Vegetation,Vegetation Gain
4324.0,9,Kolkata,22.462777921286488,88.24092645412591,6,6,3,3,3,0.803847,3,0.849739,Built-up,Built-up,Built-up,Built-up,No Change
4325.0,9,Kolkata,22.59716588779077,88.44888644239958,6,6,3,3,3,0.896368,3,0.93952,Built-up,Built-up,Built-up,Built-up,No Change
4326.0,9,Kolkata,22.41965878764875,88.48302242319613,4,1,2,1,2,0.611498,1,0.723054,Agriculture,Vegetation,Agriculture,Vegetation,Vegetation Gain
4327.0,9,Kolkata,22.408340015068845,88.53305858452158,4,1,2,1,2,0.443562,2,0.416828,Agriculture,Vegetation,Agriculture,Agriculture,No Change
4328.0,9,Kolkata,22.35551907636262,88.44304739305281,6,6,3,3,3,0.507877,3,0.550154,Built-up,Built-up,Built-up,Built-up,No Change
4329.0,9,Kolkata,22.35938183208433,88.43505238702414,6,6,3,3,3,0.771479,3,0.844692,Built-up,Built-up,Built-up,Built-up,No Change
4330.0,9,Kolkata,22.48227136295188,88.54482651474355,4,4,2,2,1,0.378573,1,0.511016,Agriculture,Agriculture,Vegetation,Vegetation,No Change
4331.0,9,Kolkata,22.39432629663658,88.40630629793232,1,1,1,1,1,0.89575,1,0.855312,Vegetation,Vegetation,Vegetation,Vegetation,No Change
4332.0,9,Kolkata,22.624115346314355,88.42984215837625,6,6,3,3,3,0.870683,3,0.882555,Built-up,Built-up,Built-up,Built-up,No Change
4333.0,9,Kolkata,22.378426116107665,88.3038983555427,4,1,2,1,2,0.783804,1,0.839876,Agriculture,Vegetation,Agriculture,Vegetation,Vegetation Gain
4334.0,9,Kolkata,22.380671904317964,88.29195076226391,5,2,1,1,1,0.729255,1,0.728164,Vegetation,Vegetation,Vegetation,Vegetation,No Change
4335.0,9,Kolkata,22.72607413106192,88.38645353015328,6,6,3,3,3,0.413299,3,0.427689,Built-up,Built-up,Built-up,Built-up,No Change
4336.0,9,Kolkata,22.36629885977205,88.4970361416284,1,1,1,1,1,0.788764,1,0.863251,Vegetation,Vegetation,Vegetation,Vegetation,No Change
4337.0,9,Kolkata,22.58108604420503,88.4813156241563,6,6,3,3,3,0.564092,3,0.680215,Built-up,Built-up,Built-up,Built-up,No Change
4338.0,9,Kolkata,22.61010162788209,88.44268806693916,6,6,3,3,3,0.95336,3,0.940672,Built-up,Built-up,Built-up,Built-up,No Change
4339.0,9,Kolkata,22.56320957005105,88.50862440879354,0,0,0,0,0,0.989648,0,0.905166,Water,Water,Water,Water,No Change
4340.0,9,Kolkata,22.40357894406301,88.22565509429589,4,4,2,2,2,0.790097,2,0.734833,Agriculture,Agriculture,Agriculture,Agriculture,No Change
4341.0,9,Kolkata,22.66921077357716,88.51419396355507,1,1,1,1,1,0.985009,1,0.845156,Vegetation,Vegetation,Vegetation,Vegetation,No Change
4342.0,9,Kolkata,22.74583706731255,88.33632753729941,6,6,3,3,3,0.830699,3,0.862412,Built-up,Built-up,Built-up,Built-up,No Change
4343.0,9,Kolkata,22.62456450395641,88.35609047355004,6,6,3,3,3,0.531895,3,0.497041,Built-up,Built-up,Built-up,Built-up,No Change
4344.0,9,Kolkata,22.705682374112406,88.48571736904849,6,6,3,3,3,0.701102,3,0.660895,Built-up,Built-up,Built-up,Built-up,No Change
4345.0,9,Kolkata,22.5282651054988,88.28925581641155,6,6,3,3,3,0.932599,3,0.89976,Built-up,Built-up,Built-up,Built-up,No Change
4346.0,9,Kolkata,22.35794452762974,88.52569239919181,5,4,1,2,1,0.768946,2,0.861198,Vegetation,Agriculture,Vegetation,Agriculture,Agriculture Gain
4347.0,9,Kolkata,22.666425996196384,88.20283788607925,4,4,2,2,2,0.736059,2,0.874956,Agriculture,Agriculture,Agriculture,Agriculture,No Change
4348.0,9,Kolkata,22.439421723899382,88.43092013671719,6,6,3,3,3,0.63746,3,0.919533,Built-up,Built-up,Built-up,Built-up,No Change
4349.0,9,Kolkata,22.72526564730621,88.51410413202666,1,1,1,1,1,0.487543,1,0.671072,Vegetation,Vegetation,Vegetation,Vegetation,No Change
4350.0,9,Kolkata,22.59240481678493,88.54365870487419,3,1,1,1,1,0.796866,1,0.854945,Vegetation,Vegetation,Vegetation,Vegetation,No Change
4351.0,9,Kolkata,22.496285081384148,88.44915593698482,3,3,1,1,0,0.505694,1,0.788999,Vegetation,Vegetation,Water,Vegetation,Water Loss
4352.0,9,Kolkata,22.62330686255865,88.53889763386836,0,0,0,0,0,0.861303,0,0.865377,Water,Water,Water,Water,No Change
4353.0,9,Kolkata,22.63642226570679,88.4121453472791,6,6,3,3,3,0.833699,3,0.874994,Built-up,Built-up,Built-up,Built-up,No Change
4354.0,9,Kolkata,22.43996071306985,88.40720461321644,1,6,1,3,1,0.781408,1,0.689228,Vegetation,Built-up,Vegetation,Vegetation,No Change
4355.0,9,Kolkata,22.408789172710904,88.40046724858554,1,1,1,1,1,0.812918,1,0.809867,Vegetation,Vegetation,Vegetation,Vegetation,No Change
4356.0,9,Kolkata,22.531948198163693,88.2708403530871,6,6,3,3,3,0.951022,3,0.974909,Built-up,Built-up,Built-up,Built-up,No Change
4357.0,9,Kolkata,22.71834861961849,88.49092759769638,6,6,3,3,3,0.593849,3,0.703451,Built-up,Built-up,Built-up,Built-up,No Change
4358.0,9,Kolkata,22.620611916706288,88.23149414364266,0,1,0,1,0,0.885291,1,0.564588,Water,Vegetation,Water,Vegetation,Water Loss
4359.0,9,Kolkata,22.471311916485625,88.4579594267692,4,1,2,1,3,0.673215,3,0.601016,Agriculture,Vegetation,Built-up,Built-up,No Change
4360.0,9,Kolkata,22.604981230762608,88.47341044965604,5,1,1,1,1,0.828774,1,0.8264,Vegetation,Vegetation,Vegetation,Vegetation,No Change
4361.0,9,Kolkata,22.506525875623108,88.48194444485519,0,0,0,0,0,0.7541,0,0.715891,Water,Water,Water,Water,No Change
4362.0,9,Kolkata,22.37312605593136,88.46667308502515,4,4,2,2,2,0.719918,2,0.603697,Agriculture,Agriculture,Agriculture,Agriculture,No Change
4363.0,9,Kolkata,22.544973769783425,88.21137188127838,4,5,2,1,2,0.805874,1,0.479718,Agriculture,Vegetation,Agriculture,Vegetation,Vegetation Gain
4364.0,9,Kolkata,22.66633616466797,88.48194444485519,4,1,2,1,2,0.60741,2,0.626444,Agriculture,Vegetation,Agriculture,Agriculture,No Change
4365.0,9,Kolkata,22.417233336381628,88.22664324110842,6,6,3,3,3,0.63069,3,0.637647,Built-up,Built-up,Built-up,Built-up,No Change
4366.0,9,Kolkata,22.37680914859625,88.4715239875594,4,4,2,2,3,0.444977,3,0.58232,Agriculture,Agriculture,Built-up,Built-up,No Change
4367.0,9,Kolkata,22.48631378173042,88.363276995823,6,6,3,3,3,0.613974,3,0.896612,Built-up,Built-up,Built-up,Built-up,No Change
4368.0,9,Kolkata,22.360369978896863,88.4339744086832,6,6,3,3,3,0.865976,3,0.975567,Built-up,Built-up,Built-up,Built-up,No Change
4369.0,9,Kolkata,22.35884284291386,88.54114342207866,1,1,1,1,1,0.938575,1,0.86571,Vegetation,Vegetation,Vegetation,Vegetation,No Change
4370.0,9,Kolkata,22.705502711055583,88.40136556386966,6,6,3,3,3,0.771442,3,0.497096,Built-up,Built-up,Built-up,Built-up,No Change
4371.0,9,Kolkata,22.36126829418098,88.24514853596128,1,1,1,1,1,0.86101,1,0.794413,Vegetation,Vegetation,Vegetation,Vegetation,No Change
4372.0,9,Kolkata,22.582792843244857,88.32222398733873,6,6,3,3,3,0.781316,3,0.854225,Built-up,Built-up,Built-up,Built-up,No Change
4373.0,9,Kolkata,22.641632494354685,88.2009514239826,4,1,2,1,2,0.726331,1,0.790622,Agriculture,Vegetation,Agriculture,Vegetation,Vegetation Gain
4374.0,9,Kolkata,22.5800978973925,88.43873547968903,6,6,3,3,1,0.377223,1,0.376649,Built-up,Built-up,Vegetation,Vegetation,No Change
4375.0,9,Kolkata,22.589709870932577,88.27137934225757,1,1,1,1,1,0.763085,1,0.881905,Vegetation,Vegetation,Vegetation,Vegetation,No Change
4376.0,9,Kolkata,22.43573863123449,88.45238987200766,6,6,3,3,3,0.770613,3,0.935686,Built-up,Built-up,Built-up,Built-up,No Change
4377.0,9,Kolkata,22.499878342520624,88.35330569616927,6,6,3,3,3,0.837626,3,0.961403,Built-up,Built-up,Built-up,Built-up,No Change
4378.0,9,Kolkata,22.69625006362915,88.32357146026492,6,6,3,3,3,0.766832,3,0.792758,Built-up,Built-up,Built-up,Built-up,No Change
4379.0,9,Kolkata,22.45702870346812,88.51482278425397,4,3,2,1,2,0.839302,1,0.680291,Agriculture,Vegetation,Agriculture,Vegetation,Vegetation Gain
4380.0,9,Kolkata,22.521797235453143,88.23939931814292,0,0,0,0,0,1.0,0,1.0,Water,Water,Water,Water,No Change
4381.0,9,Kolkata,22.656724191127893,88.29311857213327,5,1,1,1,1,0.846468,1,0.781271,Vegetation,Vegetation,Vegetation,Vegetation,No Change
4382.0,9,Kolkata,22.72948772914157,88.40513848806296,6,1,3,1,1,0.493094,1,0.883018,Built-up,Vegetation,Vegetation,Vegetation,No Change
4383.0,9,Kolkata,22.52592948576009,88.43684901759238,4,3,2,1,2,0.664931,1,0.757576,Agriculture,Vegetation,Agriculture,Vegetation,Vegetation Gain
4384.0,9,Kolkata,22.424869016296643,88.37809919801097,3,1,1,1,1,0.833425,1,0.765335,Vegetation,Vegetation,Vegetation,Vegetation,No Change
4385.0,9,Kolkata,22.498441038066037,88.30497633388364,6,6,3,3,3,0.758362,3,0.910885,Built-up,Built-up,Built-up,Built-up,No Change
4386.0,9,Kolkata,22.675229485980758,88.4181640596827,6,1,3,1,2,0.471192,1,0.609533,Built-up,Vegetation,Agriculture,Vegetation,Vegetation Gain
4387.0,9,Kolkata,22.398728041528766,88.37369745311878,3,3,1,1,1,0.587732,0,0.562017,Vegetation,Vegetation,Vegetation,Water,Water Gain
4388.0,9,Kolkata,22.463137247400137,88.4594865627522,0,0,0,0,0,0.943535,0,0.952035,Water,Water,Water,Water,No Change
4389.0,9,Kolkata,22.390463540914865,88.33228511852087,3,4,1,2,0,0.496395,2,0.539359,Vegetation,Agriculture,Water,Agriculture,Water Loss
4390.0,9,Kolkata,22.647202049116228,88.22287031691512,1,1,1,1,1,0.691944,1,0.810167,Vegetation,Vegetation,Vegetation,Vegetation,No Change
4391.0,9,Kolkata,22.46619151936614,88.3662414362606,1,1,1,1,1,0.741583,1,0.770147,Vegetation,Vegetation,Vegetation,Vegetation,No Change
4392.0,9,Kolkata,22.67729561113423,88.41771490204064,6,6,3,3,3,0.537456,3,0.43321,Built-up,Built-up,Built-up,Built-up,No Change
4393.0,9,Kolkata,22.707838330794296,88.27003186933139,4,1,2,1,2,0.906606,1,0.855815,Agriculture,Vegetation,Agriculture,Vegetation,Vegetation Gain
4394.0,9,Kolkata,22.38597196449427,88.30219155650286,2,2,1,1,2,0.599449,2,0.561823,Vegetation,Vegetation,Agriculture,Agriculture,No Change
4395.0,9,Kolkata,22.57425884804572,88.39741297661953,0,0,0,0,0,0.699073,0,0.579211,Water,Water,Water,Water,No Change
4396.0,9,Kolkata,22.57192322830701,88.50871424032195,6,7,3,4,3,0.769908,3,0.738051,Built-up,Barren,Built-up,Built-up,No Change
4397.0,9,Kolkata,22.4139994013588,88.32375112332174,4,4,2,2,2,0.768613,2,0.770043,Agriculture,Agriculture,Agriculture,Agriculture,No Change
4398.0,9,Kolkata,22.631032374002075,88.35025142420326,6,6,3,3,3,0.739754,3,0.633055,Built-up,Built-up,Built-up,Built-up,No Change
4399.0,9,Kolkata,22.507154696321997,88.24901129168299,6,6,3,3,3,0.610138,3,0.623471,Built-up,Built-up,Built-up,Built-up,No Change
4400.0,9,Kolkata,22.374114202743893,88.30776111126441,1,1,1,1,1,0.92851,1,0.959315,Vegetation,Vegetation,Vegetation,Vegetation,No Change
4401.0,9,Kolkata,22.396482253318467,88.34890395127708,3,3,1,1,1,0.673094,1,0.748892,Vegetation,Vegetation,Vegetation,Vegetation,No Change
4402.0,9,Kolkata,22.6394765376728,88.38187212220427,6,0,3,0,2,0.433599,3,0.475406,Built-up,Water,Agriculture,Built-up,Urban Expansion
4403.0,9,Kolkata,22.63660192876361,88.38250094290315,0,0,0,0,1,0.363414,2,0.373165,Water,Water,Vegetation,Agriculture,Agriculture Gain
4404.0,9,Kolkata,22.696070400572328,88.30551532305411,1,1,1,1,1,0.497744,2,0.506271,Vegetation,Vegetation,Vegetation,Agriculture,Agriculture Gain
4405.0,9,Kolkata,22.653490256105066,88.34647850000997,6,7,3,4,3,0.524321,4,0.983674,Built-up,Barren,Built-up,Barren,Other Change
4406.0,9,Kolkata,22.61288640526286,88.33506989590164,6,7,3,4,3,0.432741,3,0.294132,Built-up,Barren,Built-up,Built-up,No Change
4407.0,9,Kolkata,22.527995610913564,88.36992452892548,6,6,3,3,3,0.749292,3,0.737499,Built-up,Built-up,Built-up,Built-up,No Change
4408.0,9,Kolkata,22.70532304799876,88.36444480569236,0,0,0,0,0,1.0,0,1.0,Water,Water,Water,Water,No Change
4409.0,9,Kolkata,22.73200301193711,88.40891141225627,6,6,3,3,3,0.962205,3,0.847164,Built-up,Built-up,Built-up,Built-up,No Change
4410.0,9,Kolkata,22.44867437132581,88.2663487766665,1,5,1,1,1,0.746641,1,0.633972,Vegetation,Vegetation,Vegetation,Vegetation,No Change
4411.0,9,Kolkata,22.6860991009186,88.22080419176164,4,1,2,1,2,0.748221,1,0.725691,Agriculture,Vegetation,Agriculture,Vegetation,Vegetation Gain
4412.0,9,Kolkata,22.516766669862072,88.33830383092447,6,6,3,3,3,0.592924,3,0.741447,Built-up,Built-up,Built-up,Built-up,No Change
4413.0,9,Kolkata,22.358303853743383,88.39364005242624,3,5,1,1,1,0.716215,1,0.510446,Vegetation,Vegetation,Vegetation,Vegetation,No Change
4414.0,9,Kolkata,22.46241859517284,88.31431881283848,6,6,3,3,3,0.631811,3,0.853172,Built-up,Built-up,Built-up,Built-up,No Change
4415.0,9,Kolkata,22.4117536131485,88.30641363833823,0,0,0,0,0,0.835014,0,0.833631,Water,Water,Water,Water,No Change
4416.0,9,Kolkata,22.536619437641114,88.28153030496811,6,6,3,3,3,0.473258,3,0.67656,Built-up,Built-up,Built-up,Built-up,No Change
4417.0,9,Kolkata,22.36773616422664,88.36588211014694,4,4,2,2,2,0.811739,2,0.763807,Agriculture,Agriculture,Agriculture,Agriculture,No Change
4418.0,9,Kolkata,22.40312978642095,88.22403812678446,1,1,1,1,1,0.854815,1,0.940196,Vegetation,Vegetation,Vegetation,Vegetation,No Change
4419.0,9,Kolkata,22.706131531754465,88.30587464916776,1,6,1,3,1,0.83145,3,0.443556,Vegetation,Built-up,Vegetation,Built-up,Vegetation Loss
4420.0,9,Kolkata,22.654478402917597,88.46119336179203,4,1,2,1,2,0.680621,1,0.917702,Agriculture,Vegetation,Agriculture,Vegetation,Vegetation Gain
4421.0,9,Kolkata,22.73811155586912,88.44870677934276,4,4,2,2,2,0.704297,2,0.887106,Agriculture,Agriculture,Agriculture,Agriculture,No Change
4422.0,9,Kolkata,22.66489886021338,88.26715726042221,4,4,2,2,2,0.757712,2,0.783364,Agriculture,Agriculture,Agriculture,Agriculture,No Change
4423.0,9,Kolkata,22.416424852625923,88.33318343380499,4,1,2,1,2,0.536536,1,0.845286,Agriculture,Vegetation,Agriculture,Vegetation,Vegetation Gain
4424.0,9,Kolkata,22.47894759640064,88.41385214631893,6,6,3,3,3,0.600078,3,0.554273,Built-up,Built-up,Built-up,Built-up,No Change
4425.0,9,Kolkata,22.41229260231897,88.41259450492116,6,6,3,3,3,0.60348,3,0.666045,Built-up,Built-up,Built-up,Built-up,No Change
4426.0,9,Kolkata,22.658969979338192,88.47565623786635,1,1,1,1,1,0.941645,1,0.926707,Vegetation,Vegetation,Vegetation,Vegetation,No Change
4427.0,9,Kolkata,22.57102491302289,88.52955515491352,4,1,2,1,2,0.856199,1,0.751862,Agriculture,Vegetation,Agriculture,Vegetation,Vegetation Gain
4428.0,9,Kolkata,22.51380222942448,88.45104239908147,3,3,1,1,1,0.780305,1,0.728182,Vegetation,Vegetation,Vegetation,Vegetation,No Change
4429.0,9,Kolkata,22.38722960589204,88.48365124389501,1,1,1,1,1,0.94606,1,0.872001,Vegetation,Vegetation,Vegetation,Vegetation,No Change
4430.0,9,Kolkata,22.67810409488994,88.35492266368068,0,0,0,0,0,1.0,0,1.0,Water,Water,Water,Water,No Change
4431.0,9,Kolkata,22.49098502120784,88.3662414362606,6,6,3,3,3,0.840924,3,0.807258,Built-up,Built-up,Built-up,Built-up,No Change
4432.0,9,Kolkata,22.591147175387167,88.3558209789648,6,6,3,3,3,0.869072,3,0.879164,Built-up,Built-up,Built-up,Built-up,No Change
4433.0,9,Kolkata,22.465652530195676,88.27964384287147,1,1,1,1,1,0.526994,1,0.581423,Vegetation,Vegetation,Vegetation,Vegetation,No Change
4434.0,9,Kolkata,22.456579545826063,88.49991075053758,0,0,0,0,0,0.903747,0,0.963389,Water,Water,Water,Water,No Change
4435.0,9,Kolkata,22.41696384179639,88.25386219421723,1,1,1,1,1,0.70823,1,0.534017,Vegetation,Vegetation,Vegetation,Vegetation,No Change
4436.0,9,Kolkata,22.661485262133727,88.5497672488062,6,1,3,1,3,0.481548,1,0.541093,Built-up,Vegetation,Built-up,Vegetation,Vegetation Gain
4437.0,9,Kolkata,22.55108231371544,88.44286772999598,0,0,0,0,0,0.830252,0,0.754386,Water,Water,Water,Water,No Change
4438.0,9,Kolkata,22.65007665802541,88.26832507029157,1,6,1,3,1,0.799855,3,0.690105,Vegetation,Built-up,Vegetation,Built-up,Vegetation Loss
4439.0,9,Kolkata,22.383277018641916,88.20292771760766,1,1,1,1,1,0.689901,1,0.666437,Vegetation,Vegetation,Vegetation,Vegetation,No Change
4440.0,9,Kolkata,22.52853460008404,88.54617398766973,4,4,2,2,3,0.661623,2,0.587346,Agriculture,Agriculture,Built-up,Agriculture,Other Change
4441.0,9,Kolkata,22.47858827028699,88.37423644228926,6,6,3,3,3,0.860643,3,0.94305,Built-up,Built-up,Built-up,Built-up,No Change
4442.0,9,Kolkata,22.74853201316491,88.41250467339275,4,4,2,2,2,0.862921,2,0.761727,Agriculture,Agriculture,Agriculture,Agriculture,No Change
4443.0,9,Kolkata,22.398099220829884,88.223499137614,1,1,1,1,1,0.883442,1,0.765012,Vegetation,Vegetation,Vegetation,Vegetation,No Change
4444.0,9,Kolkata,22.54416528602772,88.36094137608428,6,6,3,3,3,0.526774,1,0.400806,Built-up,Built-up,Built-up,Vegetation,Vegetation Gain
4445.0,9,Kolkata,22.429540255774064,88.30300004025858,6,6,3,3,3,0.791524,3,0.949788,Built-up,Built-up,Built-up,Built-up,No Change
4446.0,9,Kolkata,22.63803923321821,88.47367994424128,6,6,3,3,3,0.856415,3,0.777523,Built-up,Built-up,Built-up,Built-up,No Change
4447.0,9,Kolkata,22.64001552684327,88.22170250704576,6,6,3,3,3,0.934732,3,0.971257,Built-up,Built-up,Built-up,Built-up,No Change
4448.0,9,Kolkata,22.64908851121288,88.4715239875594,1,1,1,1,1,0.509723,1,0.694017,Vegetation,Vegetation,Vegetation,Vegetation,No Change
4449.0,9,Kolkata,22.46520337255361,88.34207675511777,6,6,3,3,3,0.472117,3,0.820817,Built-up,Built-up,Built-up,Built-up,No Change
4450.0,9,Kolkata,22.645046092434335,88.45589330161572,6,6,3,3,3,0.881211,3,0.678624,Built-up,Built-up,Built-up,Built-up,No Change
4451.0,9,Kolkata,22.535361796243347,88.47996815123012,0,0,0,0,0,0.892041,1,0.473797,Water,Water,Water,Vegetation,Water Loss
4452.0,9,Kolkata,22.35435126649326,88.45544414397366,1,1,1,1,1,0.911344,1,0.906797,Vegetation,Vegetation,Vegetation,Vegetation,No Change
4453.0,9,Kolkata,22.37824645305084,88.25880292827989,1,1,1,1,1,0.940775,1,0.643121,Vegetation,Vegetation,Vegetation,Vegetation,No Change
4454.0,9,Kolkata,22.41364007524515,88.4843698961223,5,4,1,2,1,0.628338,1,0.442939,Vegetation,Agriculture,Vegetation,Vegetation,No Change
4455.0,9,Kolkata,22.424599521711407,88.26383349387096,4,6,2,3,2,0.605881,3,0.896432,Agriculture,Built-up,Agriculture,Built-up,Urban Expansion
4456.0,9,Kolkata,22.380312578204315,88.33542922201529,3,3,1,1,0,0.691755,1,0.647314,Vegetation,Vegetation,Water,Vegetation,Water Loss
4457.0,9,Kolkata,22.714306200839957,88.50565996835594,6,6,3,3,3,0.709902,3,0.812999,Built-up,Built-up,Built-up,Built-up,No Change
4458.0,9,Kolkata,22.44292515350745,88.25305371046153,4,1,2,1,2,0.703044,1,0.850909,Agriculture,Vegetation,Agriculture,Vegetation,Vegetation Gain
4459.0,9,Kolkata,22.501225815446805,88.37522458910179,6,6,3,3,3,0.886784,3,0.775517,Built-up,Built-up,Built-up,Built-up,No Change
4460.0,9,Kolkata,22.598693023773773,88.30758144820759,6,6,3,3,3,0.690954,3,0.666941,Built-up,Built-up,Built-up,Built-up,No Change
4461.0,9,Kolkata,22.59680656167712,88.53269925840794,1,6,1,3,1,0.554957,3,0.707398,Vegetation,Built-up,Vegetation,Built-up,Vegetation Loss
4462.0,9,Kolkata,22.708467151493178,88.21092272363633,4,4,2,2,2,0.694847,2,0.839775,Agriculture,Agriculture,Agriculture,Agriculture,No Change
4463.0,9,Kolkata,22.71583333682296,88.26778608112109,6,6,3,3,3,0.552462,3,0.80855,Built-up,Built-up,Built-up,Built-up,No Change
4464.0,9,Kolkata,22.746106561897783,88.47969865664489,1,1,1,1,1,0.935367,1,0.870947,Vegetation,Vegetation,Vegetation,Vegetation,No Change
4465.0,9,Kolkata,22.42064693446128,88.3858247094544,1,1,1,1,1,0.980801,1,0.805412,Vegetation,Vegetation,Vegetation,Vegetation,No Change
4466.0,9,Kolkata,22.445620099359804,88.50359384320247,4,4,2,2,2,0.830824,2,0.636381,Agriculture,Agriculture,Agriculture,Agriculture,No Change
4467.0,9,Kolkata,22.42091642904652,88.52030250748709,4,4,2,2,2,0.5055,2,0.60018,Agriculture,Agriculture,Agriculture,Agriculture,No Change
4468.0,9,Kolkata,22.661844588247373,88.45688144842825,1,1,1,1,1,0.726816,1,0.91611,Vegetation,Vegetation,Vegetation,Vegetation,No Change
4469.0,9,Kolkata,22.532936344976225,88.48176478179836,4,3,2,1,2,0.603064,1,0.694814,Agriculture,Vegetation,Agriculture,Vegetation,Vegetation Gain
4470.0,9,Kolkata,22.635523950422677,88.24856213404094,1,1,1,1,1,0.873461,1,0.762426,Vegetation,Vegetation,Vegetation,Vegetation,No Change
4471.0,9,Kolkata,22.58297250630168,88.28395575623524,6,7,3,4,3,0.60303,3,0.67888,Built-up,Barren,Built-up,Built-up,No Change
4472.0,9,Kolkata,22.639296874615976,88.41304366256321,6,6,3,3,3,0.813105,3,0.810103,Built-up,Built-up,Built-up,Built-up,No Change
4473.0,9,Kolkata,22.684032975765128,88.50062940276487,4,4,2,2,1,0.717552,2,0.614233,Agriculture,Agriculture,Vegetation,Agriculture,Agriculture Gain
4474.0,9,Kolkata,22.5590773197441,88.36794823530042,7,6,4,3,4,0.976796,3,0.790499,Barren,Built-up,Barren,Built-up,Urban Expansion
4475.0,9,Kolkata,22.496734239026207,88.54446718862991,1,1,1,1,1,0.667572,1,0.814227,Vegetation,Vegetation,Vegetation,Vegetation,No Change
4476.0,9,Kolkata,22.38669061672157,88.34486153249854,6,1,3,1,3,0.569044,1,0.675549,Built-up,Vegetation,Built-up,Vegetation,Vegetation Gain
4477.0,9,Kolkata,22.40438742781872,88.24353156844987,1,1,1,1,1,0.925791,1,0.852312,Vegetation,Vegetation,Vegetation,Vegetation,No Change
4478.0,9,Kolkata,22.471761074127684,88.25503000408659,1,1,1,1,1,0.56291,1,0.523258,Vegetation,Vegetation,Vegetation,Vegetation,No Change
4479.0,9,Kolkata,22.594830268052057,88.47269179742875,6,6,3,3,3,0.74961,3,0.789092,Built-up,Built-up,Built-up,Built-up,No Change
4480.0,9,Kolkata,22.749340496920617,88.32671556375934,6,1,3,1,3,0.649138,1,0.754346,Built-up,Vegetation,Built-up,Vegetation,Vegetation Gain
4481.0,9,Kolkata,22.627349281337185,88.40433000430725,1,1,1,1,1,0.88078,1,0.862623,Vegetation,Vegetation,Vegetation,Vegetation,No Change
4482.0,9,Kolkata,22.6943636015325,88.33650720035624,3,0,1,0,1,0.623465,0,0.667033,Vegetation,Water,Vegetation,Water,Water Gain
4483.0,9,Kolkata,22.565096032147704,88.44286772999598,0,0,0,0,0,0.985686,0,0.98962,Water,Water,Water,Water,No Change
4484.0,9,Kolkata,22.631930689286197,88.2572757922969,1,1,1,1,1,0.980505,1,0.928261,Vegetation,Vegetation,Vegetation,Vegetation,No Change
4485.0,9,Kolkata,22.49781221736715,88.4768240477357,4,4,2,2,2,0.669907,2,0.582506,Agriculture,Agriculture,Agriculture,Agriculture,No Change
4486.0,9,Kolkata,22.51110728357212,88.38321959513046,6,6,3,3,3,0.934091,3,0.813094,Built-up,Built-up,Built-up,Built-up,No Change
4487.0,9,Kolkata,22.52018026794173,88.506109125998,4,4,2,2,2,0.782445,2,0.686622,Agriculture,Agriculture,Agriculture,Agriculture,No Change
4488.0,9,Kolkata,22.41597569498386,88.42876418003532,6,6,3,3,2,0.484106,3,0.701826,Built-up,Built-up,Agriculture,Built-up,Urban Expansion
4489.0,9,Kolkata,22.51065812593006,88.4730511235424,4,0,2,0,2,0.602443,1,0.713116,Agriculture,Water,Agriculture,Vegetation,Vegetation Gain
4490.0,9,Kolkata,22.5327566819194,88.46846971559339,0,0,0,0,0,0.813795,0,0.675832,Water,Water,Water,Water,No Change
4491.0,9,Kolkata,22.38633129060792,88.27057085850186,1,1,1,1,1,0.812686,1,0.789801,Vegetation,Vegetation,Vegetation,Vegetation,No Change
4492.0,9,Kolkata,22.447147235342808,88.43406424021161,6,6,3,3,3,0.598478,3,0.65829,Built-up,Built-up,Built-up,Built-up,No Change
4493.0,9,Kolkata,22.50239362531616,88.42669805488184,0,4,0,2,0,0.923051,2,0.475716,Water,Agriculture,Water,Agriculture,Water Loss
4494.0,9,Kolkata,22.682595671310537,88.2205346971764,4,4,2,2,2,0.810126,2,0.805422,Agriculture,Agriculture,Agriculture,Agriculture,No Change
4495.0,9,Kolkata,22.51811414278825,88.28979480558202,1,1,1,1,1,0.822477,1,0.897401,Vegetation,Vegetation,Vegetation,Vegetation,No Change
4496.0,9,Kolkata,22.52134807781108,88.41906237496681,4,1,2,1,2,0.824966,1,0.681711,Agriculture,Vegetation,Agriculture,Vegetation,Vegetation Gain
4497.0,9,Kolkata,22.74296245840337,88.49532934258856,4,1,2,1,2,0.617022,1,0.449991,Agriculture,Vegetation,Agriculture,Vegetation,Vegetation Gain
4498.0,9,Kolkata,22.54165000323218,88.44565250737675,0,1,0,1,0,0.605009,1,0.757644,Water,Vegetation,Water,Vegetation,Water Loss
4499.0,9,Kolkata,22.69723821044168,88.22260082232988,4,4,2,2,2,0.842064,2,0.818955,Agriculture,Agriculture,Agriculture,Agriculture,No Change
4500.0,10,Chennai,13.098290241982538,80.15492108718087,4,6,2,3,2,0.771377,3,0.993225,Agriculture,Built-up,Agriculture,Built-up,Urban Expansion
4501.0,10,Chennai,12.815770085126948,80.31688733290761,0,0,0,0,0,0.999983,0,0.999983,Water,Water,Water,Water,No Change
4502.0,10,Chennai,13.065591565640586,80.16749750115854,1,6,1,3,1,0.665435,3,0.55964,Vegetation,Built-up,Vegetation,Built-up,Vegetation Loss
4503.0,10,Chennai,13.015824898900364,80.15456176106723,6,6,3,3,3,0.772472,3,0.562613,Built-up,Built-up,Built-up,Built-up,No Change
4504.0,10,Chennai,13.174736872661107,80.36656416811942,0,0,0,0,0,0.999989,0,0.999983,Water,Water,Water,Water,No Change
4505.0,10,Chennai,13.118412504346814,80.12339022070827,1,1,1,1,1,0.698458,1,0.679786,Vegetation,Vegetation,Vegetation,Vegetation,No Change
4506.0,10,Chennai,13.159824838944724,80.32560099116358,0,0,0,0,0,1.0,0,1.0,Water,Water,Water,Water,No Change
4507.0,10,Chennai,12.993816174439436,80.26810881297993,6,6,3,3,3,0.818634,3,0.840719,Built-up,Built-up,Built-up,Built-up,No Change
4508.0,10,Chennai,12.808583562853991,80.13120556368011,4,1,2,1,2,0.734793,1,0.866959,Agriculture,Vegetation,Agriculture,Vegetation,Vegetation Gain
4509.0,10,Chennai,13.100086872550776,80.39755604542155,0,0,0,0,0,0.999994,0,0.996354,Water,Water,Water,Water,No Change
4510.0,10,Chennai,13.098739399624597,80.21052680326787,6,6,3,3,3,0.845746,3,0.693343,Built-up,Built-up,Built-up,Built-up,No Change
4511.0,10,Chennai,12.93371888193184,80.26128161682063,0,0,0,0,0,0.99995,0,0.999994,Water,Water,Water,Water,No Change
4512.0,10,Chennai,12.918178027516571,80.01424491368775,1,1,1,1,1,0.858164,1,0.877252,Vegetation,Vegetation,Vegetation,Vegetation,No Change
4513.0,10,Chennai,12.93839012140926,80.1446802929419,6,6,3,3,3,0.844881,3,0.900008,Built-up,Built-up,Built-up,Built-up,No Change
4514.0,10,Chennai,13.118861661988872,80.31086862050402,0,0,0,0,0,1.0,0,1.0,Water,Water,Water,Water,No Change
4515.0,10,Chennai,12.873980915537892,80.04209268749545,4,4,2,2,2,0.710414,2,0.734398,Agriculture,Agriculture,Agriculture,Agriculture,No Change
4516.0,10,Chennai,13.15317730584224,80.04155369832499,0,4,0,2,0,0.84109,2,0.602105,Water,Agriculture,Water,Agriculture,Water Loss
4517.0,10,Chennai,13.160902817285669,80.10039334943481,6,6,3,3,3,0.661582,3,0.798753,Built-up,Built-up,Built-up,Built-up,No Change
4518.0,10,Chennai,12.981419423518586,80.34365712837437,0,0,0,0,0,0.999983,0,0.999994,Water,Water,Water,Water,No Change
4519.0,10,Chennai,13.016363888070837,80.18609262753982,6,6,3,3,3,0.579469,4,0.509002,Built-up,Built-up,Built-up,Barren,Other Change
4520.0,10,Chennai,12.847121288542718,80.35174196593145,0,0,0,0,0,0.999983,0,0.999994,Water,Water,Water,Water,No Change
4521.0,10,Chennai,12.95303266054041,80.31868396347586,0,0,0,0,0,0.999989,0,0.999994,Water,Water,Water,Water,No Change
4522.0,10,Chennai,12.81451244372918,80.38417114768816,0,0,0,0,0,0.999529,0,0.999994,Water,Water,Water,Water,No Change
4523.0,10,Chennai,13.180036932837414,80.28652427630438,5,6,1,3,1,0.532543,3,0.873979,Vegetation,Built-up,Vegetation,Built-up,Vegetation Loss
4524.0,10,Chennai,12.83436521150822,80.24816621367248,6,0,3,0,3,0.832422,3,0.45686,Built-up,Water,Built-up,Built-up,No Change
4525.0,10,Chennai,13.104039459800902,80.07892361414436,3,1,1,1,1,0.901927,1,0.807759,Vegetation,Vegetation,Vegetation,Vegetation,No Change
4526.0,10,Chennai,12.862302816844338,80.37455917414809,0,0,0,0,0,0.999994,0,0.999994,Water,Water,Water,Water,No Change
4527.0,10,Chennai,12.925184886732705,80.30799401159483,0,0,0,0,0,0.999989,0,0.999994,Water,Water,Water,Water,No Change
4528.0,10,Chennai,13.070172973589596,80.0137957560457,0,0,0,0,0,0.991339,0,0.921604,Water,Water,Water,Water,No Change
4529.0,10,Chennai,13.137366956841737,80.28697343394644,6,6,3,3,3,0.872125,3,0.571835,Built-up,Built-up,Built-up,Built-up,No Change
4530.0,10,Chennai,12.958692046830365,80.14503961905555,6,6,3,3,3,0.574439,3,0.880182,Built-up,Built-up,Built-up,Built-up,No Change
4531.0,10,Chennai,13.092361361107349,80.30008883709458,0,0,0,0,0,0.999914,0,0.999989,Water,Water,Water,Water,No Change
4532.0,10,Chennai,12.811009014121112,80.25229846397943,0,0,0,0,0,1.0,0,1.0,Water,Water,Water,Water,No Change
4533.0,10,Chennai,12.889791264538395,80.18618245906823,6,6,3,3,3,0.69955,3,0.884002,Built-up,Built-up,Built-up,Built-up,No Change
4534.0,10,Chennai,13.181474237292004,80.01532289202869,4,4,2,2,2,0.766741,2,0.766361,Agriculture,Agriculture,Agriculture,Agriculture,No Change
4535.0,10,Chennai,12.980700771291293,80.00086001595437,4,6,2,3,1,0.512087,3,0.856432,Agriculture,Built-up,Vegetation,Built-up,Vegetation Loss
4536.0,10,Chennai,12.888713286197452,80.2814937107133,0,0,0,0,0,1.0,0,0.99948,Water,Water,Water,Water,No Change
4537.0,10,Chennai,13.131707570551782,80.15725670691958,6,6,3,3,3,0.787564,3,0.962977,Built-up,Built-up,Built-up,Built-up,No Change
4538.0,10,Chennai,12.809481878138111,80.18546380684093,1,1,1,1,2,0.404467,3,0.716172,Vegetation,Vegetation,Agriculture,Built-up,Urban Expansion
4539.0,10,Chennai,13.122454923125352,80.26999527507658,6,6,3,3,3,0.774292,3,0.881369,Built-up,Built-up,Built-up,Built-up,No Change
4540.0,10,Chennai,12.960309014341778,80.37033709231272,0,0,0,0,0,0.999994,0,0.999737,Water,Water,Water,Water,No Change
4541.0,10,Chennai,12.84990606592349,80.27646314512224,0,0,0,0,0,1.0,0,0.999994,Water,Water,Water,Water,No Change
4542.0,10,Chennai,12.97513121652975,80.03930791011469,2,3,1,1,1,0.840515,1,0.644639,Vegetation,Vegetation,Vegetation,Vegetation,No Change
4543.0,10,Chennai,13.04376250423648,80.28715309700327,0,0,0,0,0,0.999203,0,0.999983,Water,Water,Water,Water,No Change
4544.0,10,Chennai,12.925813707431589,80.33889605736854,0,0,0,0,0,0.999983,0,0.999737,Water,Water,Water,Water,No Change
4545.0,10,Chennai,13.069633984419124,80.12554617739016,6,6,3,3,3,0.906855,3,0.780243,Built-up,Built-up,Built-up,Built-up,No Change
4546.0,10,Chennai,13.056338918214156,80.38057788655169,0,0,0,0,0,1.0,0,0.999994,Water,Water,Water,Water,No Change
4547.0,10,Chennai,12.946385127437926,80.22660664685361,0,0,0,0,0,0.807657,0,0.825803,Water,Water,Water,Water,No Change
4548.0,10,Chennai,13.010345175667236,80.30574822338454,0,0,0,0,0,1.0,0,0.999994,Water,Water,Water,Water,No Change
4549.0,10,Chennai,13.000373876013509,80.0941949739744,6,6,3,3,3,0.97319,3,0.945704,Built-up,Built-up,Built-up,Built-up,No Change
4550.0,10,Chennai,12.922849266993994,80.35461657484063,0,0,0,0,0,1.0,0,0.999994,Water,Water,Water,Water,No Change
4551.0,10,Chennai,13.101973334647427,80.25148998022372,1,6,1,3,1,0.615106,3,0.646246,Vegetation,Built-up,Vegetation,Built-up,Vegetation Loss
4552.0,10,Chennai,13.020136812264138,80.1798942520794,6,6,3,3,3,0.693851,3,0.785834,Built-up,Built-up,Built-up,Built-up,No Change
4553.0,10,Chennai,12.91844752210181,80.06886248296222,6,6,3,3,3,0.796312,3,0.874043,Built-up,Built-up,Built-up,Built-up,No Change
4554.0,10,Chennai,13.120298966443466,80.3963882355522,0,0,0,0,0,0.999983,0,0.997929,Water,Water,Water,Water,No Change
4555.0,10,Chennai,13.1085310362215,80.34096218252202,0,0,0,0,0,1.0,0,0.999994,Water,Water,Water,Water,No Change
4556.0,10,Chennai,12.884760698947328,80.26747999228104,0,0,0,0,0,1.0,0,0.999994,Water,Water,Water,Water,No Change
4557.0,10,Chennai,13.063166114373464,80.00984316879557,0,0,0,0,0,0.999983,0,1.0,Water,Water,Water,Water,No Change
4558.0,10,Chennai,12.876765692918664,80.27439701996876,0,0,0,0,0,1.0,0,0.999994,Water,Water,Water,Water,No Change
4559.0,10,Chennai,12.952493671369938,80.25382559996243,6,6,3,3,3,0.746374,3,0.724422,Built-up,Built-up,Built-up,Built-up,No Change
4560.0,10,Chennai,12.9401867519775,80.21933029305224,5,7,1,4,1,0.470459,4,0.982395,Vegetation,Barren,Vegetation,Barren,Vegetation Loss
4561.0,10,Chennai,12.96542941146126,80.1325530366063,6,6,3,3,3,0.8975,3,0.906444,Built-up,Built-up,Built-up,Built-up,No Change
4562.0,10,Chennai,12.875418219992484,80.30754485395278,0,0,0,0,0,0.999983,0,0.999994,Water,Water,Water,Water,No Change
4563.0,10,Chennai,12.903265993800188,80.02125177290388,1,1,1,1,1,0.926236,1,0.843828,Vegetation,Vegetation,Vegetation,Vegetation,No Change
4564.0,10,Chennai,12.950786872330111,80.19408763356849,6,6,3,3,3,0.875469,3,0.85387,Built-up,Built-up,Built-up,Built-up,No Change
4565.0,10,Chennai,13.182282721047711,80.04299100277957,6,4,3,2,3,0.875512,2,0.753994,Built-up,Agriculture,Built-up,Agriculture,Other Change
4566.0,10,Chennai,13.033252215412285,80.2182523147113,6,6,3,3,3,0.955011,3,0.97369,Built-up,Built-up,Built-up,Built-up,No Change
4567.0,10,Chennai,12.816219242769009,80.18806892116488,6,6,3,3,3,0.957304,3,0.931969,Built-up,Built-up,Built-up,Built-up,No Change
4568.0,10,Chennai,12.93237140900566,80.3596471404317,0,0,0,0,0,0.999983,0,0.999994,Water,Water,Water,Water,No Change
4569.0,10,Chennai,13.038462444060176,80.13399034106088,6,6,3,3,3,0.989966,3,0.857859,Built-up,Built-up,Built-up,Built-up,No Change
4570.0,10,Chennai,12.906320265766196,80.08889491379809,6,6,3,3,3,0.972743,3,0.918632,Built-up,Built-up,Built-up,Built-up,No Change
4571.0,10,Chennai,12.814692106786003,80.03230105089855,6,6,3,3,2,0.378198,2,0.631623,Built-up,Built-up,Agriculture,Agriculture,No Change
4572.0,10,Chennai,12.898594754322769,80.09365598480392,1,1,1,1,1,0.851626,1,0.909944,Vegetation,Vegetation,Vegetation,Vegetation,No Change
4573.0,10,Chennai,12.995972131121324,80.20145381889826,6,6,3,3,3,0.978129,3,0.893316,Built-up,Built-up,Built-up,Built-up,No Change
4574.0,10,Chennai,13.14401448994422,80.03957740469993,1,3,1,1,1,0.554767,1,0.733682,Vegetation,Vegetation,Vegetation,Vegetation,No Change
4575.0,10,Chennai,13.140331397279333,80.10560357808271,6,6,3,3,3,0.469961,3,0.603945,Built-up,Built-up,Built-up,Built-up,No Change
4576.0,10,Chennai,12.998217919331625,80.34931651466434,0,0,0,0,0,0.999983,0,0.998156,Water,Water,Water,Water,No Change
4577.0,10,Chennai,13.101254682420132,80.29919052181046,0,0,0,0,0,1.0,0,1.0,Water,Water,Water,Water,No Change
4578.0,10,Chennai,12.828615993689857,80.15402277189675,1,1,1,1,1,0.568029,1,0.814384,Vegetation,Vegetation,Vegetation,Vegetation,No Change
4579.0,10,Chennai,12.891138737464576,80.12473769363446,6,6,3,3,3,0.471498,3,0.563918,Built-up,Built-up,Built-up,Built-up,No Change
4580.0,10,Chennai,13.053464309304973,80.22409136405807,6,6,3,3,3,0.774547,3,0.9126,Built-up,Built-up,Built-up,Built-up,No Change
4581.0,10,Chennai,13.03630648737829,80.33009256758417,0,0,0,0,0,1.0,0,0.999994,Water,Water,Water,Water,No Change
4582.0,10,Chennai,13.146619604268167,80.02538402321083,4,4,2,2,2,0.540925,2,0.44554,Agriculture,Agriculture,Agriculture,Agriculture,No Change
4583.0,10,Chennai,13.014477425974183,80.17639082247132,6,6,3,3,3,0.857058,3,0.818974,Built-up,Built-up,Built-up,Built-up,No Change
4584.0,10,Chennai,13.140960217978217,80.12186308472528,6,6,3,3,1,0.692729,2,0.432733,Built-up,Built-up,Vegetation,Agriculture,Agriculture Gain
4585.0,10,Chennai,12.856373935969147,80.0071482229432,5,0,1,0,2,0.741045,3,0.583786,Vegetation,Water,Agriculture,Built-up,Urban Expansion
4586.0,10,Chennai,12.83885678792882,80.12788179712886,5,1,1,1,1,0.684228,1,0.740736,Vegetation,Vegetation,Vegetation,Vegetation,No Change
4587.0,10,Chennai,13.131168581381312,80.28077505848601,6,6,3,3,3,0.87358,3,0.850922,Built-up,Built-up,Built-up,Built-up,No Change
4588.0,10,Chennai,13.085444333419629,80.15249563591375,1,1,1,1,1,0.886237,1,0.90732,Vegetation,Vegetation,Vegetation,Vegetation,No Change
4589.0,10,Chennai,13.090924056652756,80.29676507054334,7,7,4,4,4,0.98718,4,0.990144,Barren,Barren,Barren,Barren,No Change
4590.0,10,Chennai,13.188121770394488,80.04577578016034,0,4,0,2,0,0.74255,2,0.623915,Water,Agriculture,Water,Agriculture,Water Loss
4591.0,10,Chennai,13.110327666789738,80.26451555184344,6,6,3,3,3,0.932471,3,0.939929,Built-up,Built-up,Built-up,Built-up,No Change
4592.0,10,Chennai,12.996600951820207,80.20810135200074,6,6,3,3,3,0.663774,2,0.62204,Built-up,Built-up,Built-up,Agriculture,Other Change
4593.0,10,Chennai,12.91530341860739,80.32856543160118,0,0,0,0,0,0.999983,0,0.98441,Water,Water,Water,Water,No Change
4594.0,10,Chennai,13.14626027815452,80.08341519056495,6,6,3,3,3,0.838775,3,0.740979,Built-up,Built-up,Built-up,Built-up,No Change
4595.0,10,Chennai,13.189918400962728,80.02232975124483,4,4,2,2,2,0.737443,2,0.736594,Agriculture,Agriculture,Agriculture,Agriculture,No Change
4596.0,10,Chennai,12.859697702520393,80.13354118341883,6,6,3,3,3,0.569109,3,0.487408,Built-up,Built-up,Built-up,Built-up,No Change
4597.0,10,Chennai,12.890689579822515,80.39683739319426,0,0,0,0,0,0.999529,0,0.999994,Water,Water,Water,Water,No Change
4598.0,10,Chennai,12.950876703858524,80.09814756122452,1,5,1,1,1,0.809671,2,0.515854,Vegetation,Vegetation,Vegetation,Agriculture,Agriculture Gain
4599.0,10,Chennai,13.142667017018042,80.36297090698295,0,0,0,0,0,1.0,0,0.999994,Water,Water,Water,Water,No Change
4600.0,10,Chennai,12.943151192415096,80.29263282023639,0,0,0,0,0,1.0,0,0.999994,Water,Water,Water,Water,No Change
4601.0,10,Chennai,13.06029150546428,80.12949876464029,6,6,3,3,1,0.431499,2,0.606834,Built-up,Built-up,Vegetation,Agriculture,Agriculture Gain
4602.0,10,Chennai,12.819004020149778,80.3850694629723,0,0,0,0,0,0.999994,0,0.999161,Water,Water,Water,Water,No Change
4603.0,10,Chennai,13.12703633107436,80.05224365020601,6,6,3,3,3,0.909263,3,0.7728,Built-up,Built-up,Built-up,Built-up,No Change
4604.0,10,Chennai,12.989683924132487,80.0385892578874,1,5,1,1,1,0.631357,1,0.594226,Vegetation,Vegetation,Vegetation,Vegetation,No Change
4605.0,10,Chennai,12.814242949143944,80.24115935445634,4,6,2,3,2,0.668094,3,0.489324,Agriculture,Built-up,Agriculture,Built-up,Urban Expansion
4606.0,10,Chennai,13.144283984529457,80.11243077424201,6,6,3,3,3,0.670029,3,0.807926,Built-up,Built-up,Built-up,Built-up,No Change
4607.0,10,Chennai,13.075652696822726,80.23819491401875,6,6,3,3,3,0.492429,3,0.862904,Built-up,Built-up,Built-up,Built-up,No Change
4608.0,10,Chennai,13.1453619628704,80.06967096671792,6,6,3,3,3,0.915624,3,0.93194,Built-up,Built-up,Built-up,Built-up,No Change
4609.0,10,Chennai,13.146529772739756,80.16480255530618,0,0,0,0,0,1.0,0,1.0,Water,Water,Water,Water,No Change
4610.0,10,Chennai,13.106105584954376,80.18636212212505,6,6,3,3,3,0.450377,3,0.63786,Built-up,Built-up,Built-up,Built-up,No Change
4611.0,10,Chennai,13.028760638991686,80.28059539542919,0,0,0,0,0,0.997576,0,1.0,Water,Water,Water,Water,No Change
4612.0,10,Chennai,12.902996499214952,80.19669274789243,6,6,3,3,3,0.841855,3,0.973041,Built-up,Built-up,Built-up,Built-up,No Change
4613.0,10,Chennai,13.08418669202186,80.31886362653267,0,0,0,0,0,1.0,0,0.999983,Water,Water,Water,Water,No Change
4614.0,10,Chennai,13.161980795626611,80.25571206205908,6,6,3,3,3,0.926319,3,0.907504,Built-up,Built-up,Built-up,Built-up,No Change
4615.0,10,Chennai,12.938030795295614,80.27161224258799,0,0,0,0,0,1.0,0,0.999983,Water,Water,Water,Water,No Change
4616.0,10,Chennai,13.055260939873213,80.30071765779347,0,0,0,0,0,1.0,0,0.999989,Water,Water,Water,Water,No Change
4617.0,10,Chennai,12.960488677398605,80.03221121937014,6,6,3,3,1,0.462387,3,0.695238,Built-up,Built-up,Vegetation,Built-up,Vegetation Loss
4618.0,10,Chennai,13.14167887020551,80.05107584033665,3,0,1,0,1,0.87734,0,0.981188,Vegetation,Water,Vegetation,Water,Water Gain
4619.0,10,Chennai,13.188481096508136,80.04568594863194,0,4,0,2,0,0.856463,2,0.685201,Water,Agriculture,Water,Agriculture,Water Loss
4620.0,10,Chennai,13.126587173432302,80.21663534719988,6,6,3,3,3,0.579404,3,0.604306,Built-up,Built-up,Built-up,Built-up,No Change
4621.0,10,Chennai,13.055889760572096,80.37231338593779,0,0,0,0,0,1.0,0,0.997482,Water,Water,Water,Water,No Change
4622.0,10,Chennai,13.160633322700432,80.00651940224432,5,3,1,1,1,0.864705,1,0.863841,Vegetation,Vegetation,Vegetation,Vegetation,No Change
4623.0,10,Chennai,12.87200462191283,80.38857289258036,0,0,0,0,0,0.998579,0,0.998474,Water,Water,Water,Water,No Change
4624.0,10,Chennai,13.112124297357978,80.09167969117885,6,6,3,3,3,0.871596,3,0.980679,Built-up,Built-up,Built-up,Built-up,No Change
4625.0,10,Chennai,13.179587775195351,80.15572957093657,4,4,2,2,2,0.755436,2,0.680334,Agriculture,Agriculture,Agriculture,Agriculture,No Change
4626.0,10,Chennai,12.968034525785209,80.20522674309156,6,6,3,3,3,0.496845,3,0.706918,Built-up,Built-up,Built-up,Built-up,No Change
4627.0,10,Chennai,12.925723875903175,80.3776134461141,0,0,0,0,0,0.999994,0,0.997482,Water,Water,Water,Water,No Change
4628.0,10,Chennai,12.85691292513962,80.04406898112052,6,6,3,3,3,0.743566,3,0.882042,Built-up,Built-up,Built-up,Built-up,No Change
4629.0,10,Chennai,12.868501192304764,80.3106889574472,0,0,0,0,0,0.999994,0,0.999994,Water,Water,Water,Water,No Change
4630.0,10,Chennai,12.990851734001842,80.27044443271863,4,5,2,1,2,0.68191,1,0.475346,Agriculture,Vegetation,Agriculture,Vegetation,Vegetation Gain
4631.0,10,Chennai,13.093529170976703,80.13075640603806,1,1,1,1,1,0.718225,1,0.912123,Vegetation,Vegetation,Vegetation,Vegetation,No Change
4632.0,10,Chennai,12.832299086354746,80.01181946242063,0,5,0,1,0,0.686725,1,0.938064,Water,Vegetation,Water,Vegetation,Water Loss
4633.0,10,Chennai,12.81774637875201,80.33117054592512,0,0,0,0,0,0.999994,0,0.999994,Water,Water,Water,Water,No Change
4634.0,10,Chennai,12.810200530365409,80.37698462541522,0,0,0,0,0,0.99948,0,0.999166,Water,Water,Water,Water,No Change
4635.0,10,Chennai,12.959141204472424,80.00768721211368,1,1,1,1,1,0.882747,1,0.723312,Vegetation,Vegetation,Vegetation,Vegetation,No Change
4636.0,10,Chennai,12.805529290887984,80.14548877669762,6,6,3,3,2,0.632116,3,0.515301,Built-up,Built-up,Agriculture,Built-up,Urban Expansion
4637.0,10,Chennai,12.801846198223094,80.03499599675091,4,6,2,3,1,0.443319,1,0.539506,Agriculture,Built-up,Vegetation,Vegetation,No Change
4638.0,10,Chennai,13.008189218985349,80.38129653877898,0,0,0,0,0,0.999994,0,0.999272,Water,Water,Water,Water,No Change
4639.0,10,Chennai,13.172221589865574,80.39270514288731,0,0,0,0,0,0.999994,0,0.999198,Water,Water,Water,Water,No Change
4640.0,10,Chennai,12.807505584513049,80.22184557584778,6,6,3,3,3,0.689312,3,0.736438,Built-up,Built-up,Built-up,Built-up,No Change
4641.0,10,Chennai,12.978724477666228,80.31697716443603,0,0,0,0,0,1.0,0,0.999529,Water,Water,Water,Water,No Change
4642.0,10,Chennai,13.138085609069032,80.1137782471682,6,6,3,3,3,0.608381,3,0.524791,Built-up,Built-up,Built-up,Built-up,No Change
4643.0,10,Chennai,12.807505584513049,80.35901831973283,0,0,0,0,0,0.999994,0,0.999994,Water,Water,Water,Water,No Change
4644.0,10,Chennai,13.154165452654771,80.04406898112052,4,4,2,2,2,0.508793,2,0.589325,Agriculture,Agriculture,Agriculture,Agriculture,No Change
4645.0,10,Chennai,13.00001454989986,80.29811254346951,0,0,0,0,0,1.0,0,0.999983,Water,Water,Water,Water,No Change
4646.0,10,Chennai,13.173389399734928,80.05637590051296,6,6,3,3,3,0.701007,3,0.969772,Built-up,Built-up,Built-up,Built-up,No Change
4647.0,10,Chennai,13.122634586182176,80.30008883709458,7,7,4,4,4,0.992039,4,0.981305,Barren,Barren,Barren,Barren,No Change
4648.0,10,Chennai,12.836341505133284,80.0800015924853,0,0,0,0,0,0.736308,0,0.763258,Water,Water,Water,Water,No Change
4649.0,10,Chennai,13.006123093831874,80.36934894550019,0,0,0,0,0,1.0,0,0.999523,Water,Water,Water,Water,No Change
4650.0,10,Chennai,13.013668942218478,80.37815243528458,0,0,0,0,0,0.999994,0,0.995765,Water,Water,Water,Water,No Change
4651.0,10,Chennai,12.932730735119309,80.18205020876128,6,6,3,3,3,0.979994,3,0.956066,Built-up,Built-up,Built-up,Built-up,No Change
4652.0,10,Chennai,13.142487353961217,80.11431723633866,6,6,3,3,3,0.68338,3,0.890912,Built-up,Built-up,Built-up,Built-up,No Change
4653.0,10,Chennai,12.801037714467387,80.35892848820441,0,0,0,0,0,0.995911,0,0.998021,Water,Water,Water,Water,No Change
4654.0,10,Chennai,12.815320927484889,80.35183179745987,0,0,0,0,0,0.999983,0,0.999994,Water,Water,Water,Water,No Change
4655.0,10,Chennai,12.893923514845346,80.06724551545081,6,6,3,3,3,0.856459,3,0.88991,Built-up,Built-up,Built-up,Built-up,No Change
4656.0,10,Chennai,13.061099989219988,80.33215869273765,0,0,0,0,0,1.0,0,0.999983,Water,Water,Water,Water,No Change
4657.0,10,Chennai,12.838227967229937,80.250681496468,0,0,0,0,0,1.0,0,0.996442,Water,Water,Water,Water,No Change
4658.0,10,Chennai,13.07080179428848,80.31760598513492,0,0,0,0,0,1.0,0,0.999989,Water,Water,Water,Water,No Change
4659.0,10,Chennai,13.148955224006878,80.03589431203503,6,6,3,3,3,0.695895,3,0.873402,Built-up,Built-up,Built-up,Built-up,No Change
4660.0,10,Chennai,13.152099327501295,80.19714190553448,6,6,3,3,3,0.614801,3,0.727616,Built-up,Built-up,Built-up,Built-up,No Change
4661.0,10,Chennai,13.0799646101865,80.0137957560457,4,4,2,2,2,0.768707,2,0.741446,Agriculture,Agriculture,Agriculture,Agriculture,No Change
4662.0,10,Chennai,12.844246679633535,80.10677138795207,5,1,1,1,1,0.814924,1,0.879739,Vegetation,Vegetation,Vegetation,Vegetation,No Change
4663.0,10,Chennai,12.917189880704042,80.1161138669069,4,4,2,2,2,0.511023,2,0.601736,Agriculture,Agriculture,Agriculture,Agriculture,No Change
4664.0,10,Chennai,12.963902275478256,80.36934894550019,0,0,0,0,0,0.999983,0,0.999994,Water,Water,Water,Water,No Change
4665.0,10,Chennai,12.900840542533066,80.19148251924453,6,6,3,3,3,0.761831,3,0.769621,Built-up,Built-up,Built-up,Built-up,No Change
4666.0,10,Chennai,12.818734525564542,80.16120929416971,6,6,3,3,2,0.494431,3,0.45773,Built-up,Built-up,Agriculture,Built-up,Urban Expansion
4667.0,10,Chennai,13.112483623471626,80.29056669508292,6,6,3,3,3,0.952016,3,0.753877,Built-up,Built-up,Built-up,Built-up,No Change
4668.0,10,Chennai,12.857631577366917,80.17836711609638,6,6,3,3,3,0.919966,3,0.925442,Built-up,Built-up,Built-up,Built-up,No Change
4669.0,10,Chennai,13.035767498207818,80.32811627395911,0,0,0,0,0,1.0,0,0.999994,Water,Water,Water,Water,No Change
4670.0,10,Chennai,12.854307810815676,80.17180941452231,6,6,3,3,3,0.884447,3,0.747305,Built-up,Built-up,Built-up,Built-up,No Change
4671.0,10,Chennai,13.060830494634752,80.36386922226707,0,0,0,0,0,0.999989,0,0.999983,Water,Water,Water,Water,No Change
4672.0,10,Chennai,13.055710097515272,80.12365971529351,6,6,3,3,3,0.56908,3,0.728232,Built-up,Built-up,Built-up,Built-up,No Change
4673.0,10,Chennai,12.884760698947328,80.16327541932318,4,4,2,2,2,0.727867,2,0.654267,Agriculture,Agriculture,Agriculture,Agriculture,No Change
4674.0,10,Chennai,12.989953418717722,80.20289112335286,6,6,3,3,3,0.81585,3,0.871955,Built-up,Built-up,Built-up,Built-up,No Change
4675.0,10,Chennai,12.910362684544731,80.33395532330589,0,0,0,0,0,1.0,0,0.999994,Water,Water,Water,Water,No Change
4676.0,10,Chennai,13.18767261275243,80.31509070233938,6,6,3,3,3,0.921604,3,0.97028,Built-up,Built-up,Built-up,Built-up,No Change
4677.0,10,Chennai,13.114819243210336,80.04415881264893,6,6,3,3,3,0.732633,3,0.64857,Built-up,Built-up,Built-up,Built-up,No Change
4678.0,10,Chennai,12.884221709776854,80.077755804275,6,6,3,3,3,0.78934,3,0.948251,Built-up,Built-up,Built-up,Built-up,No Change
4679.0,10,Chennai,12.8747893992936,80.21959978763748,6,6,3,3,3,0.959506,3,0.812341,Built-up,Built-up,Built-up,Built-up,No Change
4680.0,10,Chennai,13.063345777430287,80.31185676731656,0,0,0,0,0,1.0,0,0.999994,Water,Water,Water,Water,No Change
4681.0,10,Chennai,12.932191745948836,80.20459792239268,6,6,3,3,3,0.923303,3,0.887486,Built-up,Built-up,Built-up,Built-up,No Change
4682.0,10,Chennai,13.178689459911237,80.29227349412274,3,3,1,1,1,0.748266,1,0.793059,Vegetation,Vegetation,Vegetation,Vegetation,No Change
4683.0,10,Chennai,12.872633442611711,80.13434966717453,6,6,3,3,3,0.473741,3,0.511096,Built-up,Built-up,Built-up,Built-up,No Change
4684.0,10,Chennai,13.008548545098996,80.1010221701337,6,6,3,3,3,0.693246,3,0.672664,Built-up,Built-up,Built-up,Built-up,No Change
4685.0,10,Chennai,13.08508500730598,80.28679377088962,6,6,3,3,3,0.785274,3,0.739536,Built-up,Built-up,Built-up,Built-up,No Change
4686.0,10,Chennai,12.99219920692802,80.35192162898828,0,0,0,0,0,0.999983,0,0.999983,Water,Water,Water,Water,No Change
4687.0,10,Chennai,12.93506635485802,80.01792800635265,1,4,1,2,1,0.675344,2,0.788262,Vegetation,Agriculture,Vegetation,Agriculture,Agriculture Gain
4688.0,10,Chennai,13.093978328618762,80.39620857249537,0,0,0,0,0,0.999983,0,0.999529,Water,Water,Water,Water,No Change
4689.0,10,Chennai,12.868501192304764,80.27942758555983,0,0,0,0,0,1.0,0,0.999994,Water,Water,Water,Water,No Change
4690.0,10,Chennai,12.910811842186792,80.25993414389444,0,0,0,0,0,1.0,0,0.999914,Water,Water,Water,Water,No Change
4691.0,10,Chennai,12.963902275478256,80.01280760923316,4,4,2,2,2,0.889389,2,0.793718,Agriculture,Agriculture,Agriculture,Agriculture,No Change
4692.0,10,Chennai,13.049871048168496,80.25104082258166,6,6,3,3,3,0.455519,3,0.767638,Built-up,Built-up,Built-up,Built-up,No Change
4693.0,10,Chennai,12.972705765262628,80.18914689950583,6,6,3,3,3,0.893398,3,0.789902,Built-up,Built-up,Built-up,Built-up,No Change
4694.0,10,Chennai,13.12002947185823,80.38686609354053,0,0,0,0,0,0.999989,0,0.999994,Water,Water,Water,Water,No Change
4695.0,10,Chennai,12.90066087947624,80.109376502276,1,1,1,1,1,0.751862,1,0.85427,Vegetation,Vegetation,Vegetation,Vegetation,No Change
4696.0,10,Chennai,12.9852821792403,80.11862914970244,1,6,1,3,1,0.555933,3,0.828304,Vegetation,Built-up,Vegetation,Built-up,Vegetation Loss
4697.0,10,Chennai,12.811098845649523,80.04577578016034,1,1,1,1,2,0.514231,1,0.590909,Vegetation,Vegetation,Agriculture,Vegetation,Vegetation Gain
4698.0,10,Chennai,12.874519904708364,80.37213372288097,0,0,0,0,0,0.999529,0,0.999278,Water,Water,Water,Water,No Change
4699.0,10,Chennai,13.154255284183185,80.3378180790276,0,0,0,0,0,1.0,0,1.0,Water,Water,Water,Water,No Change
4700.0,10,Chennai,12.801936029751507,80.20513691156314,1,1,1,1,1,0.925491,1,0.866222,Vegetation,Vegetation,Vegetation,Vegetation,No Change
4701.0,10,Chennai,13.076012022936371,80.36548618977848,0,0,0,0,0,1.0,0,0.999983,Water,Water,Water,Water,No Change
4702.0,10,Chennai,13.144733142171516,80.30350243517424,0,0,0,0,0,1.0,0,1.0,Water,Water,Water,Water,No Change
4703.0,10,Chennai,13.0611898207484,80.04829106295588,6,6,3,3,3,0.956956,3,0.818631,Built-up,Built-up,Built-up,Built-up,No Change
4704.0,10,Chennai,12.939378268221793,80.33018239911259,0,0,0,0,0,0.999983,0,0.998886,Water,Water,Water,Water,No Change
4705.0,10,Chennai,12.9957924680645,80.15959232665828,1,1,1,1,1,0.687173,1,0.59767,Vegetation,Vegetation,Vegetation,Vegetation,No Change
4706.0,10,Chennai,13.117873515176342,80.39764587694997,0,0,0,0,0,0.999994,0,0.999983,Water,Water,Water,Water,No Change
4707.0,10,Chennai,12.986899146751716,80.16821615338584,6,6,3,3,3,0.944281,3,0.962208,Built-up,Built-up,Built-up,Built-up,No Change
4708.0,10,Chennai,12.924376402976998,80.19741140011972,6,6,3,3,3,0.956324,3,0.986811,Built-up,Built-up,Built-up,Built-up,No Change
4709.0,10,Chennai,12.933090061232956,80.31284491412909,0,0,0,0,0,0.999994,0,0.999529,Water,Water,Water,Water,No Change
4710.0,10,Chennai,12.88071828016879,80.36584551589213,0,0,0,0,0,0.999983,0,0.999198,Water,Water,Water,Water,No Change
4711.0,10,Chennai,12.85358915858838,80.06526922182574,6,6,3,3,3,0.600405,3,0.594607,Built-up,Built-up,Built-up,Built-up,No Change
4712.0,10,Chennai,13.17752165004188,80.04056555151246,4,4,2,2,2,0.88463,2,0.767456,Agriculture,Agriculture,Agriculture,Agriculture,No Change
4713.0,10,Chennai,13.06577122869741,80.36072511877265,0,0,0,0,0,1.0,0,0.999994,Water,Water,Water,Water,No Change
4714.0,10,Chennai,12.805080133245925,80.21052680326787,7,6,4,3,3,0.782248,3,0.662073,Barren,Built-up,Built-up,Built-up,No Change
4715.0,10,Chennai,13.094068160147176,80.1596821581867,6,6,3,3,3,0.930728,3,0.937681,Built-up,Built-up,Built-up,Built-up,No Change
4716.0,10,Chennai,13.099907209493953,80.09464413161645,6,6,3,3,3,0.707979,3,0.771181,Built-up,Built-up,Built-up,Built-up,No Change
4717.0,10,Chennai,13.062806788259817,80.22301338571712,6,6,3,3,3,0.93107,3,0.900188,Built-up,Built-up,Built-up,Built-up,No Change
4718.0,10,Chennai,12.865267257281934,80.10299846375877,0,1,0,1,0,0.656128,1,0.682484,Water,Vegetation,Water,Vegetation,Water Loss
4719.0,10,Chennai,13.047445596901373,80.12240207389574,6,6,3,3,3,0.403725,2,0.637941,Built-up,Built-up,Built-up,Agriculture,Other Change
4720.0,10,Chennai,13.192972672928734,80.11512572009437,6,6,3,3,3,0.697885,3,0.592696,Built-up,Built-up,Built-up,Built-up,No Change
4721.0,10,Chennai,12.869309676060473,80.35605387929523,0,0,0,0,0,0.999994,0,1.0,Water,Water,Water,Water,No Change
4722.0,10,Chennai,12.990133081774546,80.29532776608875,0,0,0,0,0,1.0,0,0.999663,Water,Water,Water,Water,No Change
4723.0,10,Chennai,12.832209254826337,80.32766711631706,0,0,0,0,0,0.999983,0,0.998424,Water,Water,Water,Water,No Change
4724.0,10,Chennai,13.091912203465288,80.31131777814608,0,0,0,0,0,1.0,0,0.998732,Water,Water,Water,Water,No Change
4725.0,10,Chennai,12.817117558053129,80.39072884926225,0,0,0,0,0,0.999994,0,0.988213,Water,Water,Water,Water,No Change
4726.0,10,Chennai,13.03909126475906,80.19813005234701,6,6,3,3,3,0.886134,3,0.652385,Built-up,Built-up,Built-up,Built-up,No Change
4727.0,10,Chennai,13.180216595894237,80.23037957104691,4,6,2,3,2,0.730421,3,0.825761,Agriculture,Built-up,Agriculture,Built-up,Urban Expansion
4728.0,10,Chennai,13.169616475541629,80.03733161648962,0,0,0,0,0,0.961894,0,0.859765,Water,Water,Water,Water,No Change
4729.0,10,Chennai,13.090385067482284,80.12904960699822,6,6,3,3,3,0.877212,3,0.878383,Built-up,Built-up,Built-up,Built-up,No Change
4730.0,10,Chennai,12.910542347601556,80.08997289213903,6,6,3,3,3,0.373394,3,0.543787,Built-up,Built-up,Built-up,Built-up,No Change
4731.0,10,Chennai,13.127126162602773,80.14530911364079,6,6,3,3,3,0.726511,3,0.877356,Built-up,Built-up,Built-up,Built-up,No Change
4732.0,10,Chennai,13.122275260068529,80.30520923421406,0,0,0,0,0,1.0,0,1.0,Water,Water,Water,Water,No Change
4733.0,10,Chennai,13.180306427422648,80.3663845050626,0,0,0,0,0,1.0,0,0.999983,Water,Water,Water,Water,No Change
4734.0,10,Chennai,12.966148063688555,80.37258288052303,0,0,0,0,0,0.999994,0,0.999209,Water,Water,Water,Water,No Change
4735.0,10,Chennai,13.107093731766907,80.23217620161515,6,6,3,3,3,0.86477,3,0.591974,Built-up,Built-up,Built-up,Built-up,No Change
4736.0,10,Chennai,12.962015813381605,80.29451928233304,0,0,0,0,0,1.0,0,0.999983,Water,Water,Water,Water,No Change
4737.0,10,Chennai,12.882065753094968,80.30458041351518,0,0,0,0,0,0.999983,0,0.999994,Water,Water,Water,Water,No Change
4738.0,10,Chennai,12.941713887960503,80.19678257942084,6,6,3,3,3,0.830007,3,0.974084,Built-up,Built-up,Built-up,Built-up,No Change
4739.0,10,Chennai,13.042504862838715,80.219060798467,6,6,3,3,3,0.796364,3,0.887095,Built-up,Built-up,Built-up,Built-up,No Change
4740.0,10,Chennai,13.126856668017538,80.05404028077425,0,4,0,2,0,0.99685,2,0.427603,Water,Agriculture,Water,Agriculture,Water Loss
4741.0,10,Chennai,12.854667136929322,80.26316807891727,0,0,0,0,0,1.0,0,0.999994,Water,Water,Water,Water,No Change
4742.0,10,Chennai,13.079515452544438,80.21052680326787,6,6,3,3,3,0.682289,3,0.925244,Built-up,Built-up,Built-up,Built-up,No Change
4743.0,10,Chennai,13.19414048279809,80.190494372432,6,6,3,3,3,0.668489,3,0.695716,Built-up,Built-up,Built-up,Built-up,No Change
4744.0,10,Chennai,13.138983924353152,80.04811139989906,3,0,1,0,1,0.861746,0,0.992521,Vegetation,Water,Vegetation,Water,Water Gain
4745.0,10,Chennai,13.158118039904895,80.05188432409236,4,4,2,2,2,0.551954,2,0.76673,Agriculture,Agriculture,Agriculture,Agriculture,No Change
4746.0,10,Chennai,13.149224718592114,80.36584551589213,0,0,0,0,0,0.999989,0,0.999983,Water,Water,Water,Water,No Change
4747.0,10,Chennai,12.981778749632236,80.3002685001514,0,0,0,0,0,0.999989,0,0.999994,Water,Water,Water,Water,No Change
4748.0,10,Chennai,13.068735669135004,80.24017120764381,6,6,3,3,3,0.834215,3,0.784986,Built-up,Built-up,Built-up,Built-up,No Change
4749.0,10,Chennai,13.144283984529457,80.3942322788703,0,0,0,0,0,0.999994,0,0.999983,Water,Water,Water,Water,No Change
4750.0,10,Chennai,13.111585308187506,80.33611127998778,0,0,0,0,0,1.0,0,0.999983,Water,Water,Water,Water,No Change
4751.0,10,Chennai,13.11913115657411,80.24044070222905,6,6,3,3,3,0.604422,3,0.649251,Built-up,Built-up,Built-up,Built-up,No Change
4752.0,10,Chennai,13.02166394824714,80.26828847603676,6,6,3,3,3,0.959553,3,0.871557,Built-up,Built-up,Built-up,Built-up,No Change
4753.0,10,Chennai,13.184259014672776,80.34662156881197,0,0,0,0,0,1.0,0,0.999989,Water,Water,Water,Water,No Change
4754.0,10,Chennai,13.159914670473135,80.01496356591505,2,4,1,2,3,0.397533,1,0.468298,Vegetation,Agriculture,Built-up,Vegetation,Vegetation Gain
4755.0,10,Chennai,12.892126884277106,80.06050815081991,4,6,2,3,2,0.683813,3,0.558518,Agriculture,Built-up,Agriculture,Built-up,Urban Expansion
4756.0,10,Chennai,13.09568512765859,80.23864407166081,6,6,3,3,3,0.950561,3,0.967441,Built-up,Built-up,Built-up,Built-up,No Change
4757.0,10,Chennai,12.838766956400407,80.09230851187773,5,1,1,1,1,0.648121,1,0.865216,Vegetation,Vegetation,Vegetation,Vegetation,No Change
4758.0,10,Chennai,13.024718220213147,80.06221494985974,3,0,1,0,1,0.635062,0,0.999989,Vegetation,Water,Vegetation,Water,Water Gain
4759.0,10,Chennai,12.925005223675882,80.13048691145282,6,6,3,3,3,0.891923,3,0.867519,Built-up,Built-up,Built-up,Built-up,No Change
4760.0,10,Chennai,12.860596017804513,80.22031843986477,1,6,1,3,1,0.848232,3,0.892836,Vegetation,Built-up,Vegetation,Built-up,Vegetation Loss
4761.0,10,Chennai,13.05562026598686,80.25562223053066,6,6,3,3,3,0.814886,3,0.939432,Built-up,Built-up,Built-up,Built-up,No Change
4762.0,10,Chennai,12.904433803669544,80.38183552794946,0,0,0,0,0,0.999994,0,0.999994,Water,Water,Water,Water,No Change
4763.0,10,Chennai,13.078706968788731,80.15608889705022,6,6,3,3,3,0.82161,3,0.855,Built-up,Built-up,Built-up,Built-up,No Change
4764.0,10,Chennai,13.100536030192837,80.30044816320823,0,0,0,0,0,0.999534,0,1.0,Water,Water,Water,Water,No Change
4765.0,10,Chennai,13.05337447777656,80.13875141206671,6,6,3,3,3,0.628258,3,0.919595,Built-up,Built-up,Built-up,Built-up,No Change
4766.0,10,Chennai,13.07538320223749,80.24071019681428,6,6,3,3,3,0.691363,3,0.400709,Built-up,Built-up,Built-up,Built-up,No Change
4767.0,10,Chennai,12.955997100978005,80.36324040156819,0,0,0,0,0,0.999198,0,0.998628,Water,Water,Water,Water,No Change
4768.0,10,Chennai,13.14302634313169,80.21358107523388,0,7,0,4,0,1.0,3,0.591368,Water,Barren,Water,Built-up,Water Loss
4769.0,10,Chennai,13.10763272093738,80.18663161671029,6,6,3,3,3,0.86217,3,0.738339,Built-up,Built-up,Built-up,Built-up,No Change
4770.0,10,Chennai,13.103680133687254,80.29748372277064,6,6,3,3,3,0.895119,3,0.965748,Built-up,Built-up,Built-up,Built-up,No Change
4771.0,10,Chennai,12.886198003401915,80.19561476955148,1,1,1,1,1,0.86373,1,0.793142,Vegetation,Vegetation,Vegetation,Vegetation,No Change
4772.0,10,Chennai,13.112842949585271,80.07730664663295,1,0,1,0,1,0.757285,0,0.869871,Vegetation,Water,Vegetation,Water,Water Gain
4773.0,10,Chennai,13.16234012174026,80.25876633402508,6,6,3,3,3,0.947877,3,0.988591,Built-up,Built-up,Built-up,Built-up,No Change
4774.0,10,Chennai,12.98393470631412,80.31634834373715,0,0,0,0,0,0.999989,0,0.999983,Water,Water,Water,Water,No Change
4775.0,10,Chennai,12.8499958974519,80.22642698379678,6,6,3,3,3,0.964879,3,0.872192,Built-up,Built-up,Built-up,Built-up,No Change
4776.0,10,Chennai,12.851882359548553,80.09230851187773,1,1,1,1,1,0.94548,1,0.867539,Vegetation,Vegetation,Vegetation,Vegetation,No Change
4777.0,10,Chennai,12.926262865073648,80.1994775252732,6,6,3,3,3,0.707521,3,0.545004,Built-up,Built-up,Built-up,Built-up,No Change
4778.0,10,Chennai,13.097212263641593,80.21124545549516,6,6,3,3,3,0.641786,3,0.653693,Built-up,Built-up,Built-up,Built-up,No Change
4779.0,10,Chennai,13.15542309405254,80.17594166482927,0,0,0,0,0,1.0,0,1.0,Water,Water,Water,Water,No Change
4780.0,10,Chennai,12.891138737464576,80.20738269977345,2,0,1,0,1,0.894642,0,0.888299,Vegetation,Water,Vegetation,Water,Water Gain
4781.0,10,Chennai,13.118322672818405,80.17297722439167,6,6,3,3,3,0.886867,3,0.94058,Built-up,Built-up,Built-up,Built-up,No Change
4782.0,10,Chennai,12.968932841069323,80.19507578038102,6,6,3,3,3,0.858817,3,0.874814,Built-up,Built-up,Built-up,Built-up,No Change
4783.0,10,Chennai,12.898774417379592,80.18842824727852,0,0,0,0,0,1.0,0,0.937927,Water,Water,Water,Water,No Change
4784.0,10,Chennai,13.188211601922902,80.06904214601904,0,1,0,1,0,0.688277,1,0.7356,Water,Vegetation,Water,Vegetation,Water Loss
4785.0,10,Chennai,13.195128629610622,80.36620484200579,0,0,0,0,0,1.0,0,0.999994,Water,Water,Water,Water,No Change
4786.0,10,Chennai,12.824753237968142,80.34060285640837,0,0,0,0,0,0.999994,0,0.999652,Water,Water,Water,Water,No Change
4787.0,10,Chennai,13.126587173432302,80.34320797073232,0,0,0,0,0,0.999989,0,0.999994,Water,Water,Water,Water,No Change
4788.0,10,Chennai,13.062627125202992,80.03436717605203,3,4,1,2,1,0.714203,2,0.624526,Vegetation,Agriculture,Vegetation,Agriculture,Agriculture Gain
4789.0,10,Chennai,13.048074417600256,80.24780688755882,6,6,3,3,3,0.551943,3,0.610628,Built-up,Built-up,Built-up,Built-up,No Change
4790.0,10,Chennai,13.179228449081704,80.32658913797611,0,0,0,0,0,1.0,0,1.0,Water,Water,Water,Water,No Change
4791.0,10,Chennai,13.125239700506125,80.3626115808693,0,0,0,0,0,1.0,0,0.999529,Water,Water,Water,Water,No Change
4792.0,10,Chennai,12.867333382435408,80.10111200166212,1,1,1,1,1,0.907183,1,0.918271,Vegetation,Vegetation,Vegetation,Vegetation,No Change
4793.0,10,Chennai,12.971178629279624,80.27340887315623,0,0,0,0,0,1.0,0,0.999994,Water,Water,Water,Water,No Change
4794.0,10,Chennai,12.989953418717722,80.05233348173442,5,0,1,0,1,0.705705,0,0.902512,Vegetation,Water,Vegetation,Water,Water Gain
4795.0,10,Chennai,13.181025079649944,80.29811254346951,6,6,3,3,1,0.756382,3,0.779071,Built-up,Built-up,Vegetation,Built-up,Vegetation Loss
4796.0,10,Chennai,12.90236767851607,80.07667782593406,0,0,0,0,0,0.999849,0,1.0,Water,Water,Water,Water,No Change
4797.0,10,Chennai,13.0446608195206,80.32784677937387,0,0,0,0,0,1.0,0,0.999994,Water,Water,Water,Water,No Change
4798.0,10,Chennai,12.939917257392263,80.14207517861796,6,6,3,3,3,0.921523,3,0.85327,Built-up,Built-up,Built-up,Built-up,No Change
4799.0,10,Chennai,12.890779411350929,80.08395417973543,6,6,3,3,3,0.752029,3,0.813098,Built-up,Built-up,Built-up,Built-up,No Change
4800.0,10,Chennai,12.829604140502388,80.13327168883359,4,4,2,2,2,0.839174,2,0.74767,Agriculture,Agriculture,Agriculture,Agriculture,No Change
4801.0,10,Chennai,12.824663406439733,80.19013504631836,5,1,1,1,1,0.593999,1,0.511257,Vegetation,Vegetation,Vegetation,Vegetation,No Change
4802.0,10,Chennai,12.821788797530548,80.2911955157818,0,0,0,0,0,1.0,0,0.999994,Water,Water,Water,Water,No Change
4803.0,10,Chennai,12.89230654733393,80.23666777803575,1,6,1,3,1,0.479683,2,0.326567,Vegetation,Built-up,Vegetation,Agriculture,Agriculture Gain
4804.0,10,Chennai,12.806607269228929,80.19768089470496,6,6,3,3,3,0.962195,3,0.896749,Built-up,Built-up,Built-up,Built-up,No Change
4805.0,10,Chennai,13.144104321472632,80.09158985965044,6,6,3,3,3,0.561882,3,0.612712,Built-up,Built-up,Built-up,Built-up,No Change
4806.0,10,Chennai,13.093619002505116,80.10380694751447,6,6,3,3,3,0.580966,3,0.898901,Built-up,Built-up,Built-up,Built-up,No Change
4807.0,10,Chennai,12.82699902617844,80.03230105089855,1,1,1,1,1,0.832227,1,0.772848,Vegetation,Vegetation,Vegetation,Vegetation,No Change
4808.0,10,Chennai,12.962015813381605,80.10290863223035,5,5,1,1,1,0.786333,1,0.613606,Vegetation,Vegetation,Vegetation,Vegetation,No Change
4809.0,10,Chennai,12.951685187614231,80.27017493813341,0,0,0,0,0,1.0,0,0.999994,Water,Water,Water,Water,No Change
4810.0,10,Chennai,13.064513587299643,80.27071392730387,6,6,3,3,3,0.937143,3,0.84683,Built-up,Built-up,Built-up,Built-up,No Change
4811.0,10,Chennai,12.898954080436416,80.18169088264763,6,6,3,3,3,0.782661,3,0.916881,Built-up,Built-up,Built-up,Built-up,No Change
4812.0,10,Chennai,13.051218521094674,80.06203528680291,6,6,3,3,3,0.517918,3,0.634666,Built-up,Built-up,Built-up,Built-up,No Change
4813.0,10,Chennai,12.80669710075734,80.1168325191342,3,0,1,0,1,0.797723,0,0.957928,Vegetation,Water,Vegetation,Water,Water Gain
4814.0,10,Chennai,13.0694543213623,80.04631476933082,6,4,3,2,3,0.761966,2,0.790608,Built-up,Agriculture,Built-up,Agriculture,Other Change
4815.0,10,Chennai,12.920244152670048,80.07128793422935,6,6,3,3,2,0.580952,3,0.696453,Built-up,Built-up,Agriculture,Built-up,Urban Expansion
4816.0,10,Chennai,12.82601087936591,80.06266410750179,1,1,1,1,1,0.874694,1,0.786915,Vegetation,Vegetation,Vegetation,Vegetation,No Change
4817.0,10,Chennai,12.821519302945312,80.2325355277288,6,6,3,3,3,0.871771,3,0.697636,Built-up,Built-up,Built-up,Built-up,No Change
4818.0,10,Chennai,12.876406366805014,80.28607511866232,0,0,0,0,0,0.999989,0,0.999994,Water,Water,Water,Water,No Change
4819.0,10,Chennai,12.807056426870988,80.10632223031,1,1,1,1,1,0.940909,1,0.918265,Vegetation,Vegetation,Vegetation,Vegetation,No Change
4820.0,10,Chennai,13.10350047063043,80.35874882514759,0,0,0,0,0,0.999989,0,0.999983,Water,Water,Water,Water,No Change
4821.0,10,Chennai,12.93695281695467,80.25616121970114,6,6,3,3,3,0.743021,3,0.804373,Built-up,Built-up,Built-up,Built-up,No Change
4822.0,10,Chennai,13.035767498207818,80.17405520273262,6,6,3,3,3,0.937476,3,0.979373,Built-up,Built-up,Built-up,Built-up,No Change
4823.0,10,Chennai,12.908476222448082,80.39935267598979,0,0,0,0,0,0.999994,0,0.999198,Water,Water,Water,Water,No Change
4824.0,10,Chennai,12.989234766490426,80.28122421612807,0,0,0,0,0,1.0,0,0.999994,Water,Water,Water,Water,No Change
4825.0,10,Chennai,12.837149988888992,80.36755231493196,0,0,0,0,0,0.999983,0,1.0,Water,Water,Water,Water,No Change
4826.0,10,Chennai,12.996960277933857,80.21591669497258,6,6,3,3,3,0.519988,3,0.876049,Built-up,Built-up,Built-up,Built-up,No Change
4827.0,10,Chennai,13.099188557266656,80.26532403559916,6,6,3,3,3,0.793094,3,0.838551,Built-up,Built-up,Built-up,Built-up,No Change
4828.0,10,Chennai,13.070891625816891,80.19309948675595,6,6,3,3,3,0.780072,3,0.688218,Built-up,Built-up,Built-up,Built-up,No Change
4829.0,10,Chennai,13.074125560839722,80.23154738091627,6,6,3,3,3,0.911264,3,0.756655,Built-up,Built-up,Built-up,Built-up,No Change
4830.0,10,Chennai,13.148775560950051,80.10757987170777,6,6,3,3,3,0.770039,3,0.878838,Built-up,Built-up,Built-up,Built-up,No Change
4831.0,10,Chennai,13.148416234836406,80.04936904129683,1,1,1,1,1,0.841154,1,0.897757,Vegetation,Vegetation,Vegetation,Vegetation,No Change
4832.0,10,Chennai,12.913506788039152,80.38686609354053,0,0,0,0,0,0.999989,0,0.999983,Water,Water,Water,Water,No Change
4833.0,10,Chennai,13.13988223963727,80.03625363814868,6,6,3,3,2,0.331595,2,0.564288,Built-up,Built-up,Agriculture,Agriculture,No Change
4834.0,10,Chennai,13.107992047051027,80.14135652639067,0,0,0,0,0,1.0,0,0.998749,Water,Water,Water,Water,No Change
4835.0,10,Chennai,12.97611936334228,80.13156488979376,6,6,3,3,3,0.744952,3,0.861517,Built-up,Built-up,Built-up,Built-up,No Change
4836.0,10,Chennai,12.885030193532565,80.29919052181046,0,0,0,0,0,0.999983,0,0.998952,Water,Water,Water,Water,No Change
4837.0,10,Chennai,13.026874176895037,80.32389419212375,0,0,0,0,0,1.0,0,0.99947,Water,Water,Water,Water,No Change
4838.0,10,Chennai,12.828705825218268,80.32829593701594,0,0,0,0,0,0.999983,0,0.999994,Water,Water,Water,Water,No Change
4839.0,10,Chennai,12.94378001311398,80.22786428825137,0,1,0,1,0,0.734718,1,0.555438,Water,Vegetation,Water,Vegetation,Water Loss
4840.0,10,Chennai,13.17258091597922,80.06221494985974,4,4,2,2,2,0.876921,2,0.700703,Agriculture,Agriculture,Agriculture,Agriculture,No Change
4841.0,10,Chennai,13.026335187724564,80.38623727284164,0,0,0,0,0,0.999989,0,0.996966,Water,Water,Water,Water,No Change
4842.0,10,Chennai,12.876406366805014,80.12024611721385,0,1,0,1,0,0.616015,1,0.713801,Water,Vegetation,Water,Vegetation,Water Loss
4843.0,10,Chennai,13.014297762917362,80.24160851209841,6,6,3,3,3,0.724411,3,0.513619,Built-up,Built-up,Built-up,Built-up,No Change
4844.0,10,Chennai,12.982407570331118,80.04595544321717,1,0,1,0,1,0.668318,0,0.991693,Vegetation,Water,Vegetation,Water,Water Gain
4845.0,10,Chennai,13.140421228807742,80.21744383095559,6,6,3,3,3,0.465506,2,0.349488,Built-up,Built-up,Built-up,Agriculture,Other Change
4846.0,10,Chennai,12.98429403242777,80.12473769363446,6,6,3,3,3,0.986995,3,0.965768,Built-up,Built-up,Built-up,Built-up,No Change
4847.0,10,Chennai,12.954469964995,80.37455917414809,0,0,0,0,0,0.999994,0,0.999994,Water,Water,Water,Water,No Change
4848.0,10,Chennai,13.166831698160856,80.04748257920018,4,6,2,3,2,0.815723,3,0.837332,Agriculture,Built-up,Agriculture,Built-up,Urban Expansion
4849.0,10,Chennai,12.996600951820207,80.18986555173312,6,6,3,3,3,0.882803,3,0.905381,Built-up,Built-up,Built-up,Built-up,No Change
4850.0,10,Chennai,13.049511722054849,80.37357102733556,0,0,0,0,0,0.999983,0,0.999994,Water,Water,Water,Water,No Change
4851.0,10,Chennai,12.883143731435911,80.24205766974046,6,4,3,2,3,0.495381,2,0.672684,Built-up,Agriculture,Built-up,Agriculture,Other Change
4852.0,10,Chennai,12.876765692918664,80.33135020898195,0,0,0,0,0,0.999994,0,0.999989,Water,Water,Water,Water,No Change
4853.0,10,Chennai,13.021394453661904,80.10820869240665,5,4,1,2,1,0.572832,2,0.766519,Vegetation,Agriculture,Vegetation,Agriculture,Agriculture Gain
4854.0,10,Chennai,12.814692106786003,80.30808384312324,0,0,0,0,0,0.999994,0,0.999994,Water,Water,Water,Water,No Change
4855.0,10,Chennai,12.857451914310094,80.0710184396441,6,6,3,3,3,0.972289,3,0.958942,Built-up,Built-up,Built-up,Built-up,No Change
4856.0,10,Chennai,13.133504201120022,80.37177439676732,0,0,0,0,0,1.0,0,0.999994,Water,Water,Water,Water,No Change
4857.0,10,Chennai,13.002978990337455,80.16309575626636,6,6,3,3,3,0.917972,3,0.875757,Built-up,Built-up,Built-up,Built-up,No Change
4858.0,10,Chennai,13.19458964044015,80.33611127998778,0,0,0,0,0,0.999669,0,1.0,Water,Water,Water,Water,No Change
4859.0,10,Chennai,13.172221589865574,80.24556109934854,6,6,3,3,3,0.886985,3,0.828725,Built-up,Built-up,Built-up,Built-up,No Change
4860.0,10,Chennai,12.834544874565044,80.11467656245232,5,5,1,1,1,0.664993,1,0.719527,Vegetation,Vegetation,Vegetation,Vegetation,No Change
4861.0,10,Chennai,13.05831521183922,80.27574449289494,6,6,3,3,3,0.991104,3,0.868955,Built-up,Built-up,Built-up,Built-up,No Change
4862.0,10,Chennai,12.92078314184052,80.35785050986347,0,0,0,0,0,0.999983,0,0.999994,Water,Water,Water,Water,No Change
4863.0,10,Chennai,12.939647762807027,80.05511825911519,6,6,3,3,3,0.840057,3,0.596513,Built-up,Built-up,Built-up,Built-up,No Change
4864.0,10,Chennai,13.185516656070542,80.24277632196775,4,1,2,1,2,0.654587,1,0.830943,Agriculture,Vegetation,Agriculture,Vegetation,Vegetation Gain
4865.0,10,Chennai,12.96542941146126,80.14710574420903,6,6,3,3,3,0.989805,3,0.94276,Built-up,Built-up,Built-up,Built-up,No Change
4866.0,10,Chennai,12.96686671591585,80.0521538186776,5,1,1,1,1,0.802877,1,0.858238,Vegetation,Vegetation,Vegetation,Vegetation,No Change
4867.0,10,Chennai,12.88763530785651,80.11602403537849,4,6,2,3,2,0.782837,3,0.582493,Agriculture,Built-up,Agriculture,Built-up,Urban Expansion
4868.0,10,Chennai,12.991300891643904,80.11413757328184,6,6,3,3,3,0.827259,3,0.736458,Built-up,Built-up,Built-up,Built-up,No Change
4869.0,10,Chennai,13.023550410343791,80.37599647860269,0,0,0,0,0,0.999994,0,0.999994,Water,Water,Water,Water,No Change
4870.0,10,Chennai,12.875508051520896,80.38560845214276,0,0,0,0,0,0.999983,0,0.999663,Water,Water,Water,Water,No Change
4871.0,10,Chennai,13.110417498318151,80.0919491857641,6,6,3,3,3,0.929771,3,0.963615,Built-up,Built-up,Built-up,Built-up,No Change
4872.0,10,Chennai,12.991750049285962,80.04478763334781,0,0,0,0,0,1.0,0,1.0,Water,Water,Water,Water,No Change
4873.0,10,Chennai,13.15775871379125,80.2611019537638,6,6,3,3,3,0.455847,3,0.875007,Built-up,Built-up,Built-up,Built-up,No Change
4874.0,10,Chennai,13.180935248121532,80.15806519067529,4,1,2,1,2,0.632766,1,0.735269,Agriculture,Vegetation,Agriculture,Vegetation,Vegetation Gain
4875.0,10,Chennai,13.161172311870905,80.02080261526183,4,4,2,2,2,0.718173,2,0.758917,Agriculture,Agriculture,Agriculture,Agriculture,No Change
4876.0,10,Chennai,12.962554802552075,80.14144635791908,6,6,3,3,3,0.452188,3,0.590967,Built-up,Built-up,Built-up,Built-up,No Change
4877.0,10,Chennai,12.80984120425176,80.34257915003343,0,0,0,0,0,0.999983,0,0.999161,Water,Water,Water,Water,No Change
4878.0,10,Chennai,13.175545356416816,80.30080748932188,6,6,3,3,3,0.499578,3,0.82836,Built-up,Built-up,Built-up,Built-up,No Change
4879.0,10,Chennai,12.914584766380097,80.29478877691828,0,0,0,0,0,0.999989,0,0.999994,Water,Water,Water,Water,No Change
4880.0,10,Chennai,12.86374012129893,80.32515183352152,0,0,0,0,0,0.999989,0,0.999994,Water,Water,Water,Water,No Change
4881.0,10,Chennai,13.058944032538102,80.26388673114457,6,6,3,3,3,0.713608,3,0.901979,Built-up,Built-up,Built-up,Built-up,No Change
4882.0,10,Chennai,13.051847341793556,80.39081868079066,0,0,0,0,0,0.999994,0,0.999994,Water,Water,Water,Water,No Change
4883.0,10,Chennai,12.904433803669544,80.19139268771612,6,6,3,3,3,0.957603,3,0.887865,Built-up,Built-up,Built-up,Built-up,No Change
4884.0,10,Chennai,12.937761300710378,80.01559238661393,1,4,1,2,1,0.948116,2,0.794223,Vegetation,Agriculture,Vegetation,Agriculture,Agriculture Gain
4885.0,10,Chennai,13.1370974622565,80.05511825911519,6,6,3,3,3,0.910316,3,0.86969,Built-up,Built-up,Built-up,Built-up,No Change
4886.0,10,Chennai,13.198093070048216,80.37860159292663,0,0,0,0,0,0.999994,0,0.999209,Water,Water,Water,Water,No Change
4887.0,10,Chennai,12.984114369370946,80.13425983564612,6,6,3,3,3,0.794814,3,0.940026,Built-up,Built-up,Built-up,Built-up,No Change
4888.0,10,Chennai,13.05795588572557,80.06095730846197,6,6,3,3,3,0.940788,3,0.787184,Built-up,Built-up,Built-up,Built-up,No Change
4889.0,10,Chennai,13.119580314216169,80.05430977535949,3,0,1,0,2,0.451354,0,0.937507,Vegetation,Water,Agriculture,Water,Water Gain
4890.0,10,Chennai,13.022202937417614,80.22148624973413,6,6,3,3,3,0.951385,3,0.961142,Built-up,Built-up,Built-up,Built-up,No Change
4891.0,10,Chennai,12.945037654511747,80.3610844448863,0,0,0,0,0,0.999983,0,0.999272,Water,Water,Water,Water,No Change
4892.0,10,Chennai,13.067208533152002,80.0709286081157,6,0,3,0,3,0.650308,0,0.710977,Built-up,Water,Built-up,Water,Water Gain
4893.0,10,Chennai,12.822597281286257,80.17872644221003,1,1,1,1,1,0.711364,1,0.64884,Vegetation,Vegetation,Vegetation,Vegetation,No Change
4894.0,10,Chennai,13.078796800317145,80.27942758555983,6,6,3,3,3,0.894019,3,0.871555,Built-up,Built-up,Built-up,Built-up,No Change
4895.0,10,Chennai,12.83059228731492,80.10290863223035,4,2,2,1,2,0.762885,1,0.613229,Agriculture,Vegetation,Agriculture,Vegetation,Vegetation Gain
4896.0,10,Chennai,12.957075079318948,80.31625851220873,0,0,0,0,0,0.999994,0,0.999994,Water,Water,Water,Water,No Change
4897.0,10,Chennai,12.911710157470912,80.12707331337316,6,6,3,3,3,0.683856,3,0.656973,Built-up,Built-up,Built-up,Built-up,No Change
4898.0,10,Chennai,12.94566647521063,80.07335405938282,6,1,3,1,3,0.646974,1,0.641143,Built-up,Vegetation,Built-up,Vegetation,Vegetation Gain
4899.0,10,Chennai,13.011602817065002,80.250681496468,6,6,3,3,3,0.900102,3,0.851729,Built-up,Built-up,Built-up,Built-up,No Change
4900.0,10,Chennai,12.888713286197452,80.38920171327923,0,0,0,0,0,0.999994,0,0.999983,Water,Water,Water,Water,No Change
4901.0,10,Chennai,12.986539820638068,80.09482379467327,6,6,3,3,3,0.914283,3,0.859775,Built-up,Built-up,Built-up,Built-up,No Change
4902.0,10,Chennai,12.948810578705048,80.04927920976841,6,6,3,3,3,0.934787,3,0.819091,Built-up,Built-up,Built-up,Built-up,No Change
4903.0,10,Chennai,13.024987714798383,80.11287993188408,6,6,3,3,3,0.627048,3,0.734092,Built-up,Built-up,Built-up,Built-up,No Change
4904.0,10,Chennai,13.080234104771735,80.25894599708191,6,6,3,3,3,0.865837,3,0.786889,Built-up,Built-up,Built-up,Built-up,No Change
4905.0,10,Chennai,13.045648966333133,80.13219371049264,6,6,3,3,3,0.830316,3,0.959545,Built-up,Built-up,Built-up,Built-up,No Change
4906.0,10,Chennai,13.073676403197664,80.31482120775415,0,0,0,0,0,1.0,0,0.994458,Water,Water,Water,Water,No Change
4907.0,10,Chennai,13.09846990503936,80.27035460119022,6,6,3,3,3,0.74774,3,0.878091,Built-up,Built-up,Built-up,Built-up,No Change
4908.0,10,Chennai,12.89221671580552,80.15240580438534,0,0,0,0,0,0.997964,0,0.999994,Water,Water,Water,Water,No Change
4909.0,10,Chennai,12.946474958966338,80.33018239911259,0,0,0,0,0,0.999215,0,0.999529,Water,Water,Water,Water,No Change
4910.0,10,Chennai,13.163238437024376,80.01720935412534,4,4,2,2,2,0.77825,2,0.819903,Agriculture,Agriculture,Agriculture,Agriculture,No Change
4911.0,10,Chennai,12.959141204472424,80.16408390307889,6,6,3,3,3,0.883428,3,0.800868,Built-up,Built-up,Built-up,Built-up,No Change
4912.0,10,Chennai,12.95761406848942,80.32075008862934,0,0,0,0,0,1.0,0,0.999983,Water,Water,Water,Water,No Change
4913.0,10,Chennai,13.166652035104033,80.2423271643257,6,6,3,3,3,0.929915,3,0.927871,Built-up,Built-up,Built-up,Built-up,No Change
4914.0,10,Chennai,13.101793671590602,80.17899593679527,6,6,3,3,3,0.981865,3,0.982141,Built-up,Built-up,Built-up,Built-up,No Change
4915.0,10,Chennai,13.046816776202489,80.09671025676992,6,6,3,3,3,0.792208,3,0.571825,Built-up,Built-up,Built-up,Built-up,No Change
4916.0,10,Chennai,13.003517979507928,80.30386176128789,0,0,0,0,0,1.0,0,0.996046,Water,Water,Water,Water,No Change
4917.0,10,Chennai,12.85278067483267,80.24026103917222,6,6,3,3,3,0.916096,3,0.771581,Built-up,Built-up,Built-up,Built-up,No Change
4918.0,10,Chennai,12.801397040581035,80.07739647816135,6,6,3,3,3,0.513132,3,0.806114,Built-up,Built-up,Built-up,Built-up,No Change
4919.0,10,Chennai,13.143295837716924,80.05224365020601,3,3,1,1,1,0.69503,1,0.614729,Vegetation,Vegetation,Vegetation,Vegetation,No Change
4920.0,10,Chennai,12.98573133688236,80.22391170100124,6,6,3,3,3,0.55588,3,0.417281,Built-up,Built-up,Built-up,Built-up,No Change
4921.0,10,Chennai,13.025526703968856,80.06724551545081,0,0,0,0,0,1.0,0,1.0,Water,Water,Water,Water,No Change
4922.0,10,Chennai,12.92446623450541,80.36836079868766,0,0,0,0,0,0.999983,0,0.999994,Water,Water,Water,Water,No Change
4923.0,10,Chennai,12.99219920692802,80.34329780226074,0,0,0,0,0,0.999983,0,0.999994,Water,Water,Water,Water,No Change
4924.0,10,Chennai,13.04232519978189,80.23082872868896,6,6,3,3,3,0.778955,3,0.834724,Built-up,Built-up,Built-up,Built-up,No Change
4925.0,10,Chennai,12.949978388574404,80.17854677915321,0,0,0,0,0,0.902759,0,0.89623,Water,Water,Water,Water,No Change
4926.0,10,Chennai,12.811997160933643,80.0694014721327,4,4,2,2,1,0.816556,1,0.67366,Agriculture,Agriculture,Vegetation,Vegetation,No Change
4927.0,10,Chennai,12.861314670031806,80.33799774208443,0,0,0,0,0,0.999983,0,0.999994,Water,Water,Water,Water,No Change
4928.0,10,Chennai,13.098559736567772,80.07209641798505,6,6,3,3,3,0.873747,3,0.883355,Built-up,Built-up,Built-up,Built-up,No Change
4929.0,10,Chennai,13.114639580153511,80.0641912434848,6,6,3,3,3,0.845775,3,0.935064,Built-up,Built-up,Built-up,Built-up,No Change
4930.0,10,Chennai,12.807415752984635,80.16462289224935,4,4,2,2,2,0.905098,2,0.696136,Agriculture,Agriculture,Agriculture,Agriculture,No Change
4931.0,10,Chennai,12.986809315223304,80.36315057003978,0,0,0,0,0,0.999994,0,0.999983,Water,Water,Water,Water,No Change
4932.0,10,Chennai,13.1107768244318,80.36988793467067,0,0,0,0,0,0.999989,0,0.999983,Water,Water,Water,Water,No Change
4933.0,10,Chennai,13.037564128776058,80.18366717627269,6,6,3,3,3,0.843154,3,0.778467,Built-up,Built-up,Built-up,Built-up,No Change
4934.0,10,Chennai,12.897337112925,80.35937764584648,0,0,0,0,0,0.999983,0,0.999946,Water,Water,Water,Water,No Change
4935.0,10,Chennai,13.03819294947494,80.28131404765648,7,0,4,0,4,0.989852,0,0.614248,Barren,Water,Barren,Water,Water Gain
4936.0,10,Chennai,13.04277435742395,80.01783817482423,5,5,1,1,1,0.812664,1,0.693721,Vegetation,Vegetation,Vegetation,Vegetation,No Change
4937.0,10,Chennai,13.022652095059671,80.3708760814832,0,0,0,0,0,0.999989,0,0.999994,Water,Water,Water,Water,No Change
4938.0,10,Chennai,13.060381336992693,80.246100088519,6,6,3,3,3,0.747385,3,0.940833,Built-up,Built-up,Built-up,Built-up,No Change
4939.0,10,Chennai,12.966327726745378,80.38417114768816,0,0,0,0,0,0.999983,0,0.999994,Water,Water,Water,Water,No Change
4940.0,10,Chennai,12.904343972141133,80.1919316768866,6,6,3,3,3,0.89932,3,0.89274,Built-up,Built-up,Built-up,Built-up,No Change
4941.0,10,Chennai,12.840114429326588,80.09823739275292,1,1,1,1,1,0.944011,1,0.883024,Vegetation,Vegetation,Vegetation,Vegetation,No Change
4942.0,10,Chennai,12.932730735119309,80.02385688722784,5,5,1,1,2,0.484321,1,0.462209,Vegetation,Vegetation,Agriculture,Vegetation,Vegetation Gain
4943.0,10,Chennai,12.873262263310597,80.38381182157453,0,0,0,0,0,0.999994,0,0.999994,Water,Water,Water,Water,No Change
4944.0,10,Chennai,13.113292107227332,80.38399148463135,0,0,0,0,0,1.0,0,0.999994,Water,Water,Water,Water,No Change
4945.0,10,Chennai,13.092271529578936,80.12464786210604,6,6,3,3,3,0.824867,3,0.959648,Built-up,Built-up,Built-up,Built-up,No Change
4946.0,10,Chennai,13.072688256385131,80.30134647849235,0,0,0,0,0,0.999669,0,1.0,Water,Water,Water,Water,No Change
4947.0,10,Chennai,12.989234766490426,80.16426356613572,6,7,3,4,3,0.865934,4,0.98741,Built-up,Barren,Built-up,Barren,Other Change
4948.0,10,Chennai,12.818465030979306,80.23244569620039,1,5,1,1,1,0.882153,1,0.867204,Vegetation,Vegetation,Vegetation,Vegetation,No Change
4949.0,10,Chennai,12.808583562853991,80.12662415573111,4,1,2,1,2,0.711229,1,0.872156,Agriculture,Vegetation,Agriculture,Vegetation,Vegetation Gain
4950.0,10,Chennai,12.976748184041163,80.21142511855199,6,6,3,3,3,0.857268,3,0.7814,Built-up,Built-up,Built-up,Built-up,No Change
4951.0,10,Chennai,12.818734525564542,80.21429972746117,6,6,3,3,3,0.721202,3,0.57547,Built-up,Built-up,Built-up,Built-up,No Change
4952.0,10,Chennai,12.976388857927518,80.23999154458699,6,6,3,3,2,0.511927,2,0.561292,Built-up,Built-up,Agriculture,Agriculture,No Change
4953.0,10,Chennai,12.886467497987152,80.0101126633808,6,6,3,3,3,0.551095,3,0.832417,Built-up,Built-up,Built-up,Built-up,No Change
4954.0,10,Chennai,12.855295957628206,80.25849683943984,0,0,0,0,0,1.0,0,0.999989,Water,Water,Water,Water,No Change
4955.0,10,Chennai,13.063615272015523,80.29972951098094,0,0,0,0,0,1.0,0,0.997953,Water,Water,Water,Water,No Change
4956.0,10,Chennai,13.182462384104536,80.14737523879427,6,6,3,3,3,0.626851,3,0.934646,Built-up,Built-up,Built-up,Built-up,No Change
4957.0,10,Chennai,13.039270927815885,80.09599160454263,6,6,3,3,3,0.822253,3,0.89642,Built-up,Built-up,Built-up,Built-up,No Change
4958.0,10,Chennai,13.183450530917067,80.1161138669069,6,6,3,3,1,0.671456,3,0.557282,Built-up,Built-up,Vegetation,Built-up,Vegetation Loss
4959.0,10,Chennai,13.016633382656073,80.15330411966946,6,6,3,3,3,0.959244,3,0.95199,Built-up,Built-up,Built-up,Built-up,No Change
4960.0,10,Chennai,12.987168641336952,80.31877379500428,0,0,0,0,0,0.999989,0,0.999994,Water,Water,Water,Water,No Change
4961.0,10,Chennai,13.198182901576628,80.28930905368514,3,1,1,1,1,0.514133,1,0.787482,Vegetation,Vegetation,Vegetation,Vegetation,No Change
4962.0,10,Chennai,12.918896679743868,80.12401904140715,6,6,3,3,3,0.676771,3,0.619776,Built-up,Built-up,Built-up,Built-up,No Change
4963.0,10,Chennai,12.99210937539961,80.15806519067529,4,4,2,2,2,0.869429,2,0.837822,Agriculture,Agriculture,Agriculture,Agriculture,No Change
4964.0,10,Chennai,12.954739459580235,80.16875514255631,6,6,3,3,3,0.355091,3,0.928361,Built-up,Built-up,Built-up,Built-up,No Change
4965.0,10,Chennai,12.881347100867671,80.11512572009437,6,6,3,3,3,0.552139,3,0.767338,Built-up,Built-up,Built-up,Built-up,No Change
4966.0,10,Chennai,13.192972672928734,80.23011007646167,6,6,3,3,3,0.534814,3,0.750178,Built-up,Built-up,Built-up,Built-up,No Change
4967.0,10,Chennai,12.840383923911824,80.08116940235466,4,1,2,1,2,0.734601,1,0.760239,Agriculture,Vegetation,Agriculture,Vegetation,Vegetation Gain
4968.0,10,Chennai,12.918178027516571,80.09644076218468,6,6,3,3,2,0.540574,3,0.496554,Built-up,Built-up,Agriculture,Built-up,Urban Expansion
4969.0,10,Chennai,13.052835488606089,80.0679641676781,6,6,3,3,3,0.761066,3,0.832924,Built-up,Built-up,Built-up,Built-up,No Change
4970.0,10,Chennai,13.06613055481106,80.27709196582113,6,6,3,3,3,0.930594,3,0.928754,Built-up,Built-up,Built-up,Built-up,No Change
4971.0,10,Chennai,13.181384405763591,80.08134906541147,5,6,1,3,1,0.646223,3,0.625819,Vegetation,Built-up,Vegetation,Built-up,Vegetation Loss
4972.0,10,Chennai,12.976478689455927,80.04523679098988,6,6,3,3,3,0.447854,3,0.47614,Built-up,Built-up,Built-up,Built-up,No Change
4973.0,10,Chennai,13.10350047063043,80.19848937846066,6,6,3,3,3,0.664774,3,0.610093,Built-up,Built-up,Built-up,Built-up,No Change
4974.0,10,Chennai,12.926442528130472,80.133361520362,6,6,3,3,3,0.762306,3,0.936799,Built-up,Built-up,Built-up,Built-up,No Change
4975.0,10,Chennai,13.166741866632444,80.06392174889956,1,3,1,1,1,0.608527,2,0.476715,Vegetation,Vegetation,Vegetation,Agriculture,Agriculture Gain
4976.0,10,Chennai,12.82879565674668,80.02789930600638,0,0,0,0,0,0.945921,0,0.902181,Water,Water,Water,Water,No Change
4977.0,10,Chennai,12.902277846987657,80.27331904162781,0,0,0,0,0,1.0,0,0.999994,Water,Water,Water,Water,No Change
4978.0,10,Chennai,13.10305131298837,80.14018871652131,1,1,1,1,1,0.763669,1,0.56987,Vegetation,Vegetation,Vegetation,Vegetation,No Change
4979.0,10,Chennai,13.001002696712392,80.17737896928385,1,1,1,1,1,0.744322,1,0.918942,Vegetation,Vegetation,Vegetation,Vegetation,No Change
4980.0,10,Chennai,13.02840131287804,80.03849942635898,6,6,3,3,3,0.529354,3,0.541184,Built-up,Built-up,Built-up,Built-up,No Change
4981.0,10,Chennai,12.910901673715204,80.38776440882465,0,0,0,0,0,0.999908,0,0.999994,Water,Water,Water,Water,No Change
4982.0,10,Chennai,13.16979613859845,80.25930532319556,6,6,3,3,3,0.720516,3,0.953622,Built-up,Built-up,Built-up,Built-up,No Change
4983.0,10,Chennai,12.83894661945723,80.31410255552684,0,0,0,0,0,0.999192,0,0.999994,Water,Water,Water,Water,No Change
4984.0,10,Chennai,13.118592167403635,80.29353113552051,6,6,3,3,3,0.59679,3,0.937534,Built-up,Built-up,Built-up,Built-up,No Change
4985.0,10,Chennai,13.144822973699927,80.36647433659101,0,0,0,0,0,1.0,0,0.999983,Water,Water,Water,Water,No Change
4986.0,10,Chennai,12.910003358431084,80.04146386679658,0,0,0,0,0,0.999817,0,0.933372,Water,Water,Water,Water,No Change
4987.0,10,Chennai,12.919256005857516,80.17953492596574,6,6,3,3,3,0.879604,3,0.862202,Built-up,Built-up,Built-up,Built-up,No Change
4988.0,10,Chennai,12.9176390383461,80.34024353029473,0,0,0,0,0,0.999994,0,0.998278,Water,Water,Water,Water,No Change
4989.0,10,Chennai,13.049332058998022,80.13156488979376,6,6,3,3,1,0.426978,3,0.509292,Built-up,Built-up,Vegetation,Built-up,Vegetation Loss
4990.0,10,Chennai,13.016453719599248,80.21259292842134,6,6,3,3,3,0.6787,3,0.75176,Built-up,Built-up,Built-up,Built-up,No Change
4991.0,10,Chennai,12.830053298144447,80.3167076698508,0,0,0,0,0,0.999983,0,0.999994,Water,Water,Water,Water,No Change
4992.0,10,Chennai,13.145002636756752,80.13443949870295,6,6,3,3,3,0.701155,3,0.926849,Built-up,Built-up,Built-up,Built-up,No Change
4993.0,10,Chennai,12.836431336661695,80.03948757317151,1,1,1,1,1,0.90723,1,0.934008,Vegetation,Vegetation,Vegetation,Vegetation,No Change
4994.0,10,Chennai,12.956356427091652,80.30377192975948,0,0,0,0,0,1.0,0,0.999983,Water,Water,Water,Water,No Change
4995.0,10,Chennai,13.176713166286172,80.01729918565375,6,6,3,3,3,0.769251,3,0.835857,Built-up,Built-up,Built-up,Built-up,No Change
4996.0,10,Chennai,13.02849114440645,80.03769094260328,6,6,3,3,3,0.659729,3,0.509089,Built-up,Built-up,Built-up,Built-up,No Change
4997.0,10,Chennai,13.083557871322975,80.25831717638303,6,6,3,3,3,0.915595,3,0.800715,Built-up,Built-up,Built-up,Built-up,No Change
4998.0,10,Chennai,12.812805644689352,80.21492854816005,1,1,1,1,1,0.895186,1,0.861561,Vegetation,Vegetation,Vegetation,Vegetation,No Change
4999.0,10,Chennai,13.11499890626716,80.26307824738886,6,6,3,3,3,0.944185,3,0.954786,Built-up,Built-up,Built-up,Built-up,No Change
5000.0,11,Kochi,9.831117553639835,76.38783594322565,1,1,1,1,1,0.902337,1,0.846822,Vegetation,Vegetation,Vegetation,Vegetation,No Change
5001.0,11,Kochi,9.977632776479732,76.1949676517252,0,0,0,0,0,1.0,0,1.0,Water,Water,Water,Water,No Change
5002.0,11,Kochi,9.818091982020103,76.24796825348825,0,0,0,0,0,1.0,0,1.0,Water,Water,Water,Water,No Change
5003.0,11,Kochi,9.77928476174614,76.31120964949027,6,6,3,3,3,0.714619,3,0.646309,Built-up,Built-up,Built-up,Built-up,No Change
5004.0,11,Kochi,9.858156843691834,76.1965846192366,0,0,0,0,0,1.0,0,1.0,Water,Water,Water,Water,No Change
5005.0,11,Kochi,10.029465568373428,76.4340093488294,1,6,1,3,1,0.789418,3,0.691329,Vegetation,Built-up,Vegetation,Built-up,Vegetation Loss
5006.0,11,Kochi,9.893909791999793,76.24230886719829,0,0,0,0,0,1.0,0,1.0,Water,Water,Water,Water,No Change
5007.0,11,Kochi,9.94170016511495,76.21886283828277,0,0,0,0,0,1.0,0,1.0,Water,Water,Water,Water,No Change
5008.0,11,Kochi,9.88241135636306,76.39619027536797,1,1,1,1,1,0.886921,1,0.722322,Vegetation,Vegetation,Vegetation,Vegetation,No Change
5009.0,11,Kochi,9.850880489890466,76.21886283828277,0,0,0,0,0,1.0,0,1.0,Water,Water,Water,Water,No Change
5010.0,11,Kochi,9.846748239583516,76.24293768789718,0,0,0,0,0,1.0,0,1.0,Water,Water,Water,Water,No Change
5011.0,11,Kochi,9.86947561627174,76.39619027536797,1,6,1,3,1,0.858786,3,0.507447,Vegetation,Built-up,Vegetation,Built-up,Vegetation Loss
5012.0,11,Kochi,9.908282836545704,76.43607547398287,1,1,1,1,1,0.915477,1,0.575081,Vegetation,Vegetation,Vegetation,Vegetation,No Change
5013.0,11,Kochi,9.791861175723811,76.31767751953592,1,1,1,1,1,0.958478,1,0.851678,Vegetation,Vegetation,Vegetation,Vegetation,No Change
5014.0,11,Kochi,10.098995171364278,76.31722836189387,6,6,3,3,3,0.638575,3,0.600103,Built-up,Built-up,Built-up,Built-up,No Change
5015.0,11,Kochi,9.787189936246392,76.33582348827514,0,0,0,0,0,0.998496,0,1.0,Water,Water,Water,Water,No Change
5016.0,11,Kochi,9.928135604324746,76.31471307909833,6,6,3,3,3,0.797385,3,0.860098,Built-up,Built-up,Built-up,Built-up,No Change
5017.0,11,Kochi,10.06180491860173,76.34301001054808,6,6,3,3,3,0.571129,3,0.79505,Built-up,Built-up,Built-up,Built-up,No Change
5018.0,11,Kochi,9.802820622190072,76.39475297091337,1,1,1,1,1,0.921673,1,0.90324,Vegetation,Vegetation,Vegetation,Vegetation,No Change
5019.0,11,Kochi,10.075010153278289,76.24994454711332,3,3,1,1,0,0.667254,0,0.570051,Vegetation,Vegetation,Water,Water,No Change
5020.0,11,Kochi,9.811624111974444,76.19406933644107,0,0,0,0,0,1.0,0,1.0,Water,Water,Water,Water,No Change
5021.0,11,Kochi,9.930471224063457,76.23844611147658,0,0,0,0,0,1.0,0,1.0,Water,Water,Water,Water,No Change
5022.0,11,Kochi,9.874416350334398,76.1761928622871,0,0,0,0,0,0.99604,0,1.0,Water,Water,Water,Water,No Change
5023.0,11,Kochi,9.938286567035297,76.36735435474773,6,1,3,1,3,0.783937,1,0.531784,Built-up,Vegetation,Built-up,Vegetation,Vegetation Gain
5024.0,11,Kochi,9.82159541162817,76.42745164725532,1,1,1,1,1,0.498557,1,0.548555,Vegetation,Vegetation,Vegetation,Vegetation,No Change
5025.0,11,Kochi,9.863097577754491,76.44856205643214,1,1,1,1,1,0.911287,1,0.748813,Vegetation,Vegetation,Vegetation,Vegetation,No Change
5026.0,11,Kochi,9.761408287592165,76.31641987813815,1,1,1,1,1,0.75289,3,0.535579,Vegetation,Vegetation,Vegetation,Built-up,Vegetation Loss
5027.0,11,Kochi,9.90307260789781,76.19865074439008,0,0,0,0,0,1.0,0,1.0,Water,Water,Water,Water,No Change
5028.0,11,Kochi,10.04473692820346,76.24482414999383,0,0,0,0,0,1.0,0,1.0,Water,Water,Water,Water,No Change
5029.0,11,Kochi,9.97116490643407,76.37624767606052,6,6,3,3,3,0.921855,3,0.856569,Built-up,Built-up,Built-up,Built-up,No Change
5030.0,11,Kochi,9.941789996643362,76.29818407787053,6,6,3,3,3,0.884979,3,0.930545,Built-up,Built-up,Built-up,Built-up,No Change
5031.0,11,Kochi,9.9743988414569,76.31794701412116,6,6,3,3,3,0.507595,1,0.431056,Built-up,Built-up,Built-up,Vegetation,Vegetation Gain
5032.0,11,Kochi,10.014104377014984,76.31722836189387,1,1,1,1,1,0.949434,1,0.934692,Vegetation,Vegetation,Vegetation,Vegetation,No Change
5033.0,11,Kochi,10.004043245832843,76.27419905978454,0,0,0,0,0,0.999994,0,1.0,Water,Water,Water,Water,No Change
5034.0,11,Kochi,10.078333919829529,76.19550664089567,0,0,0,0,0,0.631168,0,0.661672,Water,Water,Water,Water,No Change
5035.0,11,Kochi,9.756826879643151,76.16056217634342,0,0,0,0,0,1.0,0,1.0,Water,Water,Water,Water,No Change
5036.0,11,Kochi,9.84926352237905,76.33797944495703,6,6,3,3,3,0.699617,3,0.670794,Built-up,Built-up,Built-up,Built-up,No Change
5037.0,11,Kochi,9.921398239693849,76.35783221273606,6,6,3,3,3,0.738041,3,0.769964,Built-up,Built-up,Built-up,Built-up,No Change
5038.0,11,Kochi,9.9172659893869,76.16164015468436,0,0,0,0,0,1.0,0,1.0,Water,Water,Water,Water,No Change
5039.0,11,Kochi,9.918882956898315,76.25353780824979,3,3,1,1,1,0.569812,1,0.622536,Vegetation,Vegetation,Vegetation,Vegetation,No Change
5040.0,11,Kochi,9.935142463540878,76.33797944495703,0,0,0,0,0,0.977193,0,0.954516,Water,Water,Water,Water,No Change
5041.0,11,Kochi,9.852856783515527,76.40202932471475,6,6,3,3,3,0.656884,3,0.72124,Built-up,Built-up,Built-up,Built-up,No Change
5042.0,11,Kochi,9.925081332358738,76.42358889153361,1,6,1,3,1,0.798152,3,0.683783,Vegetation,Built-up,Vegetation,Built-up,Vegetation Loss
5043.0,11,Kochi,9.947808709046964,76.33717096120131,0,0,0,0,0,0.968377,0,0.987083,Water,Water,Water,Water,No Change
5044.0,11,Kochi,9.868667132516034,76.18517601512829,0,0,0,0,0,1.0,0,1.0,Water,Water,Water,Water,No Change
5045.0,11,Kochi,9.837944749799146,76.39511229702703,1,1,1,1,1,0.945051,1,0.807451,Vegetation,Vegetation,Vegetation,Vegetation,No Change
5046.0,11,Kochi,9.85698903382248,76.39771741135097,1,6,1,3,1,0.959153,3,0.542353,Vegetation,Built-up,Vegetation,Built-up,Vegetation Loss
5047.0,11,Kochi,9.81925979188946,76.36528822959426,0,0,0,0,0,0.650893,0,0.722788,Water,Water,Water,Water,No Change
5048.0,11,Kochi,9.851778805174586,76.24320718248241,0,0,0,0,0,1.0,0,1.0,Water,Water,Water,Water,No Change
5049.0,11,Kochi,9.769043967507178,76.30824520905267,6,6,3,3,3,0.855976,3,0.874113,Built-up,Built-up,Built-up,Built-up,No Change
5050.0,11,Kochi,9.883040177061943,76.28426019096668,6,6,3,3,3,0.422335,2,0.444569,Built-up,Built-up,Built-up,Agriculture,Other Change
5051.0,11,Kochi,9.929393245722514,76.21428143033377,0,0,0,0,0,1.0,0,1.0,Water,Water,Water,Water,No Change
5052.0,11,Kochi,9.78701027318957,76.19442866255473,0,0,0,0,0,1.0,0,1.0,Water,Water,Water,Water,No Change
5053.0,11,Kochi,9.90989980405712,76.27419905978454,6,6,3,3,3,0.833972,3,0.937331,Built-up,Built-up,Built-up,Built-up,No Change
5054.0,11,Kochi,9.787818756945276,76.35145417421882,1,6,1,3,1,0.684115,3,0.635243,Vegetation,Built-up,Vegetation,Built-up,Vegetation Loss
5055.0,11,Kochi,9.802461296076425,76.23350537741392,0,0,0,0,0,1.0,0,1.0,Water,Water,Water,Water,No Change
5056.0,11,Kochi,9.885285965272244,76.25767005855674,0,0,0,0,0,1.0,0,1.0,Water,Water,Water,Water,No Change
5057.0,11,Kochi,9.97341069464437,76.33321837395118,6,6,3,3,3,0.49126,3,0.521903,Built-up,Built-up,Built-up,Built-up,No Change
5058.0,11,Kochi,10.05767266829478,76.22748666501032,0,0,0,0,0,0.784853,0,0.619025,Water,Water,Water,Water,No Change
5059.0,11,Kochi,9.783327180524678,76.35882035954859,1,6,1,3,1,0.946991,3,0.421157,Vegetation,Built-up,Vegetation,Built-up,Vegetation Loss
5060.0,11,Kochi,9.98311249971286,76.44981969782991,1,1,1,1,1,0.885331,1,0.891515,Vegetation,Vegetation,Vegetation,Vegetation,No Change
5061.0,11,Kochi,10.09674938315398,76.34822023919598,6,6,3,3,2,0.451996,3,0.772542,Built-up,Built-up,Agriculture,Built-up,Urban Expansion
5062.0,11,Kochi,9.912145592267418,76.43086524533499,6,6,3,3,2,0.532033,2,0.784999,Built-up,Built-up,Agriculture,Agriculture,No Change
5063.0,11,Kochi,9.82752429250336,76.17152162280968,0,0,0,0,0,1.0,0,0.999989,Water,Water,Water,Water,No Change
5064.0,11,Kochi,9.960295291496225,76.2055677720778,0,0,0,0,0,1.0,0,1.0,Water,Water,Water,Water,No Change
5065.0,11,Kochi,9.972781873945486,76.25677174327262,0,0,0,0,0,1.0,0,1.0,Water,Water,Water,Water,No Change
5066.0,11,Kochi,9.8330938472649,76.40256831388521,1,1,1,1,1,0.740574,1,0.845234,Vegetation,Vegetation,Vegetation,Vegetation,No Change
5067.0,11,Kochi,9.926788131398569,76.1950574832536,0,0,0,0,0,1.0,0,1.0,Water,Water,Water,Water,No Change
5068.0,11,Kochi,10.024255339725537,76.3776849805151,1,6,1,3,1,0.768486,3,0.616258,Vegetation,Built-up,Vegetation,Built-up,Vegetation Loss
5069.0,11,Kochi,9.783506843581502,76.24356650859606,0,0,0,0,0,1.0,0,1.0,Water,Water,Water,Water,No Change
5070.0,11,Kochi,10.037191079816855,76.21922216439643,6,6,3,3,3,0.463953,3,0.448676,Built-up,Built-up,Built-up,Built-up,No Change
5071.0,11,Kochi,9.970895411848836,76.33941674941161,6,6,3,3,3,0.705924,3,0.603883,Built-up,Built-up,Built-up,Built-up,No Change
5072.0,11,Kochi,9.802012138434364,76.2619819719205,0,0,0,0,0,1.0,0,1.0,Water,Water,Water,Water,No Change
5073.0,11,Kochi,9.824649683594176,76.17897763966786,0,0,0,0,0,0.999669,0,1.0,Water,Water,Water,Water,No Change
5074.0,11,Kochi,9.97942940704797,76.3557660875826,1,2,1,1,1,0.814672,1,0.809056,Vegetation,Vegetation,Vegetation,Vegetation,No Change
5075.0,11,Kochi,9.840280369537856,76.24931572641442,0,0,0,0,0,1.0,0,1.0,Water,Water,Water,Water,No Change
5076.0,11,Kochi,10.019853594833348,76.16774869861638,0,0,0,0,0,0.999534,0,1.0,Water,Water,Water,Water,No Change
5077.0,11,Kochi,10.04159282470904,76.23377487199916,0,0,0,0,0,0.991828,0,0.964203,Water,Water,Water,Water,No Change
5078.0,11,Kochi,10.031711356583726,76.4093056785161,1,1,1,1,1,0.873214,1,0.926689,Vegetation,Vegetation,Vegetation,Vegetation,No Change
5079.0,11,Kochi,9.948078203632198,76.28461951708032,0,0,0,0,0,1.0,0,1.0,Water,Water,Water,Water,No Change
5080.0,11,Kochi,9.855731392424712,76.2679108527957,6,6,3,3,2,0.455942,3,0.75383,Built-up,Built-up,Agriculture,Built-up,Urban Expansion
5081.0,11,Kochi,9.99407194617912,76.38747661711201,1,6,1,3,1,0.897217,3,0.512274,Vegetation,Built-up,Vegetation,Built-up,Vegetation Loss
5082.0,11,Kochi,9.75071833571114,76.4265533319712,1,4,1,2,1,0.666234,2,0.594623,Vegetation,Agriculture,Vegetation,Agriculture,Agriculture Gain
5083.0,11,Kochi,10.06270323388585,76.17987595495198,0,0,0,0,0,1.0,0,1.0,Water,Water,Water,Water,No Change
5084.0,11,Kochi,9.881513041078945,76.32387589499635,0,0,0,0,0,1.0,0,1.0,Water,Water,Water,Water,No Change
5085.0,11,Kochi,9.846838071111929,76.15086037127493,0,0,0,0,0,1.0,0,1.0,Water,Water,Water,Water,No Change
5086.0,11,Kochi,9.901994629556867,76.20377114150956,0,0,0,0,0,1.0,0,1.0,Water,Water,Water,Water,No Change
5087.0,11,Kochi,9.917176157858488,76.44056705040347,1,1,1,1,1,0.850096,1,0.759713,Vegetation,Vegetation,Vegetation,Vegetation,No Change
5088.0,11,Kochi,9.80183247537754,76.42817029948262,1,2,1,1,1,0.815609,1,0.907407,Vegetation,Vegetation,Vegetation,Vegetation,No Change
5089.0,11,Kochi,10.077615267602232,76.39996319956127,4,6,2,3,2,0.827447,3,0.725075,Agriculture,Built-up,Agriculture,Built-up,Urban Expansion
5090.0,11,Kochi,9.864175556095436,76.44200435485806,1,1,1,1,1,0.894845,1,0.743199,Vegetation,Vegetation,Vegetation,Vegetation,No Change
5091.0,11,Kochi,9.982304015957151,76.38082908400952,0,0,0,0,0,0.996562,0,0.964919,Water,Water,Water,Water,No Change
5092.0,11,Kochi,10.057043847595898,76.19604563006614,0,0,0,0,0,1.0,0,1.0,Water,Water,Water,Water,No Change
5093.0,11,Kochi,10.02542314959489,76.1792471342531,0,0,0,0,0,1.0,0,1.0,Water,Water,Water,Water,No Change
5094.0,11,Kochi,9.863097577754491,76.24787842195984,0,0,0,0,0,1.0,0,1.0,Water,Water,Water,Water,No Change
5095.0,11,Kochi,9.857617854521363,76.32818780836011,1,1,1,1,1,0.884563,1,0.78988,Vegetation,Vegetation,Vegetation,Vegetation,No Change
5096.0,11,Kochi,10.025962138765362,76.16918600307096,0,0,0,0,0,1.0,0,1.0,Water,Water,Water,Water,No Change
5097.0,11,Kochi,9.757725194927271,76.42331939694837,5,2,1,1,1,0.90438,1,0.811431,Vegetation,Vegetation,Vegetation,Vegetation,No Change
5098.0,11,Kochi,9.863187409282904,76.3130062800585,6,6,3,3,1,0.479856,3,0.646978,Built-up,Built-up,Vegetation,Built-up,Vegetation Loss
5099.0,11,Kochi,9.991736326440408,76.16936566612779,0,0,0,0,0,1.0,0,1.0,Water,Water,Water,Water,No Change
5100.0,11,Kochi,9.777757625763137,76.2453631391643,0,0,0,0,0,1.0,0,1.0,Water,Water,Water,Water,No Change
5101.0,11,Kochi,10.00943313753756,76.17852848202581,0,0,0,0,0,1.0,0,1.0,Water,Water,Water,Water,No Change
5102.0,11,Kochi,9.917894810085784,76.40562258585122,1,6,1,3,1,0.836944,3,0.476538,Vegetation,Built-up,Vegetation,Built-up,Vegetation Loss
5103.0,11,Kochi,9.85932465356119,76.37561885536164,0,0,0,0,0,1.0,0,1.0,Water,Water,Water,Water,No Change
5104.0,11,Kochi,9.970446254206776,76.34175236915033,6,6,3,3,3,0.633079,3,0.51898,Built-up,Built-up,Built-up,Built-up,No Change
5105.0,11,Kochi,9.977453113422907,76.19856091286167,0,0,0,0,0,1.0,0,1.0,Water,Water,Water,Water,No Change
5106.0,11,Kochi,9.824470020537351,76.3047417794446,0,4,0,2,0,0.692444,2,0.655811,Water,Agriculture,Water,Agriculture,Water Loss
5107.0,11,Kochi,10.025782475708535,76.26270062414781,3,3,1,1,1,0.536384,1,0.503612,Vegetation,Vegetation,Vegetation,Vegetation,No Change
5108.0,11,Kochi,9.92562032152921,76.22533070832843,0,0,0,0,0,1.0,0,1.0,Water,Water,Water,Water,No Change
5109.0,11,Kochi,9.949605339615202,76.21769502841342,0,0,0,0,0,1.0,0,1.0,Water,Water,Water,Water,No Change
5110.0,11,Kochi,9.930830550177104,76.26305995026145,6,6,3,3,1,0.425095,3,0.507531,Built-up,Built-up,Vegetation,Built-up,Vegetation Loss
5111.0,11,Kochi,10.02174005693,76.1709826336392,0,0,0,0,0,1.0,0,1.0,Water,Water,Water,Water,No Change
5112.0,11,Kochi,9.994341440764352,76.2295527901638,1,3,1,1,1,0.663216,1,0.456519,Vegetation,Vegetation,Vegetation,Vegetation,No Change
5113.0,11,Kochi,10.036831753703208,76.36906115378756,1,6,1,3,1,0.381784,3,0.887982,Vegetation,Built-up,Vegetation,Built-up,Vegetation Loss
5114.0,11,Kochi,9.934244148256758,76.21050850614046,0,0,0,0,0,1.0,0,1.0,Water,Water,Water,Water,No Change
5115.0,11,Kochi,9.908013341960467,76.30007053996718,0,0,0,0,0,1.0,0,1.0,Water,Water,Water,Water,No Change
5116.0,11,Kochi,10.087856061841196,76.32935561822947,1,1,1,1,1,0.927968,1,0.948065,Vegetation,Vegetation,Vegetation,Vegetation,No Change
5117.0,11,Kochi,9.975656482854667,76.33762011884338,6,6,3,3,3,0.563911,3,0.583983,Built-up,Built-up,Built-up,Built-up,No Change
5118.0,11,Kochi,9.936400104938643,76.22533070832843,0,0,0,0,0,1.0,0,1.0,Water,Water,Water,Water,No Change
5119.0,11,Kochi,9.99407194617912,76.34130321150826,6,6,3,3,3,0.636137,3,0.722909,Built-up,Built-up,Built-up,Built-up,No Change
5120.0,11,Kochi,10.01482302924228,76.21958149051007,6,6,3,3,1,0.513354,1,0.70369,Built-up,Built-up,Vegetation,Vegetation,No Change
5121.0,11,Kochi,10.064859190567736,76.42628383738597,1,6,1,3,1,0.907993,3,0.582792,Vegetation,Built-up,Vegetation,Built-up,Vegetation Loss
5122.0,11,Kochi,9.9563427042461,76.16083167092866,0,0,0,0,0,1.0,0,1.0,Water,Water,Water,Water,No Change
5123.0,11,Kochi,9.962181753592876,76.34363883124698,6,6,3,3,3,0.747618,2,0.500584,Built-up,Built-up,Built-up,Agriculture,Other Change
5124.0,11,Kochi,9.884836807630183,76.23054093697633,0,0,0,0,0,1.0,0,1.0,Water,Water,Water,Water,No Change
5125.0,11,Kochi,9.940083197603537,76.30411295874572,0,0,0,0,0,0.999025,0,0.982363,Water,Water,Water,Water,No Change
5126.0,11,Kochi,10.069081272403098,76.22919346405014,0,0,0,0,0,0.689672,0,0.724431,Water,Water,Water,Water,No Change
5127.0,11,Kochi,9.970805580320423,76.38478167125965,6,6,3,3,3,0.610731,3,0.772252,Built-up,Built-up,Built-up,Built-up,No Change
5128.0,11,Kochi,9.957600345643865,76.2092508647427,0,0,0,0,0,1.0,0,1.0,Water,Water,Water,Water,No Change
5129.0,11,Kochi,9.932357686160108,76.33151157491136,6,6,3,3,3,0.603088,3,0.638917,Built-up,Built-up,Built-up,Built-up,No Change
5130.0,11,Kochi,9.935591621182937,76.31013167114932,6,6,3,3,3,0.853071,3,0.669877,Built-up,Built-up,Built-up,Built-up,No Change
5131.0,11,Kochi,10.096479888568744,76.36852216461709,6,6,3,3,3,0.705963,3,0.692652,Built-up,Built-up,Built-up,Built-up,No Change
5132.0,11,Kochi,10.058031994408427,76.29998070843877,6,6,3,3,3,0.480413,3,0.561548,Built-up,Built-up,Built-up,Built-up,No Change
5133.0,11,Kochi,9.767876157637822,76.21482041950424,0,0,0,0,0,1.0,0,1.0,Water,Water,Water,Water,No Change
5134.0,11,Kochi,9.908731994187765,76.37148660505468,1,1,1,1,1,0.740863,1,0.77434,Vegetation,Vegetation,Vegetation,Vegetation,No Change
5135.0,11,Kochi,9.820966590929286,76.42116344026648,6,6,3,3,3,0.572323,3,0.464591,Built-up,Built-up,Built-up,Built-up,No Change
5136.0,11,Kochi,10.05488789091401,76.26216163497733,3,0,1,0,1,0.630172,0,0.801721,Vegetation,Water,Vegetation,Water,Water Gain
5137.0,11,Kochi,9.870733257669508,76.28920092502933,6,6,3,3,3,0.549216,3,0.602267,Built-up,Built-up,Built-up,Built-up,No Change
5138.0,11,Kochi,10.026051970293771,76.37346289867975,1,1,1,1,1,0.826337,1,0.939261,Vegetation,Vegetation,Vegetation,Vegetation,No Change
5139.0,11,Kochi,9.96191225900764,76.25272932449408,6,6,3,3,3,0.899163,3,0.808594,Built-up,Built-up,Built-up,Built-up,No Change
5140.0,11,Kochi,9.831926037395544,76.16190964926959,0,0,0,0,0,0.999983,0,0.999983,Water,Water,Water,Water,No Change
5141.0,11,Kochi,9.807581693195903,76.21670688160089,0,0,0,0,0,1.0,0,1.0,Water,Water,Water,Water,No Change
5142.0,11,Kochi,10.010870441992154,76.35190333186087,1,1,1,1,1,0.860202,1,0.851697,Vegetation,Vegetation,Vegetation,Vegetation,No Change
5143.0,11,Kochi,10.00242627832143,76.28399069638144,6,6,3,3,3,0.846176,3,0.942055,Built-up,Built-up,Built-up,Built-up,No Change
5144.0,11,Kochi,9.912145592267418,76.2679108527957,6,6,3,3,1,0.373209,3,0.933878,Built-up,Built-up,Vegetation,Built-up,Vegetation Loss
5145.0,11,Kochi,9.91268458143789,76.37175609963991,1,1,1,1,1,0.912668,1,0.812814,Vegetation,Vegetation,Vegetation,Vegetation,No Change
5146.0,11,Kochi,10.005031392645376,76.44344165931265,1,1,1,1,1,0.924288,1,0.925854,Vegetation,Vegetation,Vegetation,Vegetation,No Change
5147.0,11,Kochi,9.989041380588048,76.15032138210445,0,0,0,0,0,1.0,0,1.0,Water,Water,Water,Water,No Change
5148.0,11,Kochi,9.977632776479732,76.15104003433174,0,0,0,0,0,1.0,0,0.999669,Water,Water,Water,Water,No Change
5149.0,11,Kochi,9.791142523496518,76.24257836178353,0,0,0,0,0,1.0,0,1.0,Water,Water,Water,Water,No Change
5150.0,11,Kochi,9.79302898559317,76.21203564212347,0,0,0,0,0,1.0,0,1.0,Water,Water,Water,Water,No Change
5151.0,11,Kochi,9.87315870893663,76.18284039538958,0,0,0,0,0,1.0,0,1.0,Water,Water,Water,Water,No Change
5152.0,11,Kochi,10.03189101964055,76.217605196885,6,6,3,3,3,0.852573,3,0.949582,Built-up,Built-up,Built-up,Built-up,No Change
5153.0,11,Kochi,9.962990237348585,76.29468064826246,6,6,3,3,3,0.784321,3,0.911682,Built-up,Built-up,Built-up,Built-up,No Change
5154.0,11,Kochi,10.01527218688434,76.27051596711965,0,0,0,0,0,0.999534,0,1.0,Water,Water,Water,Water,No Change
5155.0,11,Kochi,10.07240503895434,76.25937685759656,0,0,0,0,0,0.913676,0,1.0,Water,Water,Water,Water,No Change
5156.0,11,Kochi,10.040425014839686,76.16397577442306,0,0,0,0,0,1.0,0,1.0,Water,Water,Water,Water,No Change
5157.0,11,Kochi,10.060996434846023,76.16235880691166,0,0,0,0,0,1.0,0,1.0,Water,Water,Water,Water,No Change
5158.0,11,Kochi,9.97619547202514,76.26521590694334,0,0,0,0,0,1.0,0,1.0,Water,Water,Water,Water,No Change
5159.0,11,Kochi,9.76868464139353,76.17987595495198,0,0,0,0,0,1.0,0,1.0,Water,Water,Water,Water,No Change
5160.0,11,Kochi,9.914481212006129,76.2717736085174,6,6,3,3,3,0.910148,3,0.892303,Built-up,Built-up,Built-up,Built-up,No Change
5161.0,11,Kochi,10.058481152050488,76.35998816941795,6,6,3,3,3,0.670203,3,0.640276,Built-up,Built-up,Built-up,Built-up,No Change
5162.0,11,Kochi,9.79536460533188,76.19775242910596,0,0,0,0,0,1.0,0,1.0,Water,Water,Water,Water,No Change
5163.0,11,Kochi,10.093874774244798,76.21338311504964,0,0,0,0,0,0.986777,0,0.980076,Water,Water,Water,Water,No Change
5164.0,11,Kochi,10.028746916146131,76.1754742100598,0,0,0,0,0,1.0,0,1.0,Water,Water,Water,Water,No Change
5165.0,11,Kochi,10.038089395100975,76.42987709852245,1,1,1,1,1,0.64112,1,0.715363,Vegetation,Vegetation,Vegetation,Vegetation,No Change
5166.0,11,Kochi,9.958049503285926,76.38029009483905,6,6,3,3,3,0.530948,1,0.475622,Built-up,Built-up,Built-up,Vegetation,Vegetation Gain
5167.0,11,Kochi,9.860043305788484,76.41101247755594,1,6,1,3,1,0.803716,3,0.56583,Vegetation,Built-up,Vegetation,Built-up,Vegetation Loss
5168.0,11,Kochi,10.098456182193807,76.15184851808746,0,0,0,0,0,1.0,0,1.0,Water,Water,Water,Water,No Change
5169.0,11,Kochi,9.957241019530215,76.25524460728961,6,6,3,3,3,0.825783,3,0.692454,Built-up,Built-up,Built-up,Built-up,No Change
5170.0,11,Kochi,10.000629647753192,76.44389081695472,1,1,1,1,1,0.945165,1,0.820662,Vegetation,Vegetation,Vegetation,Vegetation,No Change
5171.0,11,Kochi,9.761228624535338,76.26467691777287,0,0,0,0,0,1.0,0,1.0,Water,Water,Water,Water,No Change
5172.0,11,Kochi,9.822134400798642,76.43311103354527,1,1,1,1,1,0.916695,1,0.901934,Vegetation,Vegetation,Vegetation,Vegetation,No Change
5173.0,11,Kochi,10.084442463761542,76.35720339203718,6,6,3,3,3,0.853641,3,0.86733,Built-up,Built-up,Built-up,Built-up,No Change
5174.0,11,Kochi,9.807491861667494,76.38621897571424,1,6,1,3,1,0.804871,3,0.514315,Vegetation,Built-up,Vegetation,Built-up,Vegetation Loss
5175.0,11,Kochi,9.788986566814632,76.37525952924798,1,1,1,1,1,0.866948,1,0.607936,Vegetation,Vegetation,Vegetation,Vegetation,No Change
5176.0,11,Kochi,9.8721705621241,76.27114478781853,0,0,0,0,0,1.0,0,1.0,Water,Water,Water,Water,No Change
5177.0,11,Kochi,9.76410323344452,76.18050477565087,0,0,0,0,0,1.0,0,1.0,Water,Water,Water,Water,No Change
5178.0,11,Kochi,10.093156122017502,76.21643738701565,0,0,0,0,0,0.998419,0,0.984452,Water,Water,Water,Water,No Change
5179.0,11,Kochi,9.837585423685498,76.35163383727564,3,3,1,1,1,0.719057,1,0.726342,Vegetation,Vegetation,Vegetation,Vegetation,No Change
5180.0,11,Kochi,9.862738251640844,76.42691265808486,1,6,1,3,1,0.928742,3,0.496518,Vegetation,Built-up,Vegetation,Built-up,Vegetation Loss
5181.0,11,Kochi,9.753592944620324,76.36385092513966,6,6,3,3,3,0.559608,3,0.481786,Built-up,Built-up,Built-up,Built-up,No Change
5182.0,11,Kochi,9.94951550808679,76.25578359646009,6,6,3,3,3,0.659924,3,0.844332,Built-up,Built-up,Built-up,Built-up,No Change
5183.0,11,Kochi,9.935142463540878,76.29171620782486,0,0,0,0,0,1.0,0,1.0,Water,Water,Water,Water,No Change
5184.0,11,Kochi,9.769762619734474,76.21410176727694,0,0,0,0,0,1.0,0,1.0,Water,Water,Water,Water,No Change
5185.0,11,Kochi,9.958139334814335,76.39376482410084,1,1,1,1,1,0.91573,1,0.794995,Vegetation,Vegetation,Vegetation,Vegetation,No Change
5186.0,11,Kochi,10.036652090646385,76.36061699011684,6,6,3,3,3,0.501739,3,0.642063,Built-up,Built-up,Built-up,Built-up,No Change
5187.0,11,Kochi,9.809378323764143,76.31237745935961,6,6,3,3,3,0.794824,3,0.772143,Built-up,Built-up,Built-up,Built-up,No Change
5188.0,11,Kochi,9.896694569380562,76.20197451094133,0,0,0,0,0,0.999534,0,1.0,Water,Water,Water,Water,No Change
5189.0,11,Kochi,9.909360814886648,76.25290898755091,0,0,0,0,0,0.993064,0,1.0,Water,Water,Water,Water,No Change
5190.0,11,Kochi,9.98778373919028,76.42817029948262,1,6,1,3,1,0.96481,3,0.746363,Vegetation,Built-up,Vegetation,Built-up,Vegetation Loss
5191.0,11,Kochi,9.833722667963784,76.39547162314066,1,1,1,1,1,0.650124,1,0.84744,Vegetation,Vegetation,Vegetation,Vegetation,No Change
5192.0,11,Kochi,10.00799583308297,76.36456957736696,6,6,3,3,3,0.990274,3,0.933702,Built-up,Built-up,Built-up,Built-up,No Change
5193.0,11,Kochi,9.853395772686,76.44029755581823,4,4,2,2,2,0.6651,2,0.720826,Agriculture,Agriculture,Agriculture,Agriculture,No Change
5194.0,11,Kochi,9.937747577864824,76.35271181561659,6,6,3,3,3,0.484551,3,0.613165,Built-up,Built-up,Built-up,Built-up,No Change
5195.0,11,Kochi,9.838034581327555,76.21715603924295,0,0,0,0,0,1.0,0,1.0,Water,Water,Water,Water,No Change
5196.0,11,Kochi,9.770481271961769,76.28183473969955,6,6,3,3,1,0.769505,1,0.524926,Built-up,Built-up,Vegetation,Vegetation,No Change
5197.0,11,Kochi,9.978800586349086,76.23584099715264,3,3,1,1,0,0.978493,0,0.84129,Vegetation,Vegetation,Water,Water,No Change
5198.0,11,Kochi,10.044018275976164,76.33744045578655,6,6,3,3,3,0.948621,3,0.932621,Built-up,Built-up,Built-up,Built-up,No Change
5199.0,11,Kochi,10.066655821135976,76.17394707407679,0,0,0,0,0,1.0,0,1.0,Water,Water,Water,Water,No Change
5200.0,11,Kochi,9.782698359825796,76.35064569046311,1,1,1,1,1,0.945836,1,0.828823,Vegetation,Vegetation,Vegetation,Vegetation,No Change
5201.0,11,Kochi,9.862828083169257,76.43787210455112,6,1,3,1,3,0.620345,1,0.844224,Built-up,Vegetation,Built-up,Vegetation,Vegetation Gain
5202.0,11,Kochi,10.03009438907231,76.17511488394615,0,0,0,0,0,1.0,0,1.0,Water,Water,Water,Water,No Change
5203.0,11,Kochi,9.958947818570046,76.17879797661104,0,0,0,0,0,1.0,0,1.0,Water,Water,Water,Water,No Change
5204.0,11,Kochi,9.864534882209083,76.24392583470971,0,0,0,0,0,1.0,0,1.0,Water,Water,Water,Water,No Change
5205.0,11,Kochi,9.878368937584524,76.2026033316402,0,0,0,0,0,1.0,0,0.999989,Water,Water,Water,Water,No Change
5206.0,11,Kochi,9.79168151266699,76.36915098531597,1,1,1,1,1,0.820761,1,0.881013,Vegetation,Vegetation,Vegetation,Vegetation,No Change
5207.0,11,Kochi,9.985268456394747,76.29863323551258,6,6,3,3,3,0.605521,3,0.557355,Built-up,Built-up,Built-up,Built-up,No Change
5208.0,11,Kochi,9.888969057937134,76.20143552177086,0,0,0,0,0,1.0,0,1.0,Water,Water,Water,Water,No Change
5209.0,11,Kochi,10.058481152050488,76.24176987802782,0,0,0,0,0,1.0,0,1.0,Water,Water,Water,Water,No Change
5210.0,11,Kochi,9.900018335931804,76.3919681935326,6,6,3,3,3,0.448754,3,0.983345,Built-up,Built-up,Built-up,Built-up,No Change
5211.0,11,Kochi,9.842166831634508,76.26961765183553,0,0,0,0,1,0.659546,1,0.762405,Water,Water,Vegetation,Vegetation,No Change
5212.0,11,Kochi,10.055067553970831,76.37822396968558,6,6,3,3,3,0.486767,1,0.502551,Built-up,Built-up,Built-up,Vegetation,Vegetation Gain
5213.0,11,Kochi,10.095581573284624,76.20889153862905,6,6,3,3,3,0.612261,3,0.663663,Built-up,Built-up,Built-up,Built-up,No Change
5214.0,11,Kochi,9.761947276762632,76.29629761577388,0,0,0,0,0,0.998858,0,0.967398,Water,Water,Water,Water,No Change
5215.0,11,Kochi,10.033867313265612,76.32648100932029,6,6,3,3,3,0.833164,3,0.890838,Built-up,Built-up,Built-up,Built-up,No Change
5216.0,11,Kochi,9.86534336596479,76.1957761354809,0,0,0,0,0,1.0,0,1.0,Water,Water,Water,Water,No Change
5217.0,11,Kochi,9.857528022992952,76.36600688182155,0,0,0,0,0,1.0,0,1.0,Water,Water,Water,Water,No Change
5218.0,11,Kochi,9.820247938701993,76.27087529323329,0,0,0,0,0,1.0,0,1.0,Water,Water,Water,Water,No Change
5219.0,11,Kochi,9.818451308133753,76.17825898744057,0,0,0,0,0,1.0,0,1.0,Water,Water,Water,Water,No Change
5220.0,11,Kochi,10.003594088190786,76.44460946918201,1,1,1,1,1,0.916098,1,0.915575,Vegetation,Vegetation,Vegetation,Vegetation,No Change
5221.0,11,Kochi,9.864265387623847,76.33142174338295,1,6,1,3,1,0.673338,3,0.607995,Vegetation,Built-up,Vegetation,Built-up,Vegetation Loss
5222.0,11,Kochi,9.91079811934124,76.18257090080435,0,0,0,0,0,1.0,0,1.0,Water,Water,Water,Water,No Change
5223.0,11,Kochi,9.854922908669003,76.40589208043646,1,1,1,1,1,0.887103,1,0.57958,Vegetation,Vegetation,Vegetation,Vegetation,No Change
5224.0,11,Kochi,9.917176157858488,76.25272932449408,6,6,3,3,1,0.471924,3,0.482955,Built-up,Built-up,Vegetation,Built-up,Vegetation Loss
5225.0,11,Kochi,10.066925315721212,76.21014918002682,6,6,3,3,1,0.437167,3,0.517393,Built-up,Built-up,Vegetation,Built-up,Vegetation Loss
5226.0,11,Kochi,9.76221677134787,76.32666067237712,6,6,3,3,3,0.725197,3,0.884959,Built-up,Built-up,Built-up,Built-up,No Change
5227.0,11,Kochi,10.030543546714371,76.23449352422645,6,6,3,3,3,0.540825,3,0.639409,Built-up,Built-up,Built-up,Built-up,No Change
5228.0,11,Kochi,10.028028263918836,76.16397577442306,0,0,0,0,0,1.0,0,1.0,Water,Water,Water,Water,No Change
5229.0,11,Kochi,9.752874292393027,76.21284412587917,0,0,0,0,0,1.0,0,1.0,Water,Water,Water,Water,No Change
5230.0,11,Kochi,10.004402571946493,76.27186344004582,0,0,0,0,0,1.0,0,1.0,Water,Water,Water,Water,No Change
5231.0,11,Kochi,9.754760754489675,76.18095393329293,0,0,0,0,0,1.0,0,1.0,Water,Water,Water,Water,No Change
5232.0,11,Kochi,9.951940959353912,76.22928329557855,0,0,0,0,0,0.999534,0,1.0,Water,Water,Water,Water,No Change
5233.0,11,Kochi,9.899120020647684,76.42583467974391,1,1,1,1,1,0.667282,1,0.661256,Vegetation,Vegetation,Vegetation,Vegetation,No Change
5234.0,11,Kochi,9.936939094109118,76.3520829949177,6,6,3,3,3,0.828856,3,0.904324,Built-up,Built-up,Built-up,Built-up,No Change
5235.0,11,Kochi,9.92373385943256,76.30438245333096,0,0,0,0,0,1.0,0,1.0,Water,Water,Water,Water,No Change
5236.0,11,Kochi,9.907833678903645,76.2904585664271,0,0,0,0,0,0.836402,0,0.839433,Water,Water,Water,Water,No Change
5237.0,11,Kochi,10.024255339725537,76.23045110544791,6,6,3,3,3,0.739838,3,0.571344,Built-up,Built-up,Built-up,Built-up,No Change
5238.0,11,Kochi,9.811803775031269,76.39484280244179,1,1,1,1,1,0.943484,1,0.708204,Vegetation,Vegetation,Vegetation,Vegetation,No Change
5239.0,11,Kochi,9.899479346761332,76.43966873511935,1,1,1,1,2,0.507667,1,0.532239,Vegetation,Vegetation,Agriculture,Vegetation,Vegetation Gain
5240.0,11,Kochi,9.81189360655968,76.39277667728831,1,1,1,1,1,0.901566,1,0.938367,Vegetation,Vegetation,Vegetation,Vegetation,No Change
5241.0,11,Kochi,9.977722608008143,76.27195327157423,0,0,0,0,0,1.0,0,1.0,Water,Water,Water,Water,No Change
5242.0,11,Kochi,10.010061958236443,76.40508359668075,6,6,3,3,1,0.524121,1,0.498881,Built-up,Built-up,Vegetation,Vegetation,No Change
5243.0,11,Kochi,9.944574774024131,76.30204683359224,6,6,3,3,3,0.631227,3,0.786913,Built-up,Built-up,Built-up,Built-up,No Change
5244.0,11,Kochi,9.956163041189274,76.18355904761688,0,0,0,0,0,1.0,0,1.0,Water,Water,Water,Water,No Change
5245.0,11,Kochi,9.978800586349086,76.22380357234543,7,5,4,1,4,0.982318,1,0.663081,Barren,Vegetation,Barren,Vegetation,Other Change
5246.0,11,Kochi,9.953378263808505,76.21185597906664,0,0,0,0,0,1.0,0,1.0,Water,Water,Water,Water,No Change
5247.0,11,Kochi,9.75853367868298,76.17250976962221,0,0,0,0,0,1.0,0,0.999989,Water,Water,Water,Water,No Change
5248.0,11,Kochi,9.893460634357732,76.31794701412116,0,0,0,0,0,0.975971,0,0.974146,Water,Water,Water,Water,No Change
5249.0,11,Kochi,10.097108709267628,76.27608552188119,6,6,3,3,3,0.949472,3,0.79331,Built-up,Built-up,Built-up,Built-up,No Change
5250.0,11,Kochi,9.77560166908125,76.43535682175558,6,6,3,3,3,0.537625,3,0.497234,Built-up,Built-up,Built-up,Built-up,No Change
5251.0,11,Kochi,9.913313402136774,76.16792836167319,0,0,0,0,0,1.0,0,0.999669,Water,Water,Water,Water,No Change
5252.0,11,Kochi,10.07195588131228,76.2303612739195,0,0,0,0,0,1.0,0,1.0,Water,Water,Water,Water,No Change
5253.0,11,Kochi,9.806593546383374,76.21877300675436,0,0,0,0,0,1.0,0,1.0,Water,Water,Water,Water,No Change
5254.0,11,Kochi,10.039886025669214,76.16963516071303,0,0,0,0,0,1.0,0,1.0,Water,Water,Water,Water,No Change
5255.0,11,Kochi,9.940532355245594,76.19227270587284,0,0,0,0,0,1.0,0,1.0,Water,Water,Water,Water,No Change
5256.0,11,Kochi,9.769223630564,76.32693016696236,1,6,1,3,1,0.854566,1,0.493875,Vegetation,Built-up,Vegetation,Vegetation,No Change
5257.0,11,Kochi,10.063601549169968,76.33627264591719,6,6,3,3,3,0.683002,3,0.582803,Built-up,Built-up,Built-up,Built-up,No Change
5258.0,11,Kochi,9.884477481516535,76.42448720681773,1,6,1,3,1,0.848087,3,0.480821,Vegetation,Built-up,Vegetation,Built-up,Vegetation Loss
5259.0,11,Kochi,9.874146855749162,76.3325895532523,0,0,0,0,0,1.0,0,1.0,Water,Water,Water,Water,No Change
5260.0,11,Kochi,9.89337080282932,76.31390459534262,1,1,1,1,1,0.918035,1,0.893092,Vegetation,Vegetation,Vegetation,Vegetation,No Change
5261.0,11,Kochi,9.810456302105088,76.15373498018411,0,0,0,0,0,0.999994,0,1.0,Water,Water,Water,Water,No Change
5262.0,11,Kochi,9.90028783051704,76.28803311515998,0,0,0,0,0,1.0,0,1.0,Water,Water,Water,Water,No Change
5263.0,11,Kochi,10.094144268830034,76.29782475175688,1,1,1,1,1,0.929911,1,0.937873,Vegetation,Vegetation,Vegetation,Vegetation,No Change
5264.0,11,Kochi,9.941969659700186,76.42089394568126,4,4,2,2,2,0.516069,2,0.58456,Agriculture,Agriculture,Agriculture,Agriculture,No Change
5265.0,11,Kochi,10.072315207425929,76.20934069627111,6,6,3,3,3,0.567599,3,0.666331,Built-up,Built-up,Built-up,Built-up,No Change
5266.0,11,Kochi,9.900018335931804,76.3183063402348,0,0,0,0,0,0.998345,0,0.991252,Water,Water,Water,Water,No Change
5267.0,11,Kochi,9.805066410400372,76.34714226085504,1,6,1,3,1,0.832438,2,0.434105,Vegetation,Built-up,Vegetation,Agriculture,Agriculture Gain
5268.0,11,Kochi,9.862019599413548,76.27878046773354,0,0,0,0,0,0.999669,0,1.0,Water,Water,Water,Water,No Change
5269.0,11,Kochi,9.836866771458205,76.24455465540859,0,0,0,0,0,1.0,0,1.0,Water,Water,Water,Water,No Change
5270.0,11,Kochi,10.020482415532232,76.22497138221479,6,6,3,3,3,0.819247,3,0.863232,Built-up,Built-up,Built-up,Built-up,No Change
5271.0,11,Kochi,9.85932465356119,76.25973618371022,0,0,0,0,0,1.0,0,1.0,Water,Water,Water,Water,No Change
5272.0,11,Kochi,9.770571103490182,76.21212547365188,0,0,0,0,0,1.0,0,0.999989,Water,Water,Water,Water,No Change
5273.0,11,Kochi,9.947988372103788,76.33025393351359,6,6,3,3,3,0.802911,3,0.876436,Built-up,Built-up,Built-up,Built-up,No Change
5274.0,11,Kochi,9.91960160912561,76.30770621988219,5,4,1,2,2,0.523534,2,0.485633,Vegetation,Agriculture,Agriculture,Agriculture,No Change
5275.0,11,Kochi,10.038089395100975,76.29782475175688,6,6,3,3,3,0.816457,3,0.734983,Built-up,Built-up,Built-up,Built-up,No Change
5276.0,11,Kochi,10.088754377125316,76.34067439080938,6,6,3,3,3,0.816884,3,0.690801,Built-up,Built-up,Built-up,Built-up,No Change
5277.0,11,Kochi,10.006199202514733,76.16388594289465,0,0,0,0,0,1.0,0,1.0,Water,Water,Water,Water,No Change
5278.0,11,Kochi,9.90253361872734,76.40822770017517,1,6,1,3,1,0.760163,3,0.575142,Vegetation,Built-up,Vegetation,Built-up,Vegetation Loss
5279.0,11,Kochi,9.937028925637527,76.30276548581953,6,6,3,3,1,0.46327,1,0.602056,Built-up,Built-up,Vegetation,Vegetation,No Change
5280.0,11,Kochi,9.90477940693764,76.16092150245706,0,0,0,0,0,1.0,0,0.999669,Water,Water,Water,Water,No Change
5281.0,11,Kochi,10.01437387160022,76.39151903589054,1,6,1,3,1,0.480471,1,0.548498,Vegetation,Built-up,Vegetation,Vegetation,No Change
5282.0,11,Kochi,9.78153054995644,76.26171247733528,0,0,0,0,0,1.0,0,1.0,Water,Water,Water,Water,No Change
5283.0,11,Kochi,9.825458167349884,76.26611422222746,0,0,0,0,0,1.0,0,1.0,Water,Water,Water,Water,No Change
5284.0,11,Kochi,9.8165648460371,76.24958522099966,0,0,0,0,0,1.0,0,1.0,Water,Water,Water,Water,No Change
5285.0,11,Kochi,10.0442877705614,76.23611049173788,0,0,0,0,0,0.999669,0,0.971568,Water,Water,Water,Water,No Change
5286.0,11,Kochi,9.988232896832342,76.36519839806584,1,2,1,1,1,0.798122,1,0.862095,Vegetation,Vegetation,Vegetation,Vegetation,No Change
5287.0,11,Kochi,9.970985243377246,76.3618746315146,0,4,0,2,0,0.60309,2,0.948896,Water,Agriculture,Water,Agriculture,Water Loss
5288.0,11,Kochi,9.822763221497526,76.20071686954356,0,0,0,0,0,1.0,0,1.0,Water,Water,Water,Water,No Change
5289.0,11,Kochi,9.926249142228096,76.23215790448775,0,0,0,0,0,1.0,0,1.0,Water,Water,Water,Water,No Change
5290.0,11,Kochi,9.753143786978262,76.18921843390683,0,0,0,0,0,1.0,0,1.0,Water,Water,Water,Water,No Change
5291.0,11,Kochi,9.94403578485366,76.2047592883221,0,0,0,0,0,1.0,0,1.0,Water,Water,Water,Water,No Change
5292.0,11,Kochi,9.891394509204256,76.21553907173153,0,0,0,0,0,1.0,0,1.0,Water,Water,Water,Water,No Change
5293.0,11,Kochi,10.046892884885349,76.40876668934564,6,6,3,3,3,0.536774,3,0.524393,Built-up,Built-up,Built-up,Built-up,No Change
5294.0,11,Kochi,9.819529286474696,76.38783594322565,0,0,0,0,0,1.0,0,0.999957,Water,Water,Water,Water,No Change
5295.0,11,Kochi,9.866511175834146,76.2243425615159,0,0,0,0,0,1.0,0,1.0,Water,Water,Water,Water,No Change
5296.0,11,Kochi,9.934693305898818,76.39089021519166,6,6,3,3,3,0.594095,3,0.61947,Built-up,Built-up,Built-up,Built-up,No Change
5297.0,11,Kochi,10.025692644180126,76.16370627983784,0,0,0,0,0,1.0,0,1.0,Water,Water,Water,Water,No Change
5298.0,11,Kochi,10.08848488254008,76.24024274204481,0,0,0,0,0,1.0,0,1.0,Water,Water,Water,Water,No Change
5299.0,11,Kochi,10.037550405930505,76.22712733889668,6,6,3,3,3,0.832143,3,0.71688,Built-up,Built-up,Built-up,Built-up,No Change
5300.0,11,Kochi,10.073932174937344,76.18733197181018,0,0,0,0,0,1.0,0,1.0,Water,Water,Water,Water,No Change
5301.0,11,Kochi,9.915828684932308,76.35441861465641,6,6,3,3,3,0.582946,3,0.695155,Built-up,Built-up,Built-up,Built-up,No Change
5302.0,11,Kochi,9.912594749909475,76.3099520080925,1,1,1,1,1,0.876439,1,0.870645,Vegetation,Vegetation,Vegetation,Vegetation,No Change
5303.0,11,Kochi,9.838393907441205,76.44847222490372,1,1,1,1,1,0.837216,1,0.710313,Vegetation,Vegetation,Vegetation,Vegetation,No Change
5304.0,11,Kochi,10.035304617720204,76.37076795282738,6,6,3,3,3,0.455549,3,0.60965,Built-up,Built-up,Built-up,Built-up,No Change
5305.0,11,Kochi,9.895526759511206,76.35028636434946,0,0,0,0,0,1.0,0,1.0,Water,Water,Water,Water,No Change
5306.0,11,Kochi,9.996587228974652,76.34902872295169,6,1,3,1,3,0.559185,1,0.690452,Built-up,Vegetation,Built-up,Vegetation,Vegetation Gain
5307.0,11,Kochi,9.976105640496728,76.28758395751791,6,6,3,3,3,0.897045,3,0.924298,Built-up,Built-up,Built-up,Built-up,No Change
5308.0,11,Kochi,9.891843666846317,76.30294514887636,0,0,0,0,0,1.0,0,1.0,Water,Water,Water,Water,No Change
5309.0,11,Kochi,9.760959129950102,76.31839617176321,6,6,3,3,3,0.552878,3,0.633387,Built-up,Built-up,Built-up,Built-up,No Change
5310.0,11,Kochi,9.87450618186281,76.25686157480104,0,0,0,0,0,1.0,0,1.0,Water,Water,Water,Water,No Change
5311.0,11,Kochi,9.985807445565218,76.16649105721861,0,0,0,0,0,1.0,0,1.0,Water,Water,Water,Water,No Change
5312.0,11,Kochi,10.031172367413255,76.1964947877082,0,0,0,0,0,1.0,0,1.0,Water,Water,Water,Water,No Change
5313.0,11,Kochi,9.824829346651,76.23871560606182,0,0,0,0,0,1.0,0,1.0,Water,Water,Water,Water,No Change
5314.0,11,Kochi,9.861031452601017,76.1777199982701,0,0,0,0,0,1.0,0,1.0,Water,Water,Water,Water,No Change
5315.0,11,Kochi,9.874146855749162,76.17035381294032,0,0,0,0,0,1.0,0,1.0,Water,Water,Water,Water,No Change
5316.0,11,Kochi,10.04895901003882,76.41783967371525,1,1,1,1,1,0.755831,1,0.743737,Vegetation,Vegetation,Vegetation,Vegetation,No Change
5317.0,11,Kochi,10.03557411230544,76.40705989030582,6,6,3,3,3,0.869119,3,0.872725,Built-up,Built-up,Built-up,Built-up,No Change
5318.0,11,Kochi,9.827883618617006,76.37975110566857,0,0,0,0,0,1.0,0,1.0,Water,Water,Water,Water,No Change
5319.0,11,Kochi,10.021201067759527,76.43912974594888,6,6,3,3,3,0.513109,3,0.635129,Built-up,Built-up,Built-up,Built-up,No Change
5320.0,11,Kochi,9.950054497257264,76.32064195997351,6,6,3,3,3,0.856594,3,0.758145,Built-up,Built-up,Built-up,Built-up,No Change
5321.0,11,Kochi,9.972781873945486,76.15544177922393,0,0,0,0,0,1.0,0,1.0,Water,Water,Water,Water,No Change
5322.0,11,Kochi,9.903701428596694,76.40499376515234,1,6,1,3,1,0.741879,1,0.514042,Vegetation,Built-up,Vegetation,Vegetation,No Change
5323.0,11,Kochi,9.8330938472649,76.30132818136495,0,3,0,1,0,0.880225,1,0.642069,Water,Vegetation,Water,Vegetation,Water Loss
5324.0,11,Kochi,10.020572247060644,76.22533070832843,6,6,3,3,3,0.816149,3,0.782561,Built-up,Built-up,Built-up,Built-up,No Change
5325.0,11,Kochi,10.03970636261239,76.37058828977057,1,2,1,1,1,0.591131,1,0.820021,Vegetation,Vegetation,Vegetation,Vegetation,No Change
5326.0,11,Kochi,9.779644087859788,76.2250612137432,0,0,0,0,0,1.0,0,1.0,Water,Water,Water,Water,No Change
5327.0,11,Kochi,9.84315497844704,76.34947788059375,0,0,0,0,0,1.0,0,1.0,Water,Water,Water,Water,No Change
5328.0,11,Kochi,10.018685784963994,76.16083167092866,0,0,0,0,0,1.0,0,1.0,Water,Water,Water,Water,No Change
5329.0,11,Kochi,9.881782535664176,76.35567625605418,0,0,0,0,0,1.0,0,1.0,Water,Water,Water,Water,No Change
5330.0,11,Kochi,9.976285303553553,76.37885279038446,6,6,3,3,3,0.858422,3,0.75183,Built-up,Built-up,Built-up,Built-up,No Change
5331.0,11,Kochi,9.911426940040124,76.41316843423783,1,6,1,3,1,0.902631,3,0.427573,Vegetation,Built-up,Vegetation,Built-up,Vegetation Loss
5332.0,11,Kochi,9.761048961478515,76.24742926431777,0,0,0,0,0,1.0,0,1.0,Water,Water,Water,Water,No Change
5333.0,11,Kochi,10.0750999848067,76.35980850636112,1,6,1,3,1,0.925985,3,0.671104,Vegetation,Built-up,Vegetation,Built-up,Vegetation Loss
5334.0,11,Kochi,9.773984701569836,76.3978970744078,6,6,3,3,1,0.516724,3,0.449591,Built-up,Built-up,Vegetation,Built-up,Vegetation Loss
5335.0,11,Kochi,10.031082535884842,76.31049099726296,6,6,3,3,3,0.871108,3,0.923206,Built-up,Built-up,Built-up,Built-up,No Change
5336.0,11,Kochi,9.97206322171819,76.30510110555825,6,6,3,3,3,0.717542,3,0.745274,Built-up,Built-up,Built-up,Built-up,No Change
5337.0,11,Kochi,9.920679587466552,76.1980219236912,0,0,0,0,0,1.0,0,1.0,Water,Water,Water,Water,No Change
5338.0,11,Kochi,10.02263837221412,76.18319972150323,0,0,0,0,0,1.0,0,1.0,Water,Water,Water,Water,No Change
5339.0,11,Kochi,9.80919866070732,76.30734689376855,1,0,1,0,1,0.682283,0,0.573113,Vegetation,Water,Vegetation,Water,Water Gain
5340.0,11,Kochi,10.049228504624056,76.1732284218495,0,0,0,0,0,1.0,0,1.0,Water,Water,Water,Water,No Change
5341.0,11,Kochi,9.949156181973144,76.37588834994686,6,6,3,3,3,0.560931,3,0.56892,Built-up,Built-up,Built-up,Built-up,No Change
5342.0,11,Kochi,10.026501127935832,76.27626518493801,1,1,1,1,1,0.938639,1,0.781108,Vegetation,Vegetation,Vegetation,Vegetation,No Change
5343.0,11,Kochi,9.764462559558169,76.31740802495068,1,6,1,3,1,0.91026,3,0.973969,Vegetation,Built-up,Vegetation,Built-up,Vegetation Loss
5344.0,11,Kochi,10.01257724103198,76.33267938478072,6,6,3,3,3,0.517703,3,0.605864,Built-up,Built-up,Built-up,Built-up,No Change
5345.0,11,Kochi,9.870643426141095,76.44937054018784,1,1,1,1,1,0.736153,1,0.829119,Vegetation,Vegetation,Vegetation,Vegetation,No Change
5346.0,11,Kochi,9.938645893148944,76.17834881896898,0,0,0,0,0,1.0,0,1.0,Water,Water,Water,Water,No Change
5347.0,11,Kochi,9.943227301097954,76.27527703812548,5,5,1,1,1,0.673417,1,0.607621,Vegetation,Vegetation,Vegetation,Vegetation,No Change
5348.0,11,Kochi,9.871631572953628,76.36313227291237,0,0,0,0,0,1.0,0,1.0,Water,Water,Water,Water,No Change
5349.0,11,Kochi,10.026950285577891,76.3881952693393,1,1,1,1,1,0.696708,1,0.87906,Vegetation,Vegetation,Vegetation,Vegetation,No Change
5350.0,11,Kochi,9.84225666316292,76.25713106938626,0,0,0,0,0,1.0,0,1.0,Water,Water,Water,Water,No Change
5351.0,11,Kochi,9.944754437080956,76.34139304303667,6,6,3,3,3,0.761137,3,0.838794,Built-up,Built-up,Built-up,Built-up,No Change
5352.0,11,Kochi,10.049767493794528,76.34624394557092,6,6,3,3,3,0.534894,3,0.635942,Built-up,Built-up,Built-up,Built-up,No Change
5353.0,11,Kochi,10.057043847595898,76.32962511281471,1,1,1,1,1,0.875951,1,0.82087,Vegetation,Vegetation,Vegetation,Vegetation,No Change
5354.0,11,Kochi,10.049587830737703,76.35855086496336,6,6,3,3,3,0.558011,3,0.540955,Built-up,Built-up,Built-up,Built-up,No Change
5355.0,11,Kochi,9.794286626990935,76.33546416216149,1,6,1,3,1,0.722764,3,0.511668,Vegetation,Built-up,Vegetation,Built-up,Vegetation Loss
5356.0,11,Kochi,10.021470562344764,76.44981969782991,4,6,2,3,2,0.750554,3,0.44006,Agriculture,Built-up,Agriculture,Built-up,Urban Expansion
5357.0,11,Kochi,9.913672728250422,76.39232751964626,6,6,3,3,1,0.492018,3,0.425715,Built-up,Built-up,Vegetation,Built-up,Vegetation Loss
5358.0,11,Kochi,9.791142523496518,76.35747288662242,1,6,1,3,1,0.835122,2,0.450124,Vegetation,Built-up,Vegetation,Agriculture,Agriculture Gain
5359.0,11,Kochi,9.995958408275769,76.22811548570921,1,1,1,1,1,0.835506,1,0.822929,Vegetation,Vegetation,Vegetation,Vegetation,No Change
5360.0,11,Kochi,10.091898480619736,76.1672097094459,0,0,0,0,0,1.0,0,1.0,Water,Water,Water,Water,No Change
5361.0,11,Kochi,10.016619659810518,76.38388335597553,1,1,1,1,1,0.964884,1,0.870654,Vegetation,Vegetation,Vegetation,Vegetation,No Change
5362.0,11,Kochi,9.980956543030974,76.36573738723632,6,6,3,3,3,0.541436,3,0.449211,Built-up,Built-up,Built-up,Built-up,No Change
5363.0,11,Kochi,10.031262198941668,76.18499635207147,0,0,0,0,0,1.0,0,1.0,Water,Water,Water,Water,No Change
5364.0,11,Kochi,9.770481271961769,76.15499262158187,0,0,0,0,0,1.0,0,1.0,Water,Water,Water,Water,No Change
5365.0,11,Kochi,9.751706482523671,76.34067439080938,0,0,0,0,0,0.999025,0,0.994919,Water,Water,Water,Water,No Change
5366.0,11,Kochi,10.027489274748364,76.31094015490503,6,6,3,3,3,0.795818,3,0.797432,Built-up,Built-up,Built-up,Built-up,No Change
5367.0,11,Kochi,9.929033919608864,76.21796452299866,0,0,0,0,0,1.0,0,1.0,Water,Water,Water,Water,No Change
5368.0,11,Kochi,9.90720485820476,76.23422402964121,0,0,0,0,0,0.999534,0,1.0,Water,Water,Water,Water,No Change
5369.0,11,Kochi,9.835249803946787,76.28641614764857,0,0,0,0,0,1.0,0,1.0,Water,Water,Water,Water,No Change
5370.0,11,Kochi,10.07330335423846,76.43796193607953,1,1,1,1,1,0.887799,1,0.735124,Vegetation,Vegetation,Vegetation,Vegetation,No Change
5371.0,11,Kochi,9.923644027904148,76.36699502863408,6,6,3,3,3,0.412071,1,0.35926,Built-up,Built-up,Built-up,Vegetation,Vegetation Gain
5372.0,11,Kochi,9.889148720993958,76.38460200820282,1,6,1,3,1,0.54873,1,0.515156,Vegetation,Built-up,Vegetation,Vegetation,No Change
5373.0,11,Kochi,9.83489047783314,76.22083913190784,0,0,0,0,0,1.0,0,1.0,Water,Water,Water,Water,No Change
5374.0,11,Kochi,9.917086326330075,76.21508991408948,0,0,0,0,0,1.0,0,1.0,Water,Water,Water,Water,No Change
5375.0,11,Kochi,9.943227301097954,76.2911772186544,0,0,0,0,0,1.0,0,1.0,Water,Water,Water,Water,No Change
5376.0,11,Kochi,9.863187409282904,76.34660327168457,0,0,0,0,0,1.0,0,1.0,Water,Water,Water,Water,No Change
5377.0,11,Kochi,9.92885425655204,76.22928329557855,0,0,0,0,0,1.0,0,1.0,Water,Water,Water,Water,No Change
5378.0,11,Kochi,9.920859250523378,76.41325826576623,1,1,1,1,1,0.77635,1,0.926493,Vegetation,Vegetation,Vegetation,Vegetation,No Change
5379.0,11,Kochi,9.980597216917326,76.28830260974522,6,6,3,3,3,0.838102,3,0.857641,Built-up,Built-up,Built-up,Built-up,No Change
5380.0,11,Kochi,9.975207325212608,76.30644857848442,6,6,3,3,2,0.681881,2,0.58997,Built-up,Built-up,Agriculture,Agriculture,No Change
5381.0,11,Kochi,9.8947182757555,76.29764508870005,0,0,0,0,0,1.0,0,1.0,Water,Water,Water,Water,No Change
5382.0,11,Kochi,9.779015267160904,76.42026512498236,1,1,1,1,1,0.865593,1,0.922284,Vegetation,Vegetation,Vegetation,Vegetation,No Change
5383.0,11,Kochi,9.926338973756506,76.27357023908566,6,6,3,3,3,0.955782,3,0.94331,Built-up,Built-up,Built-up,Built-up,No Change
5384.0,11,Kochi,10.049947156851353,76.32306741124064,1,1,1,1,1,0.84879,1,0.918342,Vegetation,Vegetation,Vegetation,Vegetation,No Change
5385.0,11,Kochi,9.757276037285212,76.42107360873808,3,1,1,1,1,0.817949,1,0.863755,Vegetation,Vegetation,Vegetation,Vegetation,No Change
5386.0,11,Kochi,9.97799210259338,76.34768125002552,6,6,3,3,3,0.66634,2,0.403227,Built-up,Built-up,Built-up,Agriculture,Other Change
5387.0,11,Kochi,9.955085062848331,76.26476674930129,0,0,0,0,0,1.0,0,1.0,Water,Water,Water,Water,No Change
5388.0,11,Kochi,9.909360814886648,76.37606801300369,1,6,1,3,1,0.765722,3,0.631032,Vegetation,Built-up,Vegetation,Built-up,Vegetation Loss
5389.0,11,Kochi,9.90989980405712,76.37202559422515,1,1,1,1,1,0.670403,1,0.56666,Vegetation,Vegetation,Vegetation,Vegetation,No Change
5390.0,11,Kochi,9.896694569380562,76.35540676146894,0,0,0,0,0,1.0,0,1.0,Water,Water,Water,Water,No Change
5391.0,11,Kochi,9.868756964044444,76.23611049173788,0,0,0,0,0,1.0,0,1.0,Water,Water,Water,Water,No Change
5392.0,11,Kochi,10.049138673095644,76.25731073244309,0,0,0,0,0,0.996098,0,0.999669,Water,Water,Water,Water,No Change
5393.0,11,Kochi,10.020662078589057,76.21068816919728,0,0,0,0,0,1.0,0,1.0,Water,Water,Water,Water,No Change
5394.0,11,Kochi,9.879896073567528,76.34426765194586,0,0,0,0,0,1.0,0,1.0,Water,Water,Water,Water,No Change
5395.0,11,Kochi,9.88690293278366,76.40508359668075,1,2,1,1,1,0.722131,2,0.832303,Vegetation,Vegetation,Vegetation,Agriculture,Agriculture Gain
5396.0,11,Kochi,10.072045712840692,76.42826013101103,1,1,1,1,1,0.870206,1,0.573915,Vegetation,Vegetation,Vegetation,Vegetation,No Change
5397.0,11,Kochi,9.813959731713156,76.19820158674803,0,0,0,0,0,1.0,0,1.0,Water,Water,Water,Water,No Change
5398.0,11,Kochi,10.079411898170472,76.23593082868105,0,0,0,0,0,1.0,0,1.0,Water,Water,Water,Water,No Change
5399.0,11,Kochi,10.034855460078145,76.39295634034514,1,1,1,1,1,0.860181,1,0.842203,Vegetation,Vegetation,Vegetation,Vegetation,No Change
5400.0,11,Kochi,10.032070682697372,76.30977234503567,6,6,3,3,3,0.85129,3,0.92235,Built-up,Built-up,Built-up,Built-up,No Change
5401.0,11,Kochi,9.960834280666695,76.17448606324727,0,0,0,0,0,1.0,0,1.0,Water,Water,Water,Water,No Change
5402.0,11,Kochi,9.940891681359243,76.30465194791618,0,0,0,0,0,0.994085,0,0.988027,Water,Water,Water,Water,No Change
5403.0,11,Kochi,10.043209792220456,76.1928116950433,0,0,0,0,0,1.0,0,1.0,Water,Water,Water,Water,No Change
5404.0,11,Kochi,10.054438733271953,76.22272559400449,0,0,0,0,0,1.0,0,0.999957,Water,Water,Water,Water,No Change
5405.0,11,Kochi,9.906396374449052,76.42134310332331,6,6,3,3,3,0.468945,3,0.51127,Built-up,Built-up,Built-up,Built-up,No Change
5406.0,11,Kochi,9.769672788206062,76.4460467736366,4,4,2,2,2,0.703746,2,0.757157,Agriculture,Agriculture,Agriculture,Agriculture,No Change
5407.0,11,Kochi,9.961283438308756,76.2574005639715,6,6,3,3,3,0.68835,3,0.848309,Built-up,Built-up,Built-up,Built-up,No Change
5408.0,11,Kochi,9.756467553529506,76.31668937272339,1,1,1,1,1,0.622728,1,0.563646,Vegetation,Vegetation,Vegetation,Vegetation,No Change
5409.0,11,Kochi,10.055696374669717,76.3159707204961,6,6,3,3,3,0.517172,3,0.560768,Built-up,Built-up,Built-up,Built-up,No Change
5410.0,11,Kochi,10.072225375897515,76.28785345210315,6,6,3,3,1,0.431959,2,0.480947,Built-up,Built-up,Vegetation,Agriculture,Agriculture Gain
5411.0,11,Kochi,9.914660875062951,76.20547794054939,0,0,0,0,0,1.0,0,1.0,Water,Water,Water,Water,No Change
5412.0,11,Kochi,10.094862921057327,76.19757276604913,0,0,0,0,0,0.77003,0,0.734401,Water,Water,Water,Water,No Change
5413.0,11,Kochi,9.84459228290163,76.31480291062674,0,1,0,1,0,0.835878,1,0.464254,Water,Vegetation,Water,Vegetation,Water Loss
5414.0,11,Kochi,10.028836747674545,76.43948907206253,1,1,1,1,1,0.747112,1,0.614857,Vegetation,Vegetation,Vegetation,Vegetation,No Change
5415.0,11,Kochi,10.054079407158302,76.2009863641288,0,0,0,0,0,0.999215,0,1.0,Water,Water,Water,Water,No Change
5416.0,11,Kochi,9.961822427479229,76.23422402964121,0,0,0,0,0,0.999534,0,1.0,Water,Water,Water,Water,No Change
5417.0,11,Kochi,9.951132475598206,76.37714599134463,6,6,3,3,3,0.592273,3,0.544738,Built-up,Built-up,Built-up,Built-up,No Change
5418.0,11,Kochi,9.832105700452368,76.22425272998748,0,0,0,0,0,1.0,0,1.0,Water,Water,Water,Water,No Change
5419.0,11,Kochi,9.760240477722808,76.36501873500902,1,6,1,3,1,0.908019,3,0.461261,Vegetation,Built-up,Vegetation,Built-up,Vegetation Loss
5420.0,11,Kochi,10.084262800704716,76.24194954108465,0,0,0,0,0,1.0,0,1.0,Water,Water,Water,Water,No Change
5421.0,11,Kochi,9.987065086962986,76.21185597906664,0,0,0,0,0,1.0,0,1.0,Water,Water,Water,Water,No Change
5422.0,11,Kochi,9.903521765539873,76.42152276638014,1,6,1,3,1,0.837141,3,0.556546,Vegetation,Built-up,Vegetation,Built-up,Vegetation Loss
5423.0,11,Kochi,9.82294288455435,76.23844611147658,0,0,0,0,0,1.0,0,1.0,Water,Water,Water,Water,No Change
5424.0,11,Kochi,9.934693305898818,76.2963874473023,0,0,0,0,0,1.0,0,1.0,Water,Water,Water,Water,No Change
5425.0,11,Kochi,9.757365868813624,76.37130694199786,0,0,0,0,0,0.890932,0,0.772897,Water,Water,Water,Water,No Change
5426.0,11,Kochi,9.83075822752619,76.44955020324467,1,1,1,1,1,0.826715,1,0.786294,Vegetation,Vegetation,Vegetation,Vegetation,No Change
5427.0,11,Kochi,9.937747577864824,76.40328696611252,4,4,2,2,1,0.672832,1,0.625726,Agriculture,Agriculture,Vegetation,Vegetation,No Change
5428.0,11,Kochi,10.01859595343558,76.35459827771324,6,6,3,3,3,0.499778,3,0.512613,Built-up,Built-up,Built-up,Built-up,No Change
5429.0,11,Kochi,10.086418757386603,76.21787469147024,0,0,0,0,0,0.987783,0,0.989025,Water,Water,Water,Water,No Change
5430.0,11,Kochi,10.083274653892186,76.24491398152225,0,0,0,0,0,1.0,0,1.0,Water,Water,Water,Water,No Change
5431.0,11,Kochi,10.05497772244242,76.37525952924798,1,1,1,1,1,0.874712,1,0.721021,Vegetation,Vegetation,Vegetation,Vegetation,No Change
5432.0,11,Kochi,9.97107507490566,76.26314978178986,0,0,0,0,0,1.0,0,1.0,Water,Water,Water,Water,No Change
5433.0,11,Kochi,9.832015868923955,76.2919857024101,0,0,0,0,0,1.0,0,1.0,Water,Water,Water,Water,No Change
5434.0,11,Kochi,9.987963402247106,76.27437872284136,1,1,1,1,1,0.762983,1,0.877552,Vegetation,Vegetation,Vegetation,Vegetation,No Change
5435.0,11,Kochi,9.998922848713365,76.33654214050243,6,6,3,3,3,0.856748,3,0.855521,Built-up,Built-up,Built-up,Built-up,No Change
5436.0,11,Kochi,9.921577902750672,76.24150038344258,0,0,0,0,0,1.0,0,1.0,Water,Water,Water,Water,No Change
5437.0,11,Kochi,10.01392471395816,76.41011416227182,1,1,1,1,1,0.831699,1,0.863821,Vegetation,Vegetation,Vegetation,Vegetation,No Change
5438.0,11,Kochi,10.0563251953686,76.19999821731626,0,0,0,0,0,1.0,0,1.0,Water,Water,Water,Water,No Change
5439.0,11,Kochi,9.813061416429036,76.21437126186217,0,0,0,0,0,1.0,0,1.0,Water,Water,Water,Water,No Change
5440.0,11,Kochi,10.038179226629389,76.40723955336264,6,6,3,3,3,0.625603,3,0.637772,Built-up,Built-up,Built-up,Built-up,No Change
5441.0,11,Kochi,10.018416290378758,76.26683287445475,0,0,0,0,0,1.0,0,1.0,Water,Water,Water,Water,No Change
5442.0,11,Kochi,10.079681392755708,76.354328783128,6,6,3,3,1,0.546895,1,0.660683,Built-up,Built-up,Vegetation,Vegetation,No Change
5443.0,11,Kochi,9.81746316132122,76.32585218862141,3,1,1,1,1,0.712059,1,0.839995,Vegetation,Vegetation,Vegetation,Vegetation,No Change
5444.0,11,Kochi,9.828602270844302,76.37265441492404,0,0,0,0,0,1.0,0,1.0,Water,Water,Water,Water,No Change
5445.0,11,Kochi,10.01760780662305,76.23979358440276,0,0,0,0,0,1.0,0,1.0,Water,Water,Water,Water,No Change
5446.0,11,Kochi,9.903791260125107,76.27294141838676,6,6,3,3,3,0.738197,3,0.652841,Built-up,Built-up,Built-up,Built-up,No Change
5447.0,11,Kochi,9.825637830406707,76.39852589510667,1,1,1,1,1,0.955003,1,0.896494,Vegetation,Vegetation,Vegetation,Vegetation,No Change
5448.0,11,Kochi,10.097557866909687,76.21392210422012,0,0,0,0,0,0.798914,0,0.716674,Water,Water,Water,Water,No Change
5449.0,11,Kochi,9.801113823150246,76.39286650881672,1,1,1,1,1,0.827241,1,0.742405,Vegetation,Vegetation,Vegetation,Vegetation,No Change
5450.0,11,Kochi,9.98401081499698,76.20538810902099,0,0,0,0,0,1.0,0,1.0,Water,Water,Water,Water,No Change
5451.0,11,Kochi,10.073213522710049,76.243117350954,0,0,0,0,0,0.999491,0,1.0,Water,Water,Water,Water,No Change
5452.0,11,Kochi,9.874596013391225,76.1830200584464,0,0,0,0,0,1.0,0,1.0,Water,Water,Water,Water,No Change
5453.0,11,Kochi,9.944395110967308,76.29728576258641,6,6,3,3,3,0.593006,3,0.512447,Built-up,Built-up,Built-up,Built-up,No Change
5454.0,11,Kochi,9.780811897729144,76.22245609941925,0,0,0,0,0,1.0,0,1.0,Water,Water,Water,Water,No Change
5455.0,11,Kochi,10.068003294062157,76.1964947877082,0,0,0,0,0,1.0,0,1.0,Water,Water,Water,Water,No Change
5456.0,11,Kochi,10.066027000437092,76.44020772428982,1,1,1,1,1,0.647354,1,0.728403,Vegetation,Vegetation,Vegetation,Vegetation,No Change
5457.0,11,Kochi,9.809108829178909,76.20727457111764,0,0,0,0,0,1.0,0,0.999989,Water,Water,Water,Water,No Change
5458.0,11,Kochi,9.936579767995468,76.43535682175558,1,6,1,3,1,0.66806,3,0.520355,Vegetation,Built-up,Vegetation,Built-up,Vegetation Loss
5459.0,11,Kochi,10.06773379947692,76.2070050765324,0,0,0,0,0,0.824531,0,0.880933,Water,Water,Water,Water,No Change
5460.0,11,Kochi,9.982932836656037,76.34112354845143,5,6,1,3,1,0.466931,1,0.619461,Vegetation,Built-up,Vegetation,Vegetation,No Change
5461.0,11,Kochi,10.093066290489087,76.38639863877107,1,1,1,1,1,0.907999,1,0.93394,Vegetation,Vegetation,Vegetation,Vegetation,No Change
5462.0,11,Kochi,9.964158047217936,76.27168377698901,6,6,3,3,3,0.565368,3,0.737336,Built-up,Built-up,Built-up,Built-up,No Change
5463.0,11,Kochi,10.08022038192618,76.18113359634975,0,0,0,0,0,1.0,0,1.0,Water,Water,Water,Water,No Change
5464.0,11,Kochi,9.800395170922949,76.4205346195676,1,1,1,1,1,0.947006,1,0.933106,Vegetation,Vegetation,Vegetation,Vegetation,No Change
5465.0,11,Kochi,9.816924172150747,76.44137553415918,6,6,3,3,3,0.512452,3,0.537788,Built-up,Built-up,Built-up,Built-up,No Change
5466.0,11,Kochi,9.882501187891474,76.30752655682537,0,0,0,0,0,1.0,0,1.0,Water,Water,Water,Water,No Change
5467.0,11,Kochi,9.822763221497526,76.21257463129393,0,0,0,0,0,1.0,0,1.0,Water,Water,Water,Water,No Change
5468.0,11,Kochi,9.84558042971416,76.41244978201053,6,6,3,3,3,0.644846,3,0.735413,Built-up,Built-up,Built-up,Built-up,No Change
5469.0,11,Kochi,10.03557411230544,76.43436867494304,6,6,3,3,1,0.47259,3,0.402538,Built-up,Built-up,Vegetation,Built-up,Vegetation Loss
5470.0,11,Kochi,9.99137700032676,76.27303124991518,1,1,1,1,1,0.81453,1,0.929796,Vegetation,Vegetation,Vegetation,Vegetation,No Change
5471.0,11,Kochi,9.864714545265906,76.27114478781853,0,0,0,0,0,1.0,0,1.0,Water,Water,Water,Water,No Change
5472.0,11,Kochi,9.980687048445738,76.17008431835508,0,0,0,0,0,1.0,0,1.0,Water,Water,Water,Water,No Change
5473.0,11,Kochi,9.80174264384913,76.41613287467543,1,1,1,1,1,0.801094,1,0.858171,Vegetation,Vegetation,Vegetation,Vegetation,No Change
5474.0,11,Kochi,9.967122487655534,76.23386470352757,0,0,0,0,0,1.0,0,1.0,Water,Water,Water,Water,No Change
5475.0,11,Kochi,9.923105038733675,76.31704869883704,6,6,3,3,3,0.861644,3,0.901043,Built-up,Built-up,Built-up,Built-up,No Change
5476.0,11,Kochi,9.915110032705012,76.24347667706765,0,0,0,0,0,0.998646,0,1.0,Water,Water,Water,Water,No Change
5477.0,11,Kochi,9.768504978336706,76.18688281416811,0,0,0,0,0,1.0,0,1.0,Water,Water,Water,Water,No Change
5478.0,11,Kochi,9.802191801491189,76.321180949144,1,1,1,1,1,0.815138,1,0.923473,Vegetation,Vegetation,Vegetation,Vegetation,No Change
5479.0,11,Kochi,10.043299623748869,76.17691151451439,0,0,0,0,0,1.0,0,1.0,Water,Water,Water,Water,No Change
5480.0,11,Kochi,9.88241135636306,76.30141801289336,6,6,3,3,3,0.546176,3,0.805837,Built-up,Built-up,Built-up,Built-up,No Change
5481.0,11,Kochi,10.035304617720204,76.1596638610593,0,0,0,0,0,1.0,0,1.0,Water,Water,Water,Water,No Change
5482.0,11,Kochi,10.029016410731368,76.18840995015113,0,0,0,0,0,1.0,0,1.0,Water,Water,Water,Water,No Change
5483.0,11,Kochi,9.975476819797844,76.43023642463609,1,6,1,3,1,0.933041,3,0.509111,Vegetation,Built-up,Vegetation,Built-up,Vegetation Loss
5484.0,11,Kochi,9.964427541803174,76.4061615750217,6,6,3,3,3,0.564315,3,0.57674,Built-up,Built-up,Built-up,Built-up,No Change
5485.0,11,Kochi,9.794196795462526,76.4362551370397,0,0,0,0,0,0.9625,0,0.930156,Water,Water,Water,Water,No Change
5486.0,11,Kochi,9.930381392535043,76.20206434246974,0,0,0,0,0,1.0,0,1.0,Water,Water,Water,Water,No Change
5487.0,11,Kochi,9.758803173268216,76.44209418638647,4,4,2,2,2,0.718195,2,0.746121,Agriculture,Agriculture,Agriculture,Agriculture,No Change
5488.0,11,Kochi,9.932267854631696,76.19245236892966,0,0,0,0,0,1.0,0,1.0,Water,Water,Water,Water,No Change
5489.0,11,Kochi,9.891304677675844,76.39457330785655,1,1,1,1,1,0.955813,1,0.853807,Vegetation,Vegetation,Vegetation,Vegetation,No Change
5490.0,11,Kochi,9.90442008082399,76.41038365685705,1,6,1,3,1,0.950952,3,0.476928,Vegetation,Built-up,Vegetation,Built-up,Vegetation Loss
5491.0,11,Kochi,10.044197939032989,76.23081043156157,0,0,0,0,0,0.817666,0,0.830749,Water,Water,Water,Water,No Change
5492.0,11,Kochi,10.000449984696369,76.25704123785785,0,0,0,0,0,1.0,0,1.0,Water,Water,Water,Water,No Change
5493.0,11,Kochi,10.003953414304434,76.18508618359988,0,0,0,0,0,1.0,0,1.0,Water,Water,Water,Water,No Change
5494.0,11,Kochi,10.077345773016996,76.1988304074469,3,3,1,1,1,0.576652,1,0.602107,Vegetation,Vegetation,Vegetation,Vegetation,No Change
5495.0,11,Kochi,10.07563897397717,76.4055327543228,6,1,3,1,3,0.543546,1,0.752876,Built-up,Vegetation,Built-up,Vegetation,Vegetation Gain
5496.0,11,Kochi,9.822134400798642,76.15481295852506,0,0,0,0,0,0.999983,0,0.999983,Water,Water,Water,Water,No Change
5497.0,11,Kochi,9.89561659103962,76.44101620804553,1,6,1,3,1,0.648045,3,0.507042,Vegetation,Built-up,Vegetation,Built-up,Vegetation Loss
5498.0,11,Kochi,9.97170389560454,76.1776301667417,0,0,0,0,0,1.0,0,1.0,Water,Water,Water,Water,No Change
5499.0,11,Kochi,10.050665809078648,76.2904585664271,6,6,3,3,3,0.742918,3,0.857754,Built-up,Built-up,Built-up,Built-up,No Change
5500.0,12,Guwahati,26.18413881728002,91.74085263258398,6,6,3,3,3,0.650969,3,0.776342,Built-up,Built-up,Built-up,Built-up,No Change
5501.0,12,Guwahati,26.252410778873102,91.6424871089729,1,1,1,1,1,0.754346,1,0.620859,Vegetation,Vegetation,Vegetation,Vegetation,No Change
5502.0,12,Guwahati,26.003128287529936,91.69638602602006,1,1,1,1,1,0.900693,1,0.926558,Vegetation,Vegetation,Vegetation,Vegetation,No Change
5503.0,12,Guwahati,26.14560109159129,91.804094028586,6,6,3,3,3,0.763537,3,0.757549,Built-up,Built-up,Built-up,Built-up,No Change
5504.0,12,Guwahati,25.97689748123365,91.81927555688762,1,1,1,1,1,0.91679,1,0.917501,Vegetation,Vegetation,Vegetation,Vegetation,No Change
5505.0,12,Guwahati,26.230491885940584,91.76896990097693,7,1,4,1,4,0.980065,1,0.802173,Barren,Vegetation,Barren,Vegetation,Other Change
5506.0,12,Guwahati,25.978244954159823,91.64392441342748,1,1,1,1,1,0.623756,1,0.883799,Vegetation,Vegetation,Vegetation,Vegetation,No Change
5507.0,12,Guwahati,25.956056566642072,91.85242339087164,1,1,1,1,1,0.732744,1,0.842419,Vegetation,Vegetation,Vegetation,Vegetation,No Change
5508.0,12,Guwahati,26.09017503856112,91.57439481043664,6,6,3,3,3,0.642677,3,0.825582,Built-up,Built-up,Built-up,Built-up,No Change
5509.0,12,Guwahati,26.332091344574504,91.8995849432879,0,4,0,2,0,0.720743,2,0.495421,Water,Agriculture,Water,Agriculture,Water Loss
5510.0,12,Guwahati,26.067088335759244,91.55400305348712,4,4,2,2,2,0.777479,2,0.670115,Agriculture,Agriculture,Agriculture,Agriculture,No Change
5511.0,12,Guwahati,26.09152251148729,91.80678897443836,1,1,1,1,1,0.891434,1,0.922675,Vegetation,Vegetation,Vegetation,Vegetation,No Change
5512.0,12,Guwahati,26.128712764249844,91.80732796360884,6,6,3,3,3,0.89368,3,0.880341,Built-up,Built-up,Built-up,Built-up,No Change
5513.0,12,Guwahati,26.096553077078365,91.82035353522856,1,1,1,1,1,0.875895,1,0.907424,Vegetation,Vegetation,Vegetation,Vegetation,No Change
5514.0,12,Guwahati,26.281156867964928,91.5696337394308,0,0,0,0,0,0.850217,0,0.716803,Water,Water,Water,Water,No Change
5515.0,12,Guwahati,25.96746517075039,91.75333921503324,1,1,1,1,1,0.968473,1,0.950451,Vegetation,Vegetation,Vegetation,Vegetation,No Change
5516.0,12,Guwahati,25.953181957732887,91.892847578657,1,1,1,1,1,0.881193,1,0.741309,Vegetation,Vegetation,Vegetation,Vegetation,No Change
5517.0,12,Guwahati,26.01956745722932,91.77418012962482,1,1,1,1,1,0.856563,1,0.70847,Vegetation,Vegetation,Vegetation,Vegetation,No Change
5518.0,12,Guwahati,26.19824236724069,91.70833361929886,1,6,1,3,1,0.749477,3,0.915454,Vegetation,Built-up,Vegetation,Built-up,Vegetation Loss
5519.0,12,Guwahati,26.33712191016557,91.72701857720854,4,6,2,3,3,0.321611,1,0.424136,Agriculture,Built-up,Built-up,Vegetation,Vegetation Gain
5520.0,12,Guwahati,26.33559477418257,91.77741406464764,4,4,2,2,2,0.865156,2,0.918587,Agriculture,Agriculture,Agriculture,Agriculture,No Change
5521.0,12,Guwahati,26.25223111581628,91.55723698850996,1,6,1,3,1,0.493253,3,0.693952,Vegetation,Built-up,Vegetation,Built-up,Vegetation Loss
5522.0,12,Guwahati,26.227707108559816,91.66395684426335,6,6,3,3,3,0.831694,3,0.861247,Built-up,Built-up,Built-up,Built-up,No Change
5523.0,12,Guwahati,26.16769964758063,91.89024246433306,1,1,1,1,1,0.883303,1,0.894469,Vegetation,Vegetation,Vegetation,Vegetation,No Change
5524.0,12,Guwahati,26.28133653102175,91.64518205482526,1,1,1,1,1,0.913786,1,0.872139,Vegetation,Vegetation,Vegetation,Vegetation,No Change
5525.0,12,Guwahati,26.30388424465315,91.68776219929252,6,6,3,3,3,0.882752,3,0.697667,Built-up,Built-up,Built-up,Built-up,No Change
5526.0,12,Guwahati,26.315203017233056,91.80436352317123,4,4,2,2,2,0.655262,2,0.590336,Agriculture,Agriculture,Agriculture,Agriculture,No Change
5527.0,12,Guwahati,26.00654188560959,91.75019511153884,1,1,1,1,1,0.980533,1,0.988057,Vegetation,Vegetation,Vegetation,Vegetation,No Change
5528.0,12,Guwahati,26.142995977267343,91.8130771814272,6,6,3,3,3,0.964001,3,0.948946,Built-up,Built-up,Built-up,Built-up,No Change
5529.0,12,Guwahati,26.006362222552763,91.60278157341482,5,1,1,1,1,0.656524,1,0.869175,Vegetation,Vegetation,Vegetation,Vegetation,No Change
5530.0,12,Guwahati,26.30532154910774,91.73519324629405,1,4,1,2,1,0.424783,2,0.782862,Vegetation,Agriculture,Vegetation,Agriculture,Agriculture Gain
5531.0,12,Guwahati,26.12269405184624,91.63592940739882,0,3,0,1,0,0.994563,1,0.774397,Water,Vegetation,Water,Vegetation,Water Loss
5532.0,12,Guwahati,26.227796940088226,91.80247706107458,0,0,0,0,0,0.999879,0,1.0,Water,Water,Water,Water,No Change
5533.0,12,Guwahati,25.998097721938866,91.8072381320804,5,1,1,1,1,0.745248,1,0.909669,Vegetation,Vegetation,Vegetation,Vegetation,No Change
5534.0,12,Guwahati,26.20399158505906,91.80068043050636,6,6,3,3,3,0.784443,3,0.875153,Built-up,Built-up,Built-up,Built-up,No Change
5535.0,12,Guwahati,26.231210538167883,91.81047206710323,0,0,0,0,0,0.999879,0,0.998805,Water,Water,Water,Water,No Change
5536.0,12,Guwahati,26.053344111912217,91.6312581679214,1,1,1,1,1,0.953655,1,0.829082,Vegetation,Vegetation,Vegetation,Vegetation,No Change
5537.0,12,Guwahati,26.259956627259704,91.83077399252434,1,4,1,2,1,0.631302,2,0.554823,Vegetation,Agriculture,Vegetation,Agriculture,Agriculture Gain
5538.0,12,Guwahati,26.167070826881748,91.7666342812382,6,6,3,3,3,0.966343,3,0.984703,Built-up,Built-up,Built-up,Built-up,No Change
5539.0,12,Guwahati,26.19536775833151,91.7320491427996,0,0,0,0,0,1.0,0,1.0,Water,Water,Water,Water,No Change
5540.0,12,Guwahati,26.312238576795465,91.70833361929886,1,1,1,1,1,0.718581,1,0.839079,Vegetation,Vegetation,Vegetation,Vegetation,No Change
5541.0,12,Guwahati,25.974561861494934,91.75432736184578,5,1,1,1,1,0.729739,1,0.892846,Vegetation,Vegetation,Vegetation,Vegetation,No Change
5542.0,12,Guwahati,26.081910537947216,91.6952182161507,1,1,1,1,1,0.987862,1,0.925167,Vegetation,Vegetation,Vegetation,Vegetation,No Change
5543.0,12,Guwahati,26.19967967169529,91.56020142894756,6,6,3,3,3,0.643227,3,0.863076,Built-up,Built-up,Built-up,Built-up,No Change
5544.0,12,Guwahati,26.22851559231552,91.79475154963116,0,0,0,0,0,0.998027,0,0.999215,Water,Water,Water,Water,No Change
5545.0,12,Guwahati,26.01579453303602,91.8432605749736,1,1,1,1,1,0.832374,1,0.513629,Vegetation,Vegetation,Vegetation,Vegetation,No Change
5546.0,12,Guwahati,26.285109455215053,91.66332802356447,6,6,3,3,3,0.67214,3,0.55803,Built-up,Built-up,Built-up,Built-up,No Change
5547.0,12,Guwahati,26.172909876228523,91.57286767445363,6,6,3,3,3,0.818868,3,0.92657,Built-up,Built-up,Built-up,Built-up,No Change
5548.0,12,Guwahati,26.31295722902276,91.89410522005475,3,0,1,0,1,0.711984,0,0.778002,Vegetation,Water,Vegetation,Water,Water Gain
5549.0,12,Guwahati,26.18970837204156,91.84981827654768,1,1,1,1,1,0.884261,1,0.890981,Vegetation,Vegetation,Vegetation,Vegetation,No Change
5550.0,12,Guwahati,25.96270409974456,91.75082393223772,1,1,1,1,1,0.983606,1,0.924973,Vegetation,Vegetation,Vegetation,Vegetation,No Change
5551.0,12,Guwahati,26.14164850434117,91.829606182655,6,6,3,3,3,0.914547,3,0.835295,Built-up,Built-up,Built-up,Built-up,No Change
5552.0,12,Guwahati,26.11604651874376,91.6185020908869,1,6,1,3,1,0.777728,3,0.63264,Vegetation,Built-up,Vegetation,Built-up,Vegetation Loss
5553.0,12,Guwahati,26.176682800421823,91.72540160969712,0,7,0,4,0,0.999879,4,0.995489,Water,Barren,Water,Barren,Water Loss
5554.0,12,Guwahati,26.170214930376165,91.89060179044672,1,1,1,1,1,0.78776,1,0.89707,Vegetation,Vegetation,Vegetation,Vegetation,No Change
5555.0,12,Guwahati,26.05963231890105,91.75333921503324,1,5,1,1,1,0.980341,1,0.656469,Vegetation,Vegetation,Vegetation,Vegetation,No Change
5556.0,12,Guwahati,26.131497541630612,91.59900864922152,6,6,3,3,1,0.471963,3,0.626775,Built-up,Built-up,Vegetation,Built-up,Vegetation Loss
5557.0,12,Guwahati,26.2569023552937,91.55202675986206,4,1,2,1,3,0.439585,2,0.494677,Agriculture,Vegetation,Built-up,Agriculture,Other Change
5558.0,12,Guwahati,26.301009635743966,91.68551641108222,4,4,2,2,2,0.612878,2,0.887969,Agriculture,Agriculture,Agriculture,Agriculture,No Change
5559.0,12,Guwahati,26.04984068230415,91.7575612968686,1,1,1,1,1,0.964654,1,0.902937,Vegetation,Vegetation,Vegetation,Vegetation,No Change
5560.0,12,Guwahati,26.147577385216355,91.58221015340848,7,7,4,4,4,0.998786,4,0.991606,Barren,Barren,Barren,Barren,No Change
5561.0,12,Guwahati,26.006901211723235,91.78019884202844,1,1,1,1,1,0.636618,1,0.723643,Vegetation,Vegetation,Vegetation,Vegetation,No Change
5562.0,12,Guwahati,26.117843149312,91.62694625455762,5,5,1,1,2,0.463954,1,0.629887,Vegetation,Vegetation,Agriculture,Vegetation,Vegetation Gain
5563.0,12,Guwahati,26.34152365505776,91.77840221146018,1,1,1,1,1,0.773659,1,0.532022,Vegetation,Vegetation,Vegetation,Vegetation,No Change
5564.0,12,Guwahati,26.15934531543832,91.74282892620904,6,0,3,0,3,0.858966,0,0.642163,Built-up,Water,Built-up,Water,Water Gain
5565.0,12,Guwahati,26.146409575347,91.88143897454869,1,1,1,1,1,0.696263,1,0.901915,Vegetation,Vegetation,Vegetation,Vegetation,No Change
5566.0,12,Guwahati,26.06277642239547,91.56756761427732,4,4,2,2,2,0.898192,2,0.677194,Agriculture,Agriculture,Agriculture,Agriculture,No Change
5567.0,12,Guwahati,26.004835086569763,91.78729553277296,1,1,1,1,1,0.954133,1,0.931554,Vegetation,Vegetation,Vegetation,Vegetation,No Change
5568.0,12,Guwahati,26.28403147687411,91.79097862543786,0,0,0,0,0,0.922915,0,0.698135,Water,Water,Water,Water,No Change
5569.0,12,Guwahati,26.183420165052723,91.58930684415304,1,1,1,1,1,0.731054,1,0.764122,Vegetation,Vegetation,Vegetation,Vegetation,No Change
5570.0,12,Guwahati,26.33487612195528,91.74157128481129,4,4,2,2,2,0.77301,2,0.656867,Agriculture,Agriculture,Agriculture,Agriculture,No Change
5571.0,12,Guwahati,26.161950429762268,91.71875407659464,6,6,3,3,3,0.833484,3,0.818545,Built-up,Built-up,Built-up,Built-up,No Change
5572.0,12,Guwahati,26.09763105541931,91.82080269287064,1,1,1,1,1,0.679872,1,0.718511,Vegetation,Vegetation,Vegetation,Vegetation,No Change
5573.0,12,Guwahati,25.969890622017516,91.7161489622707,1,1,1,1,1,0.921484,1,0.965644,Vegetation,Vegetation,Vegetation,Vegetation,No Change
5574.0,12,Guwahati,26.346374557592004,91.81828741007509,1,4,1,2,1,0.710188,2,0.60741,Vegetation,Agriculture,Vegetation,Agriculture,Agriculture Gain
5575.0,12,Guwahati,26.19123550802456,91.66395684426335,1,6,1,3,1,0.44775,2,0.380344,Vegetation,Built-up,Vegetation,Agriculture,Agriculture Gain
5576.0,12,Guwahati,25.96521938254009,91.718394750481,1,1,1,1,1,0.920535,1,0.932164,Vegetation,Vegetation,Vegetation,Vegetation,No Change
5577.0,12,Guwahati,26.027113305615927,91.81819757854667,1,1,1,1,1,0.987901,1,0.946365,Vegetation,Vegetation,Vegetation,Vegetation,No Change
5578.0,12,Guwahati,26.118202475425644,91.8199043775865,6,6,3,3,3,0.668932,3,0.874714,Built-up,Built-up,Built-up,Built-up,No Change
5579.0,12,Guwahati,26.03753376291171,91.71749643519688,1,1,1,1,1,0.921375,1,0.745347,Vegetation,Vegetation,Vegetation,Vegetation,No Change
5580.0,12,Guwahati,26.271095736782787,91.62910221123953,6,6,3,3,1,0.515689,3,0.570509,Built-up,Built-up,Vegetation,Built-up,Vegetation Loss
5581.0,12,Guwahati,26.18845073064379,91.83382826449036,1,1,1,1,1,0.871132,1,0.754151,Vegetation,Vegetation,Vegetation,Vegetation,No Change
5582.0,12,Guwahati,25.95920067013649,91.7394153281294,1,1,1,1,1,0.94827,1,0.890786,Vegetation,Vegetation,Vegetation,Vegetation,No Change
5583.0,12,Guwahati,26.270466916083905,91.5965831979544,4,4,2,2,2,0.62803,2,0.697089,Agriculture,Agriculture,Agriculture,Agriculture,No Change
5584.0,12,Guwahati,26.25600404000958,91.68722321012206,1,6,1,3,1,0.42689,3,0.584186,Vegetation,Built-up,Vegetation,Built-up,Vegetation Loss
5585.0,12,Guwahati,25.953451452318124,91.89967477481632,1,1,1,1,1,0.758253,1,0.965291,Vegetation,Vegetation,Vegetation,Vegetation,No Change
5586.0,12,Guwahati,26.117932980840408,91.6815638238321,6,6,3,3,3,0.833881,3,0.788706,Built-up,Built-up,Built-up,Built-up,No Change
5587.0,12,Guwahati,26.054242427196336,91.76223253634603,1,1,1,1,1,0.835998,1,0.849959,Vegetation,Vegetation,Vegetation,Vegetation,No Change
5588.0,12,Guwahati,26.20992046593425,91.6493143051322,4,5,2,1,3,0.60945,2,0.574155,Agriculture,Vegetation,Built-up,Agriculture,Other Change
5589.0,12,Guwahati,25.957134544983013,91.56990323401604,1,1,1,1,1,0.847317,1,0.906317,Vegetation,Vegetation,Vegetation,Vegetation,No Change
5590.0,12,Guwahati,26.23624110375895,91.89455437769683,0,0,0,0,0,0.999879,0,1.0,Water,Water,Water,Water,No Change
5591.0,12,Guwahati,26.172909876228523,91.86733542458802,1,1,1,1,1,0.932327,1,0.865283,Vegetation,Vegetation,Vegetation,Vegetation,No Change
5592.0,12,Guwahati,26.048583040906383,91.63143783097824,1,1,1,1,1,0.893538,1,0.937824,Vegetation,Vegetation,Vegetation,Vegetation,No Change
5593.0,12,Guwahati,25.98911456909767,91.86185570135488,1,1,1,1,1,0.890035,1,0.962154,Vegetation,Vegetation,Vegetation,Vegetation,No Change
5594.0,12,Guwahati,26.08083255960627,91.75792062298224,1,1,1,1,1,0.963015,1,0.897525,Vegetation,Vegetation,Vegetation,Vegetation,No Change
5595.0,12,Guwahati,26.34296095951235,91.89338656782748,5,4,1,2,1,0.815706,2,0.852177,Vegetation,Agriculture,Vegetation,Agriculture,Agriculture Gain
5596.0,12,Guwahati,26.29094850456183,91.63961250006372,1,1,1,1,1,0.559867,1,0.669916,Vegetation,Vegetation,Vegetation,Vegetation,No Change
5597.0,12,Guwahati,26.11946011682341,91.774000466568,6,6,3,3,3,0.953409,3,0.896858,Built-up,Built-up,Built-up,Built-up,No Change
5598.0,12,Guwahati,26.240193691009075,91.81487381199544,6,6,3,3,3,0.813683,3,0.977954,Built-up,Built-up,Built-up,Built-up,No Change
5599.0,12,Guwahati,26.19967967169529,91.70797429318522,1,1,1,1,1,0.866637,1,0.824,Vegetation,Vegetation,Vegetation,Vegetation,No Change
5600.0,12,Guwahati,26.023070886837388,91.78828367958548,5,1,1,1,2,0.468967,1,0.827987,Vegetation,Vegetation,Agriculture,Vegetation,Vegetation Gain
5601.0,12,Guwahati,26.15377576067678,91.66898740985442,1,1,1,1,1,0.506378,1,0.536809,Vegetation,Vegetation,Vegetation,Vegetation,No Change
5602.0,12,Guwahati,26.0126504295416,91.85242339087164,1,1,1,1,1,0.763318,1,0.692088,Vegetation,Vegetation,Vegetation,Vegetation,No Change
5603.0,12,Guwahati,26.202105122962408,91.67446713308756,6,6,3,3,3,0.884914,3,0.922361,Built-up,Built-up,Built-up,Built-up,No Change
5604.0,12,Guwahati,26.28780440106741,91.89715949202078,6,6,3,3,3,0.814309,3,0.725009,Built-up,Built-up,Built-up,Built-up,No Change
5605.0,12,Guwahati,25.990641705080677,91.6200292268699,1,1,1,1,1,0.980794,1,0.98979,Vegetation,Vegetation,Vegetation,Vegetation,No Change
5606.0,12,Guwahati,26.26184308935636,91.65308722932552,4,4,2,2,3,0.825006,1,0.434956,Agriculture,Agriculture,Built-up,Vegetation,Vegetation Gain
5607.0,12,Guwahati,26.091432679958885,91.61598680809138,6,6,3,3,3,0.777083,3,0.808035,Built-up,Built-up,Built-up,Built-up,No Change
5608.0,12,Guwahati,25.99639092289904,91.84972844501928,1,1,1,1,1,0.869971,1,0.981273,Vegetation,Vegetation,Vegetation,Vegetation,No Change
5609.0,12,Guwahati,26.04184567627549,91.60960876957412,1,1,1,1,1,0.853116,1,0.96513,Vegetation,Vegetation,Vegetation,Vegetation,No Change
5610.0,12,Guwahati,26.02648448491704,91.73914583354416,1,1,1,1,1,0.953576,1,0.967342,Vegetation,Vegetation,Vegetation,Vegetation,No Change
5611.0,12,Guwahati,26.136078949579623,91.72324565301524,6,6,3,3,3,0.96787,3,0.963305,Built-up,Built-up,Built-up,Built-up,No Change
5612.0,12,Guwahati,26.26507702437919,91.78792435347184,0,0,0,0,0,0.761708,0,0.633263,Water,Water,Water,Water,No Change
5613.0,12,Guwahati,26.255195556253877,91.66260937133715,1,1,1,1,1,0.598336,0,0.333416,Vegetation,Vegetation,Vegetation,Water,Water Gain
5614.0,12,Guwahati,26.161052114478142,91.75531550865831,6,6,3,3,3,0.622604,3,0.926763,Built-up,Built-up,Built-up,Built-up,No Change
5615.0,12,Guwahati,25.967285507693564,91.88422375192944,1,1,1,1,1,0.962542,1,0.963975,Vegetation,Vegetation,Vegetation,Vegetation,No Change
5616.0,12,Guwahati,26.169586109677283,91.75684264464132,6,6,3,3,3,0.89862,3,0.705399,Built-up,Built-up,Built-up,Built-up,No Change
5617.0,12,Guwahati,26.14919435272777,91.78118698884096,6,6,3,3,3,0.725904,3,0.831588,Built-up,Built-up,Built-up,Built-up,No Change
5618.0,12,Guwahati,26.12565849228384,91.71740660366846,6,6,3,3,3,0.882187,3,0.773614,Built-up,Built-up,Built-up,Built-up,No Change
5619.0,12,Guwahati,26.060979791827236,91.8101127409896,1,1,1,1,1,0.615652,1,0.732634,Vegetation,Vegetation,Vegetation,Vegetation,No Change
5620.0,12,Guwahati,26.088019081879228,91.78585822831838,6,6,3,3,3,0.730738,3,0.797813,Built-up,Built-up,Built-up,Built-up,No Change
5621.0,12,Guwahati,26.181264208370838,91.57538295724918,1,3,1,1,1,0.553256,1,0.692201,Vegetation,Vegetation,Vegetation,Vegetation,No Change
5622.0,12,Guwahati,26.166891163824925,91.83688253645636,6,6,3,3,3,0.817765,3,0.690595,Built-up,Built-up,Built-up,Built-up,No Change
5623.0,12,Guwahati,26.31367588125005,91.71327435336153,6,6,3,3,3,0.742447,3,0.729918,Built-up,Built-up,Built-up,Built-up,No Change
5624.0,12,Guwahati,26.339637192961103,91.77085636307358,4,4,2,2,2,0.743245,2,0.874747,Agriculture,Agriculture,Agriculture,Agriculture,No Change
5625.0,12,Guwahati,25.963961741142324,91.6221851835518,1,1,1,1,1,0.809746,1,0.91988,Vegetation,Vegetation,Vegetation,Vegetation,No Change
5626.0,12,Guwahati,26.34071517130205,91.82098235592744,4,4,2,2,2,0.536897,2,0.563614,Agriculture,Agriculture,Agriculture,Agriculture,No Change
5627.0,12,Guwahati,26.29732654307908,91.71264553266263,1,6,1,3,1,0.432155,3,0.949056,Vegetation,Built-up,Vegetation,Built-up,Vegetation Loss
5628.0,12,Guwahati,26.19159483413821,91.57358632668092,4,4,2,2,2,0.817181,2,0.861084,Agriculture,Agriculture,Agriculture,Agriculture,No Change
5629.0,12,Guwahati,26.278282259055743,91.80571099609742,4,4,2,2,2,0.531553,2,0.665882,Agriculture,Agriculture,Agriculture,Agriculture,No Change
5630.0,12,Guwahati,26.123592367130364,91.63395311377376,0,3,0,1,0,0.900376,1,0.742876,Water,Vegetation,Water,Vegetation,Water Loss
5631.0,12,Guwahati,26.22878508690076,91.60619517149446,1,1,1,1,1,0.610514,1,0.673198,Vegetation,Vegetation,Vegetation,Vegetation,No Change
5632.0,12,Guwahati,26.15790801098373,91.6320666516771,0,7,0,4,0,0.82832,4,0.999565,Water,Barren,Water,Barren,Water Loss
5633.0,12,Guwahati,26.11478887734599,91.70608783108857,6,6,3,3,3,0.789444,3,0.933835,Built-up,Built-up,Built-up,Built-up,No Change
5634.0,12,Guwahati,26.09152251148729,91.60655449760812,4,4,2,2,2,0.844342,2,0.896411,Agriculture,Agriculture,Agriculture,Agriculture,No Change
5635.0,12,Guwahati,26.015525038450782,91.80544150151218,1,1,1,1,1,0.92942,1,0.921439,Vegetation,Vegetation,Vegetation,Vegetation,No Change
5636.0,12,Guwahati,26.25474639861181,91.5695439079024,6,6,3,3,3,0.889616,3,0.925473,Built-up,Built-up,Built-up,Built-up,No Change
5637.0,12,Guwahati,26.15152997246648,91.7672631019371,6,6,3,3,3,0.704839,3,0.65781,Built-up,Built-up,Built-up,Built-up,No Change
5638.0,12,Guwahati,26.283402656175227,91.7349237517088,1,1,1,1,1,0.863909,1,0.563531,Vegetation,Vegetation,Vegetation,Vegetation,No Change
5639.0,12,Guwahati,26.253578588742457,91.8672455930596,7,7,4,4,4,0.998703,4,0.997017,Barren,Barren,Barren,Barren,No Change
5640.0,12,Guwahati,26.02774212631481,91.72872537624838,1,1,1,1,1,0.637556,1,0.715708,Vegetation,Vegetation,Vegetation,Vegetation,No Change
5641.0,12,Guwahati,25.995672270671744,91.58975600179508,1,1,1,1,1,0.611495,1,0.71098,Vegetation,Vegetation,Vegetation,Vegetation,No Change
5642.0,12,Guwahati,26.074813847202677,91.80885509959184,1,1,1,1,1,0.584621,1,0.658518,Vegetation,Vegetation,Vegetation,Vegetation,No Change
5643.0,12,Guwahati,26.08568346214052,91.78711586971616,5,5,1,1,2,0.416888,3,0.435919,Vegetation,Vegetation,Agriculture,Built-up,Urban Expansion
5644.0,12,Guwahati,26.31771830002859,91.7651071452552,5,4,1,2,3,0.421802,3,0.593432,Vegetation,Agriculture,Built-up,Built-up,No Change
5645.0,12,Guwahati,26.092061500657767,91.891320442674,1,1,1,1,1,0.722113,1,0.59948,Vegetation,Vegetation,Vegetation,Vegetation,No Change
5646.0,12,Guwahati,25.96486005642644,91.57277784292522,1,1,1,1,1,0.908336,1,0.835335,Vegetation,Vegetation,Vegetation,Vegetation,No Change
5647.0,12,Guwahati,26.260495616430177,91.57349649515253,1,1,1,1,1,0.692464,1,0.784943,Vegetation,Vegetation,Vegetation,Vegetation,No Change
5648.0,12,Guwahati,26.21602900986626,91.75783079145384,0,7,0,4,0,0.669192,4,0.999382,Water,Barren,Water,Barren,Water Loss
5649.0,12,Guwahati,26.332271007631327,91.69225377571313,4,4,2,2,2,0.893543,2,0.849312,Agriculture,Agriculture,Agriculture,Agriculture,No Change
5650.0,12,Guwahati,26.279629731981924,91.70285389606572,1,6,1,3,1,0.842079,3,0.669574,Vegetation,Built-up,Vegetation,Built-up,Vegetation Loss
5651.0,12,Guwahati,26.292475640544836,91.83014517182546,1,4,1,2,1,0.797459,2,0.6492,Vegetation,Agriculture,Vegetation,Agriculture,Agriculture Gain
5652.0,12,Guwahati,26.039869382650423,91.74507471441936,1,1,1,1,1,0.873026,1,0.760699,Vegetation,Vegetation,Vegetation,Vegetation,No Change
5653.0,12,Guwahati,26.269119443157724,91.891320442674,7,0,4,0,4,0.995181,0,0.662036,Barren,Water,Barren,Water,Water Gain
5654.0,12,Guwahati,25.96063797459108,91.75648331852769,1,1,1,1,1,0.968862,1,0.995784,Vegetation,Vegetation,Vegetation,Vegetation,No Change
5655.0,12,Guwahati,26.023879370593097,91.64733801150714,1,1,1,1,1,0.964535,1,0.937867,Vegetation,Vegetation,Vegetation,Vegetation,No Change
5656.0,12,Guwahati,26.2471107186968,91.81801791548985,4,4,2,2,3,0.599065,3,0.658329,Agriculture,Agriculture,Built-up,Built-up,No Change
5657.0,12,Guwahati,26.122604220317832,91.72324565301524,6,6,3,3,3,0.949827,3,0.907845,Built-up,Built-up,Built-up,Built-up,No Change
5658.0,12,Guwahati,26.329755724835792,91.61095624250032,4,4,2,2,2,0.891116,2,0.868158,Agriculture,Agriculture,Agriculture,Agriculture,No Change
5659.0,12,Guwahati,26.09951751751596,91.75792062298224,1,1,1,1,1,0.801527,1,0.861774,Vegetation,Vegetation,Vegetation,Vegetation,No Change
5660.0,12,Guwahati,26.07696980388456,91.5764609355901,4,4,2,2,2,0.716201,2,0.686652,Agriculture,Agriculture,Agriculture,Agriculture,No Change
5661.0,12,Guwahati,26.346374557592004,91.5591234506066,6,6,3,3,3,0.61784,3,0.591078,Built-up,Built-up,Built-up,Built-up,No Change
5662.0,12,Guwahati,26.069064629384307,91.56163873340212,4,4,2,2,2,0.697372,2,0.623137,Agriculture,Agriculture,Agriculture,Agriculture,No Change
5663.0,12,Guwahati,26.046516915752907,91.84748265680898,1,1,1,1,1,0.888048,1,0.891812,Vegetation,Vegetation,Vegetation,Vegetation,No Change
5664.0,12,Guwahati,26.13877389543198,91.74507471441936,6,6,3,3,3,0.898429,3,0.94044,Built-up,Built-up,Built-up,Built-up,No Change
5665.0,12,Guwahati,26.248458191622976,91.72971352306092,4,1,2,1,2,0.614282,1,0.549604,Agriculture,Vegetation,Agriculture,Vegetation,Vegetation Gain
5666.0,12,Guwahati,26.27019742149867,91.79987194675064,4,4,2,2,2,0.640733,2,0.610169,Agriculture,Agriculture,Agriculture,Agriculture,No Change
5667.0,12,Guwahati,26.277563606828448,91.70851328235568,1,1,1,1,1,0.892968,1,0.831433,Vegetation,Vegetation,Vegetation,Vegetation,No Change
5668.0,12,Guwahati,26.28232467783428,91.74750016568647,1,1,1,1,1,0.797128,1,0.518704,Vegetation,Vegetation,Vegetation,Vegetation,No Change
5669.0,12,Guwahati,26.185306627149373,91.55094878152111,4,4,2,2,2,0.617243,2,0.688261,Agriculture,Agriculture,Agriculture,Agriculture,No Change
5670.0,12,Guwahati,26.01094363050177,91.58274914257896,1,1,1,1,1,0.925636,1,0.887909,Vegetation,Vegetation,Vegetation,Vegetation,No Change
5671.0,12,Guwahati,26.303165592425856,91.61535798739249,1,6,1,3,3,0.392415,3,0.465325,Vegetation,Built-up,Built-up,Built-up,No Change
5672.0,12,Guwahati,25.95875151249443,91.59990696450564,1,1,1,1,1,0.976857,1,0.990111,Vegetation,Vegetation,Vegetation,Vegetation,No Change
5673.0,12,Guwahati,26.00842834770624,91.70294372759416,1,1,1,1,1,0.964599,1,0.931568,Vegetation,Vegetation,Vegetation,Vegetation,No Change
5674.0,12,Guwahati,26.188091404530145,91.8853915617988,1,1,1,1,1,0.877601,1,0.946078,Vegetation,Vegetation,Vegetation,Vegetation,No Change
5675.0,12,Guwahati,26.22564098340634,91.7409424641124,1,4,1,2,1,0.785028,2,0.806675,Vegetation,Agriculture,Vegetation,Agriculture,Agriculture Gain
5676.0,12,Guwahati,26.23534278847483,91.56190822798736,4,1,2,1,2,0.801792,3,0.372845,Agriculture,Vegetation,Agriculture,Built-up,Urban Expansion
5677.0,12,Guwahati,26.176682800421823,91.62236484660862,0,7,0,4,0,0.999669,4,0.999478,Water,Barren,Water,Barren,Water Loss
5678.0,12,Guwahati,26.202374617547644,91.78316328246602,0,0,0,0,3,0.62771,0,0.8343,Water,Water,Built-up,Water,Water Gain
5679.0,12,Guwahati,25.96198544751726,91.58050335436864,1,1,1,1,1,0.949088,1,0.959139,Vegetation,Vegetation,Vegetation,Vegetation,No Change
5680.0,12,Guwahati,26.30756733731804,91.70465052663396,4,4,2,2,2,0.889902,2,0.814766,Agriculture,Agriculture,Agriculture,Agriculture,No Change
5681.0,12,Guwahati,26.208303498422836,91.60134426896022,1,4,1,2,3,0.539066,3,0.652882,Vegetation,Agriculture,Built-up,Built-up,No Change
5682.0,12,Guwahati,26.33532527959733,91.84945895043404,6,6,3,3,1,0.3738,3,0.504801,Built-up,Built-up,Vegetation,Built-up,Vegetation Loss
5683.0,12,Guwahati,26.075801994015205,91.86176586982648,1,1,1,1,1,0.866317,1,0.861412,Vegetation,Vegetation,Vegetation,Vegetation,No Change
5684.0,12,Guwahati,26.28412130840252,91.55328440125984,1,6,1,3,1,0.883935,3,0.661371,Vegetation,Built-up,Vegetation,Built-up,Vegetation Loss
5685.0,12,Guwahati,26.01202160884272,91.84963861349084,1,1,1,1,1,0.757171,1,0.902243,Vegetation,Vegetation,Vegetation,Vegetation,No Change
5686.0,12,Guwahati,26.060530634185174,91.61661562879026,1,1,1,1,1,0.820538,1,0.762099,Vegetation,Vegetation,Vegetation,Vegetation,No Change
5687.0,12,Guwahati,26.006631717138,91.6628788659224,1,1,1,1,1,0.934108,1,0.888048,Vegetation,Vegetation,Vegetation,Vegetation,No Change
5688.0,12,Guwahati,25.97213641022781,91.86473031026406,1,1,1,1,1,0.857148,1,0.804213,Vegetation,Vegetation,Vegetation,Vegetation,No Change
5689.0,12,Guwahati,26.33514561654051,91.64760750609238,4,4,2,2,2,0.7121,2,0.713575,Agriculture,Agriculture,Agriculture,Agriculture,No Change
5690.0,12,Guwahati,26.348171188160244,91.57753891393104,4,4,2,2,2,0.904892,2,0.776386,Agriculture,Agriculture,Agriculture,Agriculture,No Change
5691.0,12,Guwahati,25.97150758952893,91.87515076755986,1,1,1,1,1,0.882425,1,0.946875,Vegetation,Vegetation,Vegetation,Vegetation,No Change
5692.0,12,Guwahati,26.163387734216855,91.88413392040106,1,1,1,1,1,0.841268,1,0.713621,Vegetation,Vegetation,Vegetation,Vegetation,No Change
5693.0,12,Guwahati,26.24450560437285,91.6386243532512,5,4,1,2,1,0.727801,2,0.707368,Vegetation,Agriculture,Vegetation,Agriculture,Agriculture Gain
5694.0,12,Guwahati,26.011392788143837,91.81325684448402,1,1,1,1,1,0.883321,1,0.965887,Vegetation,Vegetation,Vegetation,Vegetation,No Change
5695.0,12,Guwahati,26.21584934680944,91.65847712103024,0,3,0,1,0,0.848539,1,0.699864,Water,Vegetation,Water,Vegetation,Water Loss
5696.0,12,Guwahati,26.159614810023555,91.8987764595322,1,1,1,1,1,0.943669,1,0.800745,Vegetation,Vegetation,Vegetation,Vegetation,No Change
5697.0,12,Guwahati,26.29112816761865,91.67509595378644,1,4,1,2,1,0.641421,2,0.737992,Vegetation,Agriculture,Vegetation,Agriculture,Agriculture Gain
5698.0,12,Guwahati,26.143894292551465,91.61580714503457,5,6,1,3,1,0.807558,3,0.600003,Vegetation,Built-up,Vegetation,Built-up,Vegetation Loss
5699.0,12,Guwahati,26.16868779439316,91.67832988880927,6,6,3,3,3,0.727121,3,0.735741,Built-up,Built-up,Built-up,Built-up,No Change
5700.0,12,Guwahati,25.99531294455809,91.64994312583109,1,1,1,1,1,0.971719,1,0.928217,Vegetation,Vegetation,Vegetation,Vegetation,No Change
5701.0,12,Guwahati,26.26184308935636,91.67608410059896,4,4,2,2,2,0.607621,2,0.758609,Agriculture,Agriculture,Agriculture,Agriculture,No Change
5702.0,12,Guwahati,26.02441835976357,91.85862176633204,1,1,1,1,1,0.539014,1,0.913628,Vegetation,Vegetation,Vegetation,Vegetation,No Change
5703.0,12,Guwahati,26.090624196203176,91.74579336664664,1,1,1,1,1,0.862849,1,0.628244,Vegetation,Vegetation,Vegetation,Vegetation,No Change
5704.0,12,Guwahati,26.307387674261214,91.57349649515253,0,0,0,0,0,0.691489,0,0.741433,Water,Water,Water,Water,No Change
5705.0,12,Guwahati,26.17749128417753,91.84074529217808,6,6,3,3,3,0.88404,3,0.936537,Built-up,Built-up,Built-up,Built-up,No Change
5706.0,12,Guwahati,25.969082138261804,91.72827621860633,1,1,1,1,1,0.883488,1,0.931145,Vegetation,Vegetation,Vegetation,Vegetation,No Change
5707.0,12,Guwahati,25.95228364244877,91.84433855331456,1,1,1,1,1,0.934539,1,0.850801,Vegetation,Vegetation,Vegetation,Vegetation,No Change
5708.0,12,Guwahati,26.049571187718914,91.6416786252172,1,1,1,1,1,0.971765,1,0.939576,Vegetation,Vegetation,Vegetation,Vegetation,No Change
5709.0,12,Guwahati,26.225012162707458,91.8716473379518,0,0,0,0,0,0.999501,0,1.0,Water,Water,Water,Water,No Change
5710.0,12,Guwahati,25.969531295903863,91.69189444959947,1,1,1,1,1,0.99653,1,0.980541,Vegetation,Vegetation,Vegetation,Vegetation,No Change
5711.0,12,Guwahati,26.14371462949464,91.87973217550886,1,1,1,1,1,0.798859,1,0.624421,Vegetation,Vegetation,Vegetation,Vegetation,No Change
5712.0,12,Guwahati,26.253039599571984,91.75612399241402,1,1,1,1,1,0.942151,1,0.685362,Vegetation,Vegetation,Vegetation,Vegetation,No Change
5713.0,12,Guwahati,26.27361101957832,91.81190937155785,0,0,0,0,0,0.750358,0,0.674072,Water,Water,Water,Water,No Change
5714.0,12,Guwahati,26.105446398391148,91.7492069647263,6,6,3,3,3,0.915052,3,0.914199,Built-up,Built-up,Built-up,Built-up,No Change
5715.0,12,Guwahati,26.260495616430177,91.78118698884096,0,4,0,2,0,0.849217,2,0.735798,Water,Agriculture,Water,Agriculture,Water Loss
5716.0,12,Guwahati,26.286636591198057,91.69997928715657,4,4,2,2,3,0.328608,3,0.67749,Agriculture,Agriculture,Built-up,Built-up,No Change
5717.0,12,Guwahati,26.030886229809227,91.66548398024636,1,1,1,1,1,0.879298,1,0.971484,Vegetation,Vegetation,Vegetation,Vegetation,No Change
5718.0,12,Guwahati,26.207405183138714,91.82843837278564,1,1,1,1,1,0.88601,1,0.833083,Vegetation,Vegetation,Vegetation,Vegetation,No Change
5719.0,12,Guwahati,26.26929910621455,91.5831084686926,4,4,2,2,1,0.469092,1,0.53358,Agriculture,Agriculture,Vegetation,Vegetation,No Change
5720.0,12,Guwahati,26.19932034558164,91.81676027409208,1,1,1,1,1,0.918755,1,0.808715,Vegetation,Vegetation,Vegetation,Vegetation,No Change
5721.0,12,Guwahati,26.027562463257983,91.80014144133588,1,5,1,1,1,0.871837,3,0.409552,Vegetation,Vegetation,Vegetation,Built-up,Vegetation Loss
5722.0,12,Guwahati,26.03879140430948,91.69638602602006,1,1,1,1,1,0.804847,1,0.930226,Vegetation,Vegetation,Vegetation,Vegetation,No Change
5723.0,12,Guwahati,26.269209274686137,91.71812525589576,1,1,1,1,1,0.643813,1,0.805224,Vegetation,Vegetation,Vegetation,Vegetation,No Change
5724.0,12,Guwahati,26.27855175364098,91.64311592967178,6,6,3,3,3,0.490132,3,0.739918,Built-up,Built-up,Built-up,Built-up,No Change
5725.0,12,Guwahati,26.08756992423717,91.69602669990644,1,1,1,1,1,0.921109,1,0.788765,Vegetation,Vegetation,Vegetation,Vegetation,No Change
5726.0,12,Guwahati,26.27621613390227,91.88143897454869,1,4,1,2,1,0.552144,2,0.640537,Vegetation,Agriculture,Vegetation,Agriculture,Agriculture Gain
5727.0,12,Guwahati,26.193660959291684,91.73142032210072,0,0,0,0,0,1.0,0,1.0,Water,Water,Water,Water,No Change
5728.0,12,Guwahati,26.12997040564761,91.86922188668468,1,1,1,1,1,0.880056,1,0.592089,Vegetation,Vegetation,Vegetation,Vegetation,No Change
5729.0,12,Guwahati,26.102481957953557,91.67042471430902,1,1,1,1,1,0.878456,1,0.897127,Vegetation,Vegetation,Vegetation,Vegetation,No Change
5730.0,12,Guwahati,26.30532154910774,91.79888379993812,0,0,0,0,0,0.913961,0,0.710674,Water,Water,Water,Water,No Change
5731.0,12,Guwahati,26.103290441709262,91.63476159752948,1,1,1,1,1,0.880348,1,0.936877,Vegetation,Vegetation,Vegetation,Vegetation,No Change
5732.0,12,Guwahati,26.16078261989291,91.7221676746743,1,1,1,1,1,0.753068,1,0.703239,Vegetation,Vegetation,Vegetation,Vegetation,No Change
5733.0,12,Guwahati,26.22186805921304,91.81559246422272,7,0,4,0,4,0.991222,0,1.0,Barren,Water,Barren,Water,Water Gain
5734.0,12,Guwahati,26.149014689670945,91.7289050393052,6,6,3,3,3,0.979417,3,0.821245,Built-up,Built-up,Built-up,Built-up,No Change
5735.0,12,Guwahati,26.125838155340663,91.6358395758704,4,0,2,0,2,0.55627,0,0.627783,Agriculture,Water,Agriculture,Water,Water Gain
5736.0,12,Guwahati,26.33200151304609,91.59604420878392,1,1,1,1,1,0.782503,1,0.712684,Vegetation,Vegetation,Vegetation,Vegetation,No Change
5737.0,12,Guwahati,26.27765343835686,91.89913578564584,6,6,3,3,3,0.94272,3,0.760107,Built-up,Built-up,Built-up,Built-up,No Change
5738.0,12,Guwahati,26.152697782335835,91.8589810924457,1,1,1,1,1,0.62525,1,0.654984,Vegetation,Vegetation,Vegetation,Vegetation,No Change
5739.0,12,Guwahati,26.256363366123228,91.55265558056097,4,4,2,2,2,0.834045,2,0.818211,Agriculture,Agriculture,Agriculture,Agriculture,No Change
5740.0,12,Guwahati,26.209022150650128,91.88054065926455,1,1,1,1,1,0.905977,1,0.922032,Vegetation,Vegetation,Vegetation,Vegetation,No Change
5741.0,12,Guwahati,26.131946699272675,91.70438103204872,1,6,1,3,1,0.678629,1,0.479546,Vegetation,Built-up,Vegetation,Vegetation,No Change
5742.0,12,Guwahati,26.20983063440584,91.70096743396908,3,1,1,1,0,0.539674,3,0.658585,Vegetation,Vegetation,Water,Built-up,Water Loss
5743.0,12,Guwahati,25.962614268216143,91.67285016557614,1,1,1,1,1,0.934219,1,0.877798,Vegetation,Vegetation,Vegetation,Vegetation,No Change
5744.0,12,Guwahati,25.985700971018016,91.7777733907613,1,1,1,1,1,0.973842,1,0.957433,Vegetation,Vegetation,Vegetation,Vegetation,No Change
5745.0,12,Guwahati,26.19330163317804,91.87056935961084,1,1,1,1,1,0.932484,1,0.844298,Vegetation,Vegetation,Vegetation,Vegetation,No Change
5746.0,12,Guwahati,26.341343992000933,91.694409732395,1,1,1,1,1,0.768934,1,0.896768,Vegetation,Vegetation,Vegetation,Vegetation,No Change
5747.0,12,Guwahati,26.28897221093677,91.86176586982648,6,4,3,2,3,0.503879,2,0.570908,Built-up,Agriculture,Built-up,Agriculture,Other Change
5748.0,12,Guwahati,26.2689397801009,91.82179083968316,4,4,2,2,3,0.696087,3,0.726841,Agriculture,Agriculture,Built-up,Built-up,No Change
5749.0,12,Guwahati,26.16563352242716,91.77184450988612,6,6,3,3,3,0.879349,3,0.972465,Built-up,Built-up,Built-up,Built-up,No Change
5750.0,12,Guwahati,26.14919435272777,91.71399300558882,1,4,1,2,1,0.64493,2,0.640874,Vegetation,Agriculture,Vegetation,Agriculture,Agriculture Gain
5751.0,12,Guwahati,26.310711440812454,91.78406159775014,4,7,2,4,2,0.728964,4,0.979201,Agriculture,Barren,Agriculture,Barren,Agriculture Loss
5752.0,12,Guwahati,26.192313486365503,91.63215648320552,7,7,4,4,4,0.588919,3,0.50196,Barren,Barren,Barren,Built-up,Urban Expansion
5753.0,12,Guwahati,25.960368480005844,91.6980928250599,1,1,1,1,1,0.924373,1,0.947832,Vegetation,Vegetation,Vegetation,Vegetation,No Change
5754.0,12,Guwahati,26.34242197034188,91.63089884180776,1,4,1,2,1,0.486678,0,0.520733,Vegetation,Agriculture,Vegetation,Water,Water Gain
5755.0,12,Guwahati,26.21351372707073,91.56235738562944,4,4,2,2,2,0.901665,2,0.766325,Agriculture,Agriculture,Agriculture,Agriculture,No Change
5756.0,12,Guwahati,26.180186230029893,91.80193807190412,1,6,1,3,3,0.374727,3,0.416303,Vegetation,Built-up,Built-up,Built-up,No Change
5757.0,12,Guwahati,26.03834224666742,91.77184450988612,1,1,1,1,1,0.751866,1,0.757524,Vegetation,Vegetation,Vegetation,Vegetation,No Change
5758.0,12,Guwahati,26.02477768587721,91.7273779033222,1,1,1,1,1,0.918246,1,0.815101,Vegetation,Vegetation,Vegetation,Vegetation,No Change
5759.0,12,Guwahati,26.2809772049081,91.89814763883332,1,6,1,3,1,0.81074,3,0.739132,Vegetation,Built-up,Vegetation,Built-up,Vegetation Loss
5760.0,12,Guwahati,26.141738335869576,91.79484138115956,6,6,3,3,3,0.893626,3,0.964835,Built-up,Built-up,Built-up,Built-up,No Change
5761.0,12,Guwahati,26.11883129612453,91.63790570102388,0,0,0,0,0,0.989617,0,0.797342,Water,Water,Water,Water,No Change
5762.0,12,Guwahati,26.185755784791432,91.76151388411871,6,6,3,3,3,0.852014,3,0.949511,Built-up,Built-up,Built-up,Built-up,No Change
5763.0,12,Guwahati,26.26247191005524,91.55993193436233,5,4,1,2,1,0.592504,2,0.617924,Vegetation,Agriculture,Vegetation,Agriculture,Agriculture Gain
5764.0,12,Guwahati,26.04579826352561,91.89410522005475,1,1,1,1,1,0.956374,1,0.851476,Vegetation,Vegetation,Vegetation,Vegetation,No Change
5765.0,12,Guwahati,26.215939178337848,91.8702998650256,6,6,3,3,3,0.942155,3,0.908534,Built-up,Built-up,Built-up,Built-up,No Change
5766.0,12,Guwahati,25.960817637647907,91.76977838473265,1,1,1,1,1,0.90359,1,0.61571,Vegetation,Vegetation,Vegetation,Vegetation,No Change
5767.0,12,Guwahati,26.29714688002225,91.71821508742416,1,6,1,3,1,0.666012,3,0.583767,Vegetation,Built-up,Vegetation,Built-up,Vegetation Loss
5768.0,12,Guwahati,26.072657890520787,91.7513629214082,1,1,1,1,2,0.435273,1,0.491032,Vegetation,Vegetation,Agriculture,Vegetation,Vegetation Gain
5769.0,12,Guwahati,26.228964749957584,91.6417684567456,5,5,1,1,1,0.563833,1,0.573147,Vegetation,Vegetation,Vegetation,Vegetation,No Change
5770.0,12,Guwahati,26.2215985646278,91.70024878174178,6,6,3,3,3,0.460004,3,0.659557,Built-up,Built-up,Built-up,Built-up,No Change
5771.0,12,Guwahati,26.164645375614622,91.61733428101756,5,4,1,2,1,0.475225,2,0.735378,Vegetation,Agriculture,Vegetation,Agriculture,Agriculture Gain
5772.0,12,Guwahati,26.344128769381705,91.59918831227834,1,6,1,3,1,0.819263,3,0.776674,Vegetation,Built-up,Vegetation,Built-up,Vegetation Loss
5773.0,12,Guwahati,26.08020373890739,91.75423753031735,1,1,1,1,1,0.962459,1,0.952666,Vegetation,Vegetation,Vegetation,Vegetation,No Change
5774.0,12,Guwahati,26.233635989435005,91.60700365525018,4,4,2,2,2,0.715258,2,0.896742,Agriculture,Agriculture,Agriculture,Agriculture,No Change
5775.0,12,Guwahati,26.003128287529936,91.86544896249136,1,1,1,1,1,0.844562,1,0.87017,Vegetation,Vegetation,Vegetation,Vegetation,No Change
5776.0,12,Guwahati,26.247649707867268,91.60314089952848,4,4,2,2,2,0.775279,2,0.614424,Agriculture,Agriculture,Agriculture,Agriculture,No Change
5777.0,12,Guwahati,26.0148962177519,91.8853915617988,5,1,1,1,1,0.610281,1,0.797986,Vegetation,Vegetation,Vegetation,Vegetation,No Change
5778.0,12,Guwahati,26.33289982833021,91.70402170593508,1,1,1,1,1,0.347073,3,0.876019,Vegetation,Vegetation,Vegetation,Built-up,Vegetation Loss
5779.0,12,Guwahati,26.33712191016557,91.77912086368748,4,4,2,2,2,0.673988,2,0.627116,Agriculture,Agriculture,Agriculture,Agriculture,No Change
5780.0,12,Guwahati,26.260675279487,91.56307603785672,4,4,2,2,2,0.857818,2,0.853496,Agriculture,Agriculture,Agriculture,Agriculture,No Change
5781.0,12,Guwahati,26.054871247895218,91.65209908251298,1,1,1,1,1,0.889634,1,0.689089,Vegetation,Vegetation,Vegetation,Vegetation,No Change
5782.0,12,Guwahati,26.221778227684627,91.7131845218331,6,6,3,3,3,0.432258,1,0.438009,Built-up,Built-up,Built-up,Vegetation,Vegetation Gain
5783.0,12,Guwahati,26.218993450303856,91.78415142927857,0,7,0,4,0,1.0,4,0.99715,Water,Barren,Water,Barren,Water Loss
5784.0,12,Guwahati,26.27953990045351,91.6891096722187,4,4,2,2,2,0.772272,2,0.864817,Agriculture,Agriculture,Agriculture,Agriculture,No Change
5785.0,12,Guwahati,26.094127625811243,91.6635076866213,1,1,1,1,1,0.882815,1,0.925117,Vegetation,Vegetation,Vegetation,Vegetation,No Change
5786.0,12,Guwahati,25.96611769782421,91.63997182617736,1,1,1,1,1,0.915854,1,0.97686,Vegetation,Vegetation,Vegetation,Vegetation,No Change
5787.0,12,Guwahati,26.21423237929802,91.89617134520824,1,1,1,1,1,0.839144,1,0.838216,Vegetation,Vegetation,Vegetation,Vegetation,No Change
5788.0,12,Guwahati,25.99495361844445,91.56415401619768,1,1,1,1,1,0.860401,1,0.833717,Vegetation,Vegetation,Vegetation,Vegetation,No Change
5789.0,12,Guwahati,26.20623737326936,91.56253704868628,4,4,2,2,2,0.766467,2,0.802629,Agriculture,Agriculture,Agriculture,Agriculture,No Change
5790.0,12,Guwahati,26.161052114478142,91.77651574936353,6,6,3,3,3,0.811262,3,0.950767,Built-up,Built-up,Built-up,Built-up,No Change
5791.0,12,Guwahati,26.069064629384307,91.7243236313562,1,1,1,1,1,0.941511,1,0.978382,Vegetation,Vegetation,Vegetation,Vegetation,No Change
5792.0,12,Guwahati,25.99558243914333,91.7124658696058,1,1,1,1,1,0.983507,1,0.952105,Vegetation,Vegetation,Vegetation,Vegetation,No Change
5793.0,12,Guwahati,26.15072148871077,91.6463498646946,6,6,3,3,3,0.645495,3,0.845145,Built-up,Built-up,Built-up,Built-up,No Change
5794.0,12,Guwahati,26.29436210264148,91.61212405236964,4,4,2,2,2,0.644602,2,0.565691,Agriculture,Agriculture,Agriculture,Agriculture,No Change
5795.0,12,Guwahati,26.254297240969752,91.72980335458932,4,4,2,2,2,0.69372,2,0.684376,Agriculture,Agriculture,Agriculture,Agriculture,No Change
5796.0,12,Guwahati,26.003128287529936,91.87416262074731,1,1,1,1,1,0.954436,1,0.899975,Vegetation,Vegetation,Vegetation,Vegetation,No Change
5797.0,12,Guwahati,26.155931717358666,91.72252700078796,1,6,1,3,1,0.725021,3,0.861628,Vegetation,Built-up,Vegetation,Built-up,Vegetation Loss
5798.0,12,Guwahati,26.05091866064509,91.60601550843764,1,1,1,1,1,0.953398,1,0.794358,Vegetation,Vegetation,Vegetation,Vegetation,No Change
5799.0,12,Guwahati,26.18108454531401,91.84146394440538,6,6,3,3,3,0.882258,3,0.883419,Built-up,Built-up,Built-up,Built-up,No Change
5800.0,12,Guwahati,26.317089479329702,91.81999420911492,4,4,2,2,2,0.798331,2,0.580583,Agriculture,Agriculture,Agriculture,Agriculture,No Change
5801.0,12,Guwahati,26.149463847313005,91.82637224763216,4,6,2,3,2,0.676319,3,0.80412,Agriculture,Built-up,Agriculture,Built-up,Urban Expansion
5802.0,12,Guwahati,26.319425099068415,91.59909848074992,1,6,1,3,1,0.673832,3,0.787128,Vegetation,Built-up,Vegetation,Built-up,Vegetation Loss
5803.0,12,Guwahati,26.2260901410484,91.57906604991406,1,1,1,1,1,0.874704,1,0.775337,Vegetation,Vegetation,Vegetation,Vegetation,No Change
5804.0,12,Guwahati,25.988036590756728,91.58337796327784,1,1,1,1,1,0.908128,1,0.906245,Vegetation,Vegetation,Vegetation,Vegetation,No Change
5805.0,12,Guwahati,26.02450819129198,91.84191310204744,1,6,1,3,1,0.625526,3,0.982775,Vegetation,Built-up,Vegetation,Built-up,Vegetation Loss
5806.0,12,Guwahati,26.140660357528635,91.84029613453602,1,3,1,1,1,0.448831,2,0.420349,Vegetation,Vegetation,Vegetation,Agriculture,Agriculture Gain
5807.0,12,Guwahati,26.180725219200365,91.69090630278694,7,0,4,0,4,0.99746,0,0.997053,Barren,Water,Barren,Water,Water Gain
5808.0,12,Guwahati,26.15934531543832,91.7289948708336,5,6,1,3,1,0.576659,1,0.376483,Vegetation,Built-up,Vegetation,Vegetation,No Change
5809.0,12,Guwahati,26.246481897997917,91.76016641119256,1,6,1,3,3,0.624675,3,0.679943,Vegetation,Built-up,Built-up,Built-up,No Change
5810.0,12,Guwahati,26.29948249976097,91.77813271687496,4,6,2,3,2,0.553923,3,0.882536,Agriculture,Built-up,Agriculture,Built-up,Urban Expansion
5811.0,12,Guwahati,26.2050695634,91.64760750609238,4,5,2,1,2,0.71156,1,0.711506,Agriculture,Vegetation,Agriculture,Vegetation,Vegetation Gain
5812.0,12,Guwahati,26.329396398722142,91.8973391550776,0,6,0,3,0,0.934597,3,0.441818,Water,Built-up,Water,Built-up,Water Loss
5813.0,12,Guwahati,26.115058371931227,91.85413018991146,1,1,1,1,1,0.71838,1,0.936061,Vegetation,Vegetation,Vegetation,Vegetation,No Change
5814.0,12,Guwahati,26.18288117588225,91.57241851681158,3,1,1,1,2,0.382441,1,0.439175,Vegetation,Vegetation,Agriculture,Vegetation,Vegetation Gain
5815.0,12,Guwahati,26.22105957545733,91.73133049057232,4,4,2,2,3,0.376216,3,0.48235,Agriculture,Agriculture,Built-up,Built-up,No Change
5816.0,12,Guwahati,25.968093991449276,91.87425245227574,1,1,1,1,1,0.973253,1,0.880606,Vegetation,Vegetation,Vegetation,Vegetation,No Change
5817.0,12,Guwahati,26.00420626587088,91.87245582170748,1,1,1,1,1,0.657885,1,0.819207,Vegetation,Vegetation,Vegetation,Vegetation,No Change
5818.0,12,Guwahati,26.05864417208852,91.76016641119256,1,1,1,1,1,0.903942,1,0.948599,Vegetation,Vegetation,Vegetation,Vegetation,No Change
5819.0,12,Guwahati,26.227168119389344,91.60161376354546,4,4,2,2,2,0.857035,2,0.858634,Agriculture,Agriculture,Agriculture,Agriculture,No Change
5820.0,12,Guwahati,26.143984124079875,91.64670919080824,1,1,1,1,1,0.656639,1,0.509698,Vegetation,Vegetation,Vegetation,Vegetation,No Change
5821.0,12,Guwahati,26.306938516619155,91.71354384794677,4,4,2,2,3,0.42571,2,0.681882,Agriculture,Agriculture,Built-up,Agriculture,Other Change
5822.0,12,Guwahati,26.10364976782291,91.86697609847435,1,1,1,1,1,0.5016,1,0.471026,Vegetation,Vegetation,Vegetation,Vegetation,No Change
5823.0,12,Guwahati,26.20722552008189,91.71668795144116,1,6,1,3,1,0.871216,3,0.837222,Vegetation,Built-up,Vegetation,Built-up,Vegetation Loss
5824.0,12,Guwahati,26.068525640213835,91.69494872156548,1,1,1,1,1,0.919673,1,0.917633,Vegetation,Vegetation,Vegetation,Vegetation,No Change
5825.0,12,Guwahati,26.20677636243983,91.79600919102892,7,7,4,4,4,0.997312,4,0.988467,Barren,Barren,Barren,Barren,No Change
5826.0,12,Guwahati,26.00330795058676,91.63018018958046,1,1,1,1,1,0.91374,1,0.95759,Vegetation,Vegetation,Vegetation,Vegetation,No Change
5827.0,12,Guwahati,26.26103460560065,91.75342904656166,1,1,1,1,1,0.844788,1,0.760785,Vegetation,Vegetation,Vegetation,Vegetation,No Change
5828.0,12,Guwahati,25.994234966217157,91.8469436676385,1,5,1,1,1,0.579116,1,0.749669,Vegetation,Vegetation,Vegetation,Vegetation,No Change
5829.0,12,Guwahati,26.078047782225504,91.71965239187875,1,1,1,1,1,0.887732,1,0.902161,Vegetation,Vegetation,Vegetation,Vegetation,No Change
5830.0,12,Guwahati,26.03636595304236,91.68587573719589,1,1,1,1,1,0.93044,1,0.867679,Vegetation,Vegetation,Vegetation,Vegetation,No Change
5831.0,12,Guwahati,26.03241336579223,91.75926809590844,1,1,1,1,1,0.958942,1,0.952615,Vegetation,Vegetation,Vegetation,Vegetation,No Change
5832.0,12,Guwahati,26.07077142842413,91.66233987675194,1,1,1,1,1,0.978625,1,0.857479,Vegetation,Vegetation,Vegetation,Vegetation,No Change
5833.0,12,Guwahati,26.01094363050177,91.57044222318652,1,1,1,1,1,0.91656,1,0.673671,Vegetation,Vegetation,Vegetation,Vegetation,No Change
5834.0,12,Guwahati,26.244685267429677,91.88413392040106,0,0,0,0,0,0.976352,0,1.0,Water,Water,Water,Water,No Change
5835.0,12,Guwahati,26.1952779268031,91.87901352328156,1,1,1,1,1,0.878935,1,0.874809,Vegetation,Vegetation,Vegetation,Vegetation,No Change
5836.0,12,Guwahati,26.012380934956365,91.76025624272096,1,1,1,1,1,0.962278,1,0.930748,Vegetation,Vegetation,Vegetation,Vegetation,No Change
5837.0,12,Guwahati,26.149643510369827,91.77840221146018,6,6,3,3,3,0.942681,3,0.977003,Built-up,Built-up,Built-up,Built-up,No Change
5838.0,12,Guwahati,26.130599226346494,91.85305221157051,1,1,1,1,1,0.907606,1,0.838254,Vegetation,Vegetation,Vegetation,Vegetation,No Change
5839.0,12,Guwahati,26.13985187377293,91.6446430656548,6,6,3,3,3,0.736862,3,0.690428,Built-up,Built-up,Built-up,Built-up,No Change
5840.0,12,Guwahati,26.338559214620165,91.58481526773242,1,1,1,1,1,0.746344,1,0.707491,Vegetation,Vegetation,Vegetation,Vegetation,No Change
5841.0,12,Guwahati,26.08442582074275,91.60897994887524,4,6,2,3,2,0.806746,3,0.564475,Agriculture,Built-up,Agriculture,Built-up,Urban Expansion
5842.0,12,Guwahati,26.163747060330504,91.8358045581154,6,6,3,3,3,0.630846,3,0.609357,Built-up,Built-up,Built-up,Built-up,No Change
5843.0,12,Guwahati,26.31214874526705,91.72719824026537,1,1,1,1,1,0.812651,1,0.740431,Vegetation,Vegetation,Vegetation,Vegetation,No Change
5844.0,12,Guwahati,26.12934158494873,91.60134426896022,4,4,2,2,2,0.860243,2,0.794146,Agriculture,Agriculture,Agriculture,Agriculture,No Change
5845.0,12,Guwahati,26.0644832214353,91.6996199610429,1,1,1,1,1,0.853374,1,0.768379,Vegetation,Vegetation,Vegetation,Vegetation,No Change
5846.0,12,Guwahati,26.13913322154563,91.55364372737348,0,0,0,0,0,0.999879,0,1.0,Water,Water,Water,Water,No Change
5847.0,12,Guwahati,26.105266735334325,91.8672455930596,1,1,1,1,1,0.820774,1,0.736681,Vegetation,Vegetation,Vegetation,Vegetation,No Change
5848.0,12,Guwahati,26.105715892976384,91.5583149668509,2,5,1,1,1,0.725791,1,0.769765,Vegetation,Vegetation,Vegetation,Vegetation,No Change
5849.0,12,Guwahati,25.96638719240945,91.80310588177346,1,1,1,1,1,0.879583,1,0.60321,Vegetation,Vegetation,Vegetation,Vegetation,No Change
5850.0,12,Guwahati,26.256812523765287,91.66674162164412,0,0,0,0,0,0.952785,0,0.936691,Water,Water,Water,Water,No Change
5851.0,12,Guwahati,26.31861661531271,91.60592567690924,1,1,1,1,1,0.733013,1,0.771301,Vegetation,Vegetation,Vegetation,Vegetation,No Change
5852.0,12,Guwahati,26.204171248115884,91.56936424484556,4,1,2,1,2,0.821239,1,0.640982,Agriculture,Vegetation,Agriculture,Vegetation,Vegetation Gain
5853.0,12,Guwahati,26.09322931052712,91.7717546783577,1,1,1,1,1,0.877139,1,0.875732,Vegetation,Vegetation,Vegetation,Vegetation,No Change
5854.0,12,Guwahati,26.151440140938067,91.58894751803938,7,6,4,3,4,0.984801,3,0.835905,Barren,Built-up,Barren,Built-up,Urban Expansion
5855.0,12,Guwahati,26.29804519530637,91.78433109233536,4,0,2,0,2,0.572823,0,0.679424,Agriculture,Water,Agriculture,Water,Water Gain
5856.0,12,Guwahati,26.19159483413821,91.57762874545946,3,4,1,2,1,0.451999,2,0.826592,Vegetation,Agriculture,Vegetation,Agriculture,Agriculture Gain
5857.0,12,Guwahati,26.04400163295737,91.78639721748884,1,1,1,1,1,0.852983,1,0.714449,Vegetation,Vegetation,Vegetation,Vegetation,No Change
5858.0,12,Guwahati,26.092061500657767,91.66916707291124,1,1,1,1,1,0.94795,1,0.644714,Vegetation,Vegetation,Vegetation,Vegetation,No Change
5859.0,12,Guwahati,26.321131898108245,91.74085263258398,1,1,1,1,1,0.811329,3,0.350799,Vegetation,Vegetation,Vegetation,Built-up,Vegetation Loss
5860.0,12,Guwahati,25.972495736341457,91.58715088747114,1,1,1,1,1,0.969053,1,0.936765,Vegetation,Vegetation,Vegetation,Vegetation,No Change
5861.0,12,Guwahati,26.33325915444386,91.76591562901092,1,4,1,2,1,0.688291,2,0.744202,Vegetation,Agriculture,Vegetation,Agriculture,Agriculture Gain
5862.0,12,Guwahati,25.952463305505592,91.72342531607208,1,1,1,1,1,0.930193,1,0.988895,Vegetation,Vegetation,Vegetation,Vegetation,No Change
5863.0,12,Guwahati,26.101493811141022,91.60071544826134,6,6,3,3,3,0.866434,3,0.963369,Built-up,Built-up,Built-up,Built-up,No Change
5864.0,12,Guwahati,26.06511204213418,91.5907441486076,4,4,2,2,2,0.775252,2,0.687604,Agriculture,Agriculture,Agriculture,Agriculture,No Change
5865.0,12,Guwahati,26.19015752968362,91.69836231964511,6,6,3,3,3,0.968468,3,0.84714,Built-up,Built-up,Built-up,Built-up,No Change
5866.0,12,Guwahati,26.123592367130364,91.7004284447986,6,6,3,3,3,0.778941,3,0.553801,Built-up,Built-up,Built-up,Built-up,No Change
5867.0,12,Guwahati,26.07005277619684,91.688301188463,1,1,1,1,1,0.921243,1,0.867023,Vegetation,Vegetation,Vegetation,Vegetation,No Change
5868.0,12,Guwahati,26.26750247564631,91.8130771814272,5,5,1,1,1,0.645952,1,0.634553,Vegetation,Vegetation,Vegetation,Vegetation,No Change
5869.0,12,Guwahati,26.34296095951235,91.69234360724153,4,4,2,2,3,0.486691,2,0.452603,Agriculture,Agriculture,Built-up,Agriculture,Other Change
5870.0,12,Guwahati,26.1403908629434,91.61877158547216,6,6,3,3,3,0.89371,3,0.864572,Built-up,Built-up,Built-up,Built-up,No Change
5871.0,12,Guwahati,26.18189302906972,91.7861277229036,7,6,4,3,3,0.863268,3,0.930482,Barren,Built-up,Built-up,Built-up,No Change
5872.0,12,Guwahati,26.185396458677783,91.75127308987976,6,6,3,3,3,0.833033,3,0.900086,Built-up,Built-up,Built-up,Built-up,No Change
5873.0,12,Guwahati,26.31349621819323,91.56074041811802,3,0,1,0,1,0.669236,0,0.728878,Vegetation,Water,Vegetation,Water,Water Gain
5874.0,12,Guwahati,25.973753377739225,91.7274677348506,1,1,1,1,1,0.714381,1,0.741792,Vegetation,Vegetation,Vegetation,Vegetation,No Change
5875.0,12,Guwahati,26.307477505789628,91.75657315005608,1,1,1,1,1,0.902309,1,0.764044,Vegetation,Vegetation,Vegetation,Vegetation,No Change
5876.0,12,Guwahati,26.13329417219885,91.59739168171008,5,4,1,2,2,0.349595,3,0.419924,Vegetation,Agriculture,Agriculture,Built-up,Urban Expansion
5877.0,12,Guwahati,25.98956372673973,91.76106472647668,1,1,1,1,1,0.946352,1,0.945465,Vegetation,Vegetation,Vegetation,Vegetation,No Change
5878.0,12,Guwahati,26.29795536377796,91.66512465413273,1,4,1,2,1,0.820387,2,0.68982,Vegetation,Agriculture,Vegetation,Agriculture,Agriculture Gain
5879.0,12,Guwahati,26.001960477660575,91.58580341454496,1,1,1,1,1,0.906609,1,0.837296,Vegetation,Vegetation,Vegetation,Vegetation,No Change
5880.0,12,Guwahati,26.33532527959733,91.78918199486962,1,4,1,2,1,0.744353,2,0.604675,Vegetation,Agriculture,Vegetation,Agriculture,Agriculture Gain
5881.0,12,Guwahati,26.098349707646605,91.75342904656166,1,1,1,1,1,0.879397,1,0.757803,Vegetation,Vegetation,Vegetation,Vegetation,No Change
5882.0,12,Guwahati,25.989743389796555,91.65883644714388,1,1,1,1,1,0.871234,1,0.921606,Vegetation,Vegetation,Vegetation,Vegetation,No Change
5883.0,12,Guwahati,26.034748985530943,91.83364860143354,1,1,1,1,1,0.911158,1,0.885142,Vegetation,Vegetation,Vegetation,Vegetation,No Change
5884.0,12,Guwahati,25.96099730070473,91.8671557615312,1,1,1,1,1,0.869655,1,0.835436,Vegetation,Vegetation,Vegetation,Vegetation,No Change
5885.0,12,Guwahati,26.085863125197346,91.8393978192519,1,1,1,1,1,0.744565,1,0.861179,Vegetation,Vegetation,Vegetation,Vegetation,No Change
5886.0,12,Guwahati,26.25923797503241,91.81002290946118,4,4,2,2,2,0.59489,2,0.708138,Agriculture,Agriculture,Agriculture,Agriculture,No Change
5887.0,12,Guwahati,26.229413907599643,91.70833361929886,1,4,1,2,1,0.944346,2,0.649855,Vegetation,Agriculture,Vegetation,Agriculture,Agriculture Gain
5888.0,12,Guwahati,26.12718562826684,91.75414769878896,6,6,3,3,3,0.804594,3,0.925386,Built-up,Built-up,Built-up,Built-up,No Change
5889.0,12,Guwahati,26.13922305307404,91.73168981668596,6,6,3,3,3,0.917891,3,0.863975,Built-up,Built-up,Built-up,Built-up,No Change
5890.0,12,Guwahati,26.02441835976357,91.59712218712488,1,1,1,1,1,0.745749,1,0.864745,Vegetation,Vegetation,Vegetation,Vegetation,No Change
5891.0,12,Guwahati,26.29535024945401,91.57816773462994,6,6,3,3,3,0.593013,3,0.597353,Built-up,Built-up,Built-up,Built-up,No Change
5892.0,12,Guwahati,26.18943887745632,91.88314577358852,1,1,1,1,1,0.944976,1,0.948923,Vegetation,Vegetation,Vegetation,Vegetation,No Change
5893.0,12,Guwahati,26.143894292551465,91.7018657492532,6,6,3,3,3,0.876885,3,0.869921,Built-up,Built-up,Built-up,Built-up,No Change
5894.0,12,Guwahati,26.27909074281145,91.71057940750916,1,1,1,1,1,0.48111,3,0.295673,Vegetation,Vegetation,Vegetation,Built-up,Vegetation Loss
5895.0,12,Guwahati,25.96521938254009,91.57089138082856,1,1,1,1,1,0.896316,1,0.936229,Vegetation,Vegetation,Vegetation,Vegetation,No Change
5896.0,12,Guwahati,26.232468179565647,91.74121195869763,1,4,1,2,1,0.797656,2,0.725223,Vegetation,Agriculture,Vegetation,Agriculture,Agriculture Gain
5897.0,12,Guwahati,26.081730874890397,91.71138789126486,1,1,1,1,1,0.926881,1,0.696465,Vegetation,Vegetation,Vegetation,Vegetation,No Change
5898.0,12,Guwahati,26.237768239741957,91.88871532835006,0,0,0,0,3,0.795468,0,0.930924,Water,Water,Built-up,Water,Water Gain
5899.0,12,Guwahati,26.06681884117401,91.80759745819408,1,1,1,1,1,0.826835,1,0.802102,Vegetation,Vegetation,Vegetation,Vegetation,No Change
5900.0,12,Guwahati,25.97689748123365,91.62011905839832,1,1,1,1,1,0.988943,1,0.994702,Vegetation,Vegetation,Vegetation,Vegetation,No Change
5901.0,12,Guwahati,26.34206264422823,91.65111093570044,4,4,2,2,2,0.729874,2,0.780891,Agriculture,Agriculture,Agriculture,Agriculture,No Change
5902.0,12,Guwahati,26.220790080872096,91.83059432946752,7,7,4,4,3,0.829284,4,0.957076,Barren,Barren,Built-up,Barren,Other Change
5903.0,12,Guwahati,26.26471769826554,91.82143151356952,6,6,3,3,3,0.47096,3,0.972232,Built-up,Built-up,Built-up,Built-up,No Change
5904.0,12,Guwahati,26.212615411786608,91.64724817997872,4,1,2,1,2,0.604963,1,0.863465,Agriculture,Vegetation,Agriculture,Vegetation,Vegetation Gain
5905.0,12,Guwahati,26.065201873662595,91.89473404075366,1,4,1,2,1,0.477438,2,0.721065,Vegetation,Agriculture,Vegetation,Agriculture,Agriculture Gain
5906.0,12,Guwahati,26.07472401567426,91.775527602551,1,1,1,1,1,0.899531,1,0.4404,Vegetation,Vegetation,Vegetation,Vegetation,No Change
5907.0,12,Guwahati,26.209471308292187,91.69872164575878,1,1,1,1,1,0.64469,1,0.761628,Vegetation,Vegetation,Vegetation,Vegetation,No Change
5908.0,12,Guwahati,26.3080164949601,91.72315582148684,1,6,1,3,1,0.65551,3,0.694473,Vegetation,Built-up,Vegetation,Built-up,Vegetation Loss
5909.0,12,Guwahati,26.057296699162343,91.57178969611267,4,4,2,2,2,0.856333,2,0.79948,Agriculture,Agriculture,Agriculture,Agriculture,No Change
5910.0,12,Guwahati,26.174257349154704,91.85610648353652,1,1,1,1,1,0.930526,1,0.672704,Vegetation,Vegetation,Vegetation,Vegetation,No Change
5911.0,12,Guwahati,26.001241825433283,91.81972471452968,1,1,1,1,1,0.939177,1,0.748126,Vegetation,Vegetation,Vegetation,Vegetation,No Change
5912.0,12,Guwahati,25.98525181337596,91.73851701284528,1,1,1,1,1,0.969359,1,0.910621,Vegetation,Vegetation,Vegetation,Vegetation,No Change
5913.0,12,Guwahati,26.11838213848247,91.8340977590756,6,6,3,3,3,0.73846,3,0.750642,Built-up,Built-up,Built-up,Built-up,No Change
5914.0,12,Guwahati,26.063045916980705,91.71057940750916,1,1,1,1,1,0.825849,1,0.788877,Vegetation,Vegetation,Vegetation,Vegetation,No Change
5915.0,12,Guwahati,26.000343510149165,91.8229586495525,1,1,1,1,1,0.950678,1,0.753851,Vegetation,Vegetation,Vegetation,Vegetation,No Change
5916.0,12,Guwahati,26.200308492394168,91.8701202019688,1,1,1,1,1,0.966996,1,0.942843,Vegetation,Vegetation,Vegetation,Vegetation,No Change
5917.0,12,Guwahati,26.13176703621585,91.59523572502822,4,4,2,2,2,0.609062,2,0.703405,Agriculture,Agriculture,Agriculture,Agriculture,No Change
5918.0,12,Guwahati,26.309094473301045,91.72091003327654,1,6,1,3,1,0.587037,3,0.97217,Vegetation,Built-up,Vegetation,Built-up,Vegetation Loss
5919.0,12,Guwahati,26.200937313093053,91.81720943173414,1,1,1,1,1,0.789614,2,0.534703,Vegetation,Vegetation,Vegetation,Agriculture,Agriculture Gain
5920.0,12,Guwahati,26.060710297242,91.6193105746426,1,1,1,1,1,0.893925,1,0.65309,Vegetation,Vegetation,Vegetation,Vegetation,No Change
5921.0,12,Guwahati,26.12673647062478,91.73779836061796,6,6,3,3,3,0.829439,3,0.876797,Built-up,Built-up,Built-up,Built-up,No Change
5922.0,12,Guwahati,26.33173201846085,91.57457447349346,1,6,1,3,1,0.654881,3,0.672015,Vegetation,Built-up,Vegetation,Built-up,Vegetation Loss
5923.0,12,Guwahati,26.11658550791423,91.66799926304188,0,0,0,0,0,0.999735,0,0.988978,Water,Water,Water,Water,No Change
5924.0,12,Guwahati,26.163747060330504,91.8604183969003,1,1,1,1,1,0.952318,1,0.916206,Vegetation,Vegetation,Vegetation,Vegetation,No Change
5925.0,12,Guwahati,26.01804032124632,91.79475154963116,1,1,1,1,1,0.702393,1,0.724102,Vegetation,Vegetation,Vegetation,Vegetation,No Change
5926.0,12,Guwahati,26.0006130047344,91.85871159786046,1,1,1,1,1,0.924281,1,0.945893,Vegetation,Vegetation,Vegetation,Vegetation,No Change
5927.0,12,Guwahati,25.972765230926694,91.59712218712488,1,1,1,1,1,0.978766,1,0.994063,Vegetation,Vegetation,Vegetation,Vegetation,No Change
5928.0,12,Guwahati,26.085144472970047,91.74157128481129,1,1,1,1,1,0.834174,1,0.963743,Vegetation,Vegetation,Vegetation,Vegetation,No Change
5929.0,12,Guwahati,26.14012136835816,91.66314836050763,0,3,0,1,0,0.746613,1,0.547217,Water,Vegetation,Water,Vegetation,Water Loss
5930.0,12,Guwahati,26.10535656686273,91.86059805995713,5,6,1,3,1,0.471073,3,0.508289,Vegetation,Built-up,Vegetation,Built-up,Vegetation Loss
5931.0,12,Guwahati,25.961895615988848,91.7934939082334,1,1,1,1,1,0.948791,1,0.941635,Vegetation,Vegetation,Vegetation,Vegetation,No Change
5932.0,12,Guwahati,26.234085147077064,91.7612443895335,1,7,1,4,1,0.869967,4,0.986359,Vegetation,Barren,Vegetation,Barren,Vegetation Loss
5933.0,12,Guwahati,25.988934906040846,91.5643336792545,1,1,1,1,1,0.878086,1,0.69957,Vegetation,Vegetation,Vegetation,Vegetation,No Change
5934.0,12,Guwahati,26.10023616974325,91.8582624402184,1,5,1,1,1,0.854308,1,0.444904,Vegetation,Vegetation,Vegetation,Vegetation,No Change
5935.0,12,Guwahati,26.086851272009877,91.87757621882696,6,6,3,3,3,0.533211,3,0.577745,Built-up,Built-up,Built-up,Built-up,No Change
5936.0,12,Guwahati,25.98013141625648,91.70554884191807,1,1,1,1,1,0.965414,1,0.946203,Vegetation,Vegetation,Vegetation,Vegetation,No Change
5937.0,12,Guwahati,26.343679611739645,91.67060437736583,1,1,1,1,1,0.93298,1,0.909596,Vegetation,Vegetation,Vegetation,Vegetation,No Change
5938.0,12,Guwahati,26.08424615768593,91.7124658696058,1,1,1,1,1,0.75573,1,0.875431,Vegetation,Vegetation,Vegetation,Vegetation,No Change
5939.0,12,Guwahati,26.1253889976986,91.61419017752311,4,6,2,3,2,0.580518,3,0.63938,Agriculture,Built-up,Agriculture,Built-up,Urban Expansion
5940.0,12,Guwahati,25.959919322363785,91.84981827654768,1,1,1,1,1,0.556994,1,0.793836,Vegetation,Vegetation,Vegetation,Vegetation,No Change
5941.0,12,Guwahati,26.324725159244725,91.76717327040868,4,4,2,2,2,0.686314,2,0.736284,Agriculture,Agriculture,Agriculture,Agriculture,No Change
5942.0,12,Guwahati,26.12107708433483,91.70285389606572,6,6,3,3,3,0.979753,3,0.932057,Built-up,Built-up,Built-up,Built-up,No Change
5943.0,12,Guwahati,26.314664028062584,91.68362994898555,1,1,1,1,1,0.709523,1,0.513599,Vegetation,Vegetation,Vegetation,Vegetation,No Change
5944.0,12,Guwahati,26.016423353734904,91.66602296941684,1,1,1,1,1,0.968681,1,0.948657,Vegetation,Vegetation,Vegetation,Vegetation,No Change
5945.0,12,Guwahati,26.073376542748083,91.71740660366846,1,1,1,1,1,0.881726,1,0.908464,Vegetation,Vegetation,Vegetation,Vegetation,No Change
5946.0,12,Guwahati,26.12862293272143,91.86302351122424,1,1,1,1,1,0.489539,1,0.503453,Vegetation,Vegetation,Vegetation,Vegetation,No Change
5947.0,12,Guwahati,26.19707455737134,91.55337423278824,4,4,2,2,2,0.640168,2,0.673247,Agriculture,Agriculture,Agriculture,Agriculture,No Change
5948.0,12,Guwahati,26.092869984413475,91.60026629061927,1,1,1,1,1,0.710427,1,0.654059,Vegetation,Vegetation,Vegetation,Vegetation,No Change
5949.0,12,Guwahati,26.30145879338603,91.64302609814337,4,4,2,2,2,0.762517,2,0.874284,Agriculture,Agriculture,Agriculture,Agriculture,No Change
5950.0,12,Guwahati,26.255734545424342,91.67554511142848,4,4,2,2,2,0.789148,2,0.868196,Agriculture,Agriculture,Agriculture,Agriculture,No Change
5951.0,12,Guwahati,26.128353438136195,91.64275660355813,0,0,0,0,0,0.95998,0,0.704639,Water,Water,Water,Water,No Change
5952.0,12,Guwahati,26.31726914238653,91.6192207431142,4,4,2,2,2,0.678782,2,0.774161,Agriculture,Agriculture,Agriculture,Agriculture,No Change
5953.0,12,Guwahati,26.33784056239287,91.78648704901724,1,4,1,2,1,0.714153,2,0.823263,Vegetation,Agriculture,Vegetation,Agriculture,Agriculture Gain
5954.0,12,Guwahati,26.16581318548398,91.80310588177346,5,1,1,1,1,0.710241,1,0.521333,Vegetation,Vegetation,Vegetation,Vegetation,No Change
5955.0,12,Guwahati,26.263729551453007,91.83921815619507,0,7,0,4,0,0.396856,3,0.88209,Water,Barren,Water,Built-up,Water Loss
5956.0,12,Guwahati,25.98228737293836,91.63628873351249,1,1,1,1,1,0.890818,1,0.852556,Vegetation,Vegetation,Vegetation,Vegetation,No Change
5957.0,12,Guwahati,26.195008432217865,91.87434228380414,5,5,1,1,1,0.969714,1,0.803685,Vegetation,Vegetation,Vegetation,Vegetation,No Change
5958.0,12,Guwahati,26.024867517405628,91.78388193469333,1,1,1,1,1,0.638039,1,0.662833,Vegetation,Vegetation,Vegetation,Vegetation,No Change
5959.0,12,Guwahati,26.2508836428901,91.60628500302288,4,1,2,1,2,0.578748,1,0.678465,Agriculture,Vegetation,Agriculture,Vegetation,Vegetation Gain
5960.0,12,Guwahati,26.038971067366305,91.71569980462864,1,1,1,1,1,0.886226,1,0.905417,Vegetation,Vegetation,Vegetation,Vegetation,No Change
5961.0,12,Guwahati,26.226718961747284,91.61365118835266,6,6,3,3,3,0.880327,3,0.939966,Built-up,Built-up,Built-up,Built-up,No Change
5962.0,12,Guwahati,26.19491860068945,91.70725564095792,6,6,3,3,3,0.996228,3,0.976909,Built-up,Built-up,Built-up,Built-up,No Change
5963.0,12,Guwahati,26.158626663211024,91.87847453411108,1,1,1,1,1,0.972183,1,0.925188,Vegetation,Vegetation,Vegetation,Vegetation,No Change
5964.0,12,Guwahati,26.12287371490307,91.80130925120524,6,6,3,3,3,0.923942,3,0.888634,Built-up,Built-up,Built-up,Built-up,No Change
5965.0,12,Guwahati,26.207405183138714,91.59334926293155,4,4,2,2,2,0.696118,2,0.893065,Agriculture,Agriculture,Agriculture,Agriculture,No Change
5966.0,12,Guwahati,26.290858673033416,91.88422375192944,0,4,0,2,0,0.636046,2,0.748005,Water,Agriculture,Water,Agriculture,Water Loss
5967.0,12,Guwahati,26.077778287640268,91.78352260857966,1,1,1,1,1,0.923828,1,0.947549,Vegetation,Vegetation,Vegetation,Vegetation,No Change
5968.0,12,Guwahati,26.27953990045351,91.8747016099178,8,7,4,4,4,0.981513,4,0.987199,Barren,Barren,Barren,Barren,No Change
5969.0,12,Guwahati,26.05900349820217,91.65569234364943,1,1,1,1,1,0.842877,1,0.972291,Vegetation,Vegetation,Vegetation,Vegetation,No Change
5970.0,12,Guwahati,26.106973534374152,91.70393187440668,1,6,1,3,1,0.637842,3,0.860942,Vegetation,Built-up,Vegetation,Built-up,Vegetation Loss
5971.0,12,Guwahati,25.954798925244305,91.58751021358478,1,1,1,1,1,0.828968,1,0.789598,Vegetation,Vegetation,Vegetation,Vegetation,No Change
5972.0,12,Guwahati,26.11047696398222,91.85269288545686,6,6,3,3,3,0.715577,3,0.615161,Built-up,Built-up,Built-up,Built-up,No Change
5973.0,12,Guwahati,26.005553738797055,91.75836978062432,1,1,1,1,1,0.700554,2,0.746136,Vegetation,Vegetation,Vegetation,Agriculture,Agriculture Gain
5974.0,12,Guwahati,26.234085147077064,91.74821881791377,1,1,1,1,1,0.788632,1,0.852949,Vegetation,Vegetation,Vegetation,Vegetation,No Change
5975.0,12,Guwahati,26.15970464155197,91.59532555655662,0,0,0,0,0,0.985532,0,0.999215,Water,Water,Water,Water,No Change
5976.0,12,Guwahati,26.192133823308684,91.76223253634603,6,6,3,3,3,0.830361,3,0.879605,Built-up,Built-up,Built-up,Built-up,No Change
5977.0,12,Guwahati,26.041216855576604,91.86751508764485,6,6,3,3,3,0.831669,3,0.854144,Built-up,Built-up,Built-up,Built-up,No Change
5978.0,12,Guwahati,26.140480694471808,91.63682772268294,6,6,3,3,3,0.516064,2,0.486931,Built-up,Built-up,Built-up,Agriculture,Other Change
5979.0,12,Guwahati,26.25555488236752,91.72252700078796,1,1,1,1,1,0.949153,1,0.888887,Vegetation,Vegetation,Vegetation,Vegetation,No Change
5980.0,12,Guwahati,26.100685327385317,91.69378091169612,1,1,1,1,1,0.703678,1,0.690226,Vegetation,Vegetation,Vegetation,Vegetation,No Change
5981.0,12,Guwahati,25.96818382297769,91.65955509937118,1,1,1,1,1,0.960728,1,0.919903,Vegetation,Vegetation,Vegetation,Vegetation,No Change
5982.0,12,Guwahati,25.99558243914333,91.88063049079298,1,1,1,1,1,0.773461,1,0.86983,Vegetation,Vegetation,Vegetation,Vegetation,No Change
5983.0,12,Guwahati,25.99414513468874,91.70698614637269,1,1,1,1,1,0.955541,1,0.944901,Vegetation,Vegetation,Vegetation,Vegetation,No Change
5984.0,12,Guwahati,26.217735808906088,91.87065919113924,6,6,3,3,3,0.976078,3,0.877009,Built-up,Built-up,Built-up,Built-up,No Change
5985.0,12,Guwahati,26.31214874526705,91.6402413207626,1,6,1,3,1,0.942013,3,0.767817,Vegetation,Built-up,Vegetation,Built-up,Vegetation Loss
5986.0,12,Guwahati,25.96782449686404,91.73743903450432,1,1,1,1,1,0.940376,1,0.788209,Vegetation,Vegetation,Vegetation,Vegetation,No Change
5987.0,12,Guwahati,26.102931115595613,91.59083398013604,6,6,3,3,3,0.677387,3,0.59767,Built-up,Built-up,Built-up,Built-up,No Change
5988.0,12,Guwahati,26.12565849228384,91.55786580920883,6,6,3,3,3,0.875316,3,0.932708,Built-up,Built-up,Built-up,Built-up,No Change
5989.0,12,Guwahati,26.204171248115884,91.87308464240638,1,1,1,1,1,0.708735,1,0.854042,Vegetation,Vegetation,Vegetation,Vegetation,No Change
5990.0,12,Guwahati,26.136078949579623,91.59685269253964,4,6,2,3,2,0.77643,3,0.691194,Agriculture,Built-up,Agriculture,Built-up,Urban Expansion
5991.0,12,Guwahati,26.117932980840408,91.58885768651096,5,4,1,2,1,0.5149,2,0.79029,Vegetation,Agriculture,Vegetation,Agriculture,Agriculture Gain
5992.0,12,Guwahati,26.281426362550164,91.61607663961978,5,4,1,2,1,0.467459,2,0.811418,Vegetation,Agriculture,Vegetation,Agriculture,Agriculture Gain
5993.0,12,Guwahati,26.110836290095865,91.8950035353389,1,1,1,1,1,0.695156,1,0.74627,Vegetation,Vegetation,Vegetation,Vegetation,No Change
5994.0,12,Guwahati,26.24225981616255,91.75172224752184,1,1,1,1,1,0.767749,1,0.454993,Vegetation,Vegetation,Vegetation,Vegetation,No Change
5995.0,12,Guwahati,26.290679009976596,91.60170359507389,1,1,1,1,1,0.821908,1,0.794386,Vegetation,Vegetation,Vegetation,Vegetation,No Change
5996.0,12,Guwahati,26.183420165052723,91.88341526817376,1,1,1,1,1,0.732381,1,0.83666,Vegetation,Vegetation,Vegetation,Vegetation,No Change
5997.0,12,Guwahati,26.33972702448952,91.8221501657968,6,6,3,3,3,0.722118,3,0.928149,Built-up,Built-up,Built-up,Built-up,No Change
5998.0,12,Guwahati,26.343140622569173,91.802566892603,1,6,1,3,0,0.552525,3,0.391199,Vegetation,Built-up,Water,Built-up,Water Loss
5999.0,12,Guwahati,26.195637252916747,91.80624998526788,1,6,1,3,1,0.700183,3,0.606056,Vegetation,Built-up,Vegetation,Built-up,Vegetation Loss
